Date,Open,High,Low,Close,Volume,Dividends,Stock Splits
2001-01-04,1568.891357421875,1568.891357421875,1553.8058636005107,1568.891357421875,600,0.0,0
2001-01-05,1483.4071432543606,1503.5212372958517,1463.2931965321748,1465.8074951171875,1200,0.0,0
2001-01-08,1465.8074951171875,1465.8074951171875,1465.8074951171875,1465.8074951171875,0,0.0,0
2001-01-09,1503.520774495021,1503.520774495021,1423.0647177329581,1455.75,2600,0.0,0
2001-01-10,1455.7503384854283,1455.7503384854283,1382.837158203125,1382.837158203125,900,0.0,0
2001-01-11,1375.2945895219839,1407.979736328125,1337.5808452692725,1407.979736328125,1200,0.0,0
2001-01-12,1390.3800872230686,1407.979736328125,1390.3800872230686,1407.979736328125,900,0.0,0
2001-01-15,1458.2649259130776,1458.2649259130776,1430.608080036621,1453.236328125,600,0.0,0
2001-01-16,1433.1224012057203,1493.4643970459613,1433.1224012057203,1483.4073486328125,1000,0.0,0
2001-01-17,1508.54931640625,1508.54931640625,1508.54931640625,1508.54931640625,300,0.0,0
2001-01-18,1583.977061878551,1659.404541015625,1583.977061878551,1659.404541015625,2400,0.0,0
2001-01-19,1709.689607167631,1830.373582904624,1684.547210435295,1815.2880859375,3600,0.0,0
2001-01-22,1850.487965135769,1860.5448664665205,1825.345417170232,1835.4024658203125,1800,0.0,0
2001-01-23,1810.2598302889935,1830.373779296875,1759.9748841096289,1830.373779296875,1300,0.0,0
2001-01-24,1805.2315673828125,1805.2315673828125,1805.2315673828125,1805.2315673828125,100,0.0,0
2001-01-25,1785.1170920032516,1835.4021801065362,1709.689607167631,1815.2880859375,1300,0.0,0
2001-01-26,1885.6867740028783,2011.3991764966438,1860.5442345764136,2006.3707275390625,1000,0.0,0
2001-01-29,2011.3998946859115,2086.827392578125,2011.3998946859115,2086.827392578125,900,0.0,0
2001-01-30,2086.8269305424865,2086.8269305424865,1986.2570538325133,2036.5419921875,1000,0.0,0
2001-01-31,2036.5419921875,2061.684535024643,2011.3994493503571,2036.5419921875,800,0.0,0
2001-02-01,1956.0861692236233,1956.0861692236233,1885.6871337890625,1885.6871337890625,1500,0.0,0
2001-02-02,1885.6869263161254,1925.9149631839666,1885.6869263161254,1910.8294677734375,600,0.0,0
2001-02-05,1915.8582684641449,1966.143213280649,1915.8582684641449,1920.88671875,700,0.0,0
2001-02-06,2011.3985310336764,2061.68359375,2011.3985310336764,2061.68359375,1600,0.0,0
2001-02-07,2086.82597778893,2086.82597778893,2011.3985310336764,2061.68359375,700,0.0,0
2001-02-08,2056.6564012513795,2056.6564012513795,2011.39990234375,2011.39990234375,200,0.0,0
2001-02-09,2046.5994997070165,2061.684999342893,2011.39990234375,2011.39990234375,900,0.0,0
2001-02-12,2011.39990234375,2011.39990234375,2011.39990234375,2011.39990234375,0,0.0,0
2001-02-13,2051.627950479198,2051.627950479198,2011.39990234375,2011.39990234375,1300,0.0,0
2001-02-14,2011.39990234375,2011.39990234375,2011.39990234375,2011.39990234375,100,0.0,0
2001-02-15,1966.1427920491824,2056.65576171875,1966.1427920491824,2056.65576171875,2400,0.0,0
2001-02-16,1961.1144163836427,2006.370902915573,1961.1144163836427,1986.2569580078125,1600,0.0,0
2001-02-19,2016.4281927585428,2086.827082104596,2016.4281927585428,2066.713134765625,1800,0.0,0
2001-02-20,2111.968741187517,2162.253662109375,2111.968741187517,2162.253662109375,600,0.0,0
2001-02-21,2137.112489385822,2162.254890470338,2086.827392578125,2086.827392578125,1300,0.0,0
2001-02-22,2066.713134765625,2066.713134765625,2066.713134765625,2066.713134765625,300,0.0,0
2001-02-23,1948.7016372680664,1948.7016372680664,1936.597900390625,1936.597900390625,200,10.0,0
2001-02-26,2178.672957136824,2239.191650390625,2178.672957136824,2239.191650390625,1900,0.0,0
2001-02-27,2275.50202981839,2372.3319034276833,2275.50202981839,2311.813232421875,2200,0.0,0
2001-02-28,2311.8138532741095,2311.8138532741095,2227.0876911122314,2251.295166015625,800,0.0,0
2001-03-01,2221.0358442826705,2221.0358442826705,2118.1540749289775,2130.2578125,500,0.0,0
2001-03-02,2136.3097683376736,2214.984065755208,2130.2578993055554,2178.6728515625,600,0.0,0
2001-03-05,2087.894287109375,2087.894287109375,2087.894287109375,2087.894287109375,100,0.0,0
2001-03-06,2087.894287109375,2087.894287109375,2087.894287109375,2087.894287109375,0,0.0,0
2001-03-07,2118.15380859375,2118.15380859375,2069.7388643973213,2118.15380859375,1700,0.0,0
2001-03-08,2172.6209825303818,2208.9321967230903,2142.3616373697914,2178.6728515625,900,0.0,0
2001-03-09,2239.19154188368,2239.19154188368,2178.6728515625,2178.6728515625,500,0.0,0
2001-03-12,2124.205787461945,2124.205787461945,2112.10205078125,2112.10205078125,1900,0.0,0
2001-03-13,2142.36083984375,2142.36083984375,2142.36083984375,2142.36083984375,100,0.0,0
2001-03-14,2142.36083984375,2142.36083984375,2142.36083984375,2142.36083984375,0,0.0,0
2001-03-15,2027.3756121206973,2087.894287109375,2027.3756121206973,2087.894287109375,200,0.0,0
2001-03-16,2112.1019405691964,2118.15380859375,2112.1019405691964,2118.15380859375,200,0.0,0
2001-03-19,2118.15380859375,2118.15380859375,2118.15380859375,2118.15380859375,0,0.0,0
2001-03-20,2118.15380859375,2118.15380859375,2118.15380859375,2118.15380859375,0,0.0,0
2001-03-21,2118.15380859375,2118.15380859375,2118.15380859375,2118.15380859375,0,0.0,0
2001-03-22,2178.6725945723683,2299.7099609375,2178.6725945723683,2299.7099609375,1100,0.0,0
2001-03-23,2293.6582050030047,2360.228759765625,2293.6582050030047,2360.228759765625,1100,0.0,0
2001-03-26,2414.6958640769676,2451.007080078125,2414.6958640769676,2451.007080078125,900,0.0,0
2001-03-27,2511.5252090081935,2511.5252090081935,2481.265869140625,2481.265869140625,1300,0.0,0
2001-03-28,2481.2660027942516,2487.31787109375,2481.2660027942516,2487.31787109375,300,0.0,0
2001-03-29,2481.265508742559,2541.7841796875,2481.265508742559,2541.7841796875,1100,0.0,0
2001-03-30,2565.992431640625,2565.992431640625,2565.992431640625,2565.992431640625,100,0.0,0
2001-04-02,2475.2141344947536,2487.31787109375,2475.2141344947536,2487.31787109375,300,0.0,0
2001-04-03,2414.695446166992,2420.747314453125,2414.695446166992,2420.747314453125,1600,0.0,0
2001-04-04,2420.747314453125,2420.747314453125,2420.747314453125,2420.747314453125,0,0.0,0
2001-04-05,2305.7620072798295,2329.969482421875,2305.7620072798295,2329.969482421875,200,0.0,0
2001-04-06,2378.3837681361606,2541.7841796875,2378.3837681361606,2541.7841796875,2900,0.0,0
2001-04-09,2511.5248442150296,2541.7841796875,2481.265508742559,2541.7841796875,1500,0.0,0
2001-04-10,2408.643310546875,2408.643310546875,2408.643310546875,2408.643310546875,200,0.0,0
2001-04-11,2354.1767758018095,2354.1767758018095,2269.450619346217,2299.7099609375,500,0.0,0
2001-04-12,2293.658363172743,2293.658363172743,2087.894816080729,2178.6728515625,2400,0.0,0
2001-04-13,2184.7249871428903,2184.7249871428903,2033.4282428809172,2045.531982421875,4300,0.0,0
2001-04-16,2015.271702700151,2057.6347715256798,2003.16796875,2003.16796875,1100,0.0,0
2001-04-17,2033.4276633522727,2033.4276633522727,1997.1164550781248,1997.116455078125,400,0.0,0
2001-04-18,2015.2721473623853,2015.2721473623853,1966.8572008792048,1978.9609375,800,0.0,0
2001-04-19,2039.47900390625,2069.73833630842,2027.375270945382,2039.47900390625,6500,0.0,0
2001-04-20,2069.7385054758306,2069.7385054758306,1997.1161017749246,2003.16796875,3600,0.0,0
2001-04-23,2033.4281499335107,2033.4281499335107,1991.0650634765625,1991.0650634765625,1600,0.0,0
2001-04-24,1991.0648081709699,1997.116676888815,1985.012939453125,1985.012939453125,2700,0.0,0
2001-04-25,1954.7535316077797,2021.3240853157847,1936.5979260510512,2015.272216796875,1200,0.0,0
2001-04-26,1954.7535316077797,2021.3240853157847,1936.5979260510512,2015.272216796875,1200,0.0,0
2001-04-27,2045.531430792183,2099.9982440381286,2045.531430792183,2075.790771484375,900,0.0,0
2001-04-30,2075.790771484375,2075.790771484375,2075.790771484375,2075.790771484375,0,0.0,0
2001-05-01,2118.1536246037135,2118.1536246037135,2045.5312146173005,2087.894287109375,1500,0.0,0
2001-05-02,2093.9459673713236,2106.0497012867645,2057.634765625,2057.634765625,2200,0.0,0
2001-05-03,2057.634765625,2057.634765625,2057.634765625,2057.634765625,0,0.0,0
2001-05-04,2057.634765625,2057.634765625,2057.634765625,2057.634765625,0,0.0,0
2001-05-07,2057.6351670690597,2093.9463758996903,2057.6351670690597,2075.790771484375,20,0.0,0
2001-05-08,2093.945746527778,2208.931206597222,2093.945746527778,2124.205078125,24,0.0,0
2001-05-09,2208.931995433765,2239.1913378369677,2148.4133106273607,2202.880126953125,32,0.0,0
2001-05-10,2239.1912256528253,2239.1912256528253,2154.4650711686645,2208.931884765625,15,0.0,0
2001-05-11,2142.36083984375,2142.36083984375,2142.36083984375,2142.36083984375,2,0.0,0
2001-05-14,2130.258014547414,2130.258014547414,2106.050537109375,2106.050537109375,11,0.0,0
2001-05-15,2093.9461546082425,2093.9461546082425,2087.894287109375,2087.894287109375,600,0.0,0
2001-05-16,2087.894397114598,2087.894397114598,2081.842529296875,2081.842529296875,300,0.0,0
2001-05-17,2069.738499540441,2118.153435202206,2057.634765625,2057.634765625,1800,0.0,0
2001-05-18,2057.6347715256798,2057.6347715256798,1997.1161017749246,2003.16796875,2500,0.0,0
2001-05-21,2009.2201911695074,2009.2201911695074,1997.1164550781248,1997.116455078125,1600,0.0,0
2001-05-22,1997.1158991887019,2009.2196319110576,1966.8565673828123,1966.8565673828125,4200,0.0,0
2001-05-23,1966.85700698805,1966.85700698805,1942.6495361328125,1942.6495361328125,1500,0.0,0
2001-05-24,1948.7019770196143,2009.2206719581118,1948.7019770196143,1991.0650634765625,600,0.0,0
2001-05-25,2069.7391015029534,2069.7391015029534,1985.012939453125,1985.012939453125,800,0.0,0
2001-05-28,1954.7528346604565,1966.8565673828123,1936.597235576923,1966.8565673828125,600,0.0,0
2001-05-29,1936.597900390625,1966.8572425842285,1936.597900390625,1936.597900390625,600,0.0,0
2001-05-30,1936.5978889106582,1936.5978889106582,1930.5460205078125,1930.5460205078125,1100,0.0,0
2001-05-31,1930.5460319519043,1936.597900390625,1876.079216003418,1936.597900390625,800,0.0,0
2001-06-01,1936.597900390625,1936.597900390625,1936.597900390625,1936.597900390625,0,0.0,0
2001-06-04,1936.5983687106918,1936.5983687106918,1924.49462890625,1924.49462890625,500,0.0,0
2001-06-05,1906.3390191995873,1924.49462890625,1906.3390191995873,1924.49462890625,300,0.0,0
2001-06-06,1954.753505706787,1954.753505706787,1894.23482131958,1936.597900390625,2300,0.0,0
2001-06-07,1894.2350862263866,1918.44256336666,1876.0794783711817,1882.13134765625,1500,0.0,0
2001-06-08,1876.0794137423156,1876.0794137423156,1839.768199282787,1845.820068359375,1700,0.0,0
2001-06-11,1845.819268798828,1845.819268798828,1736.8856726074218,1815.5599365234375,5000,0.0,0
2001-06-12,1803.456728782263,1803.456728782263,1773.1973876953125,1773.1973876953125,600,0.0,0
2001-06-13,1758.0679699125744,1779.24951171875,1758.0679699125744,1779.24951171875,700,0.0,0
2001-06-14,1785.300482993602,1788.326416015625,1785.300482993602,1788.326416015625,1400,0.0,0
2001-06-15,1755.041544193482,1833.7158203125,1755.041544193482,1833.7158203125,1300,0.0,0
2001-06-18,1924.4935028545672,1972.9084337439904,1924.4935028545672,1966.8565673828125,2800,0.0,0
2001-06-19,1978.9615381158935,2003.1690187044671,1948.7021873801764,1972.90966796875,2700,0.0,0
2001-06-20,1960.8053741455078,1960.8053741455078,1906.3385581970215,1936.597900390625,1100,0.0,0
2001-06-21,1930.5461654170865,1930.5461654170865,1870.027476846018,1876.079345703125,800,0.0,0
2001-06-22,1845.8200014175907,1876.0793457031248,1815.5606571320563,1876.079345703125,800,0.0,0
2001-06-25,1906.338819420856,1966.8575121008832,1906.338819420856,1948.701904296875,1300,0.0,0
2001-06-26,1930.5459679051448,1930.5459679051448,1839.7679443359375,1839.7679443359375,700,0.0,0
2001-06-27,1839.7681325604838,1894.2349522744455,1839.7681325604838,1876.079345703125,700,0.0,0
2001-06-28,1815.5600478167446,1815.5600478167446,1782.2747802734375,1782.2747802734375,1000,0.0,0
2001-06-29,1997.1166112401465,2087.8946390237898,1997.1166112401465,2015.272216796875,4500,0.0,0
2001-07-02,2027.3757203610357,2027.3757203610357,2021.3238525390625,2021.3238525390625,1100,0.0,0
2001-07-03,2021.3238525390625,2021.3238525390625,2021.3238525390625,2021.3238525390625,400,0.0,0
2001-07-04,1954.753662109375,1954.753662109375,1954.753662109375,1954.753662109375,200,0.0,0
2001-07-05,1954.7534776122252,1966.8572143157064,1857.923583984375,1857.923583984375,900,0.0,0
2001-07-06,1857.92405998182,1924.49462890625,1857.92405998182,1924.49462890625,800,0.0,0
2001-07-09,2057.635551120924,2057.635551120924,1936.5981657608697,1948.701904296875,1100,0.0,0
2001-07-10,1948.701904296875,1948.701904296875,1948.701904296875,1948.701904296875,0,0.0,0
2001-07-11,1821.6118029785155,1821.6118029785155,1815.5599365234375,1815.5599365234375,300,0.0,0
2001-07-12,1815.5598132138325,1815.5598132138325,1788.326416015625,1788.326416015625,1300,0.0,0
2001-07-13,1815.5599365234375,1815.5599365234375,1815.5599365234375,1815.5599365234375,100,0.0,0
2001-07-16,1821.6118029785155,1827.6636694335937,1815.5599365234375,1815.5599365234375,300,0.0,0
2001-07-17,1815.5599365234375,1815.5599365234375,1815.5599365234375,1815.5599365234375,0,0.0,0
2001-07-18,1803.4563141646329,1803.4563141646329,1758.0673129692143,1782.2747802734375,300,0.0,0
2001-07-19,1809.5088538998464,1876.0794137423156,1803.4569848232582,1845.820068359375,2900,0.0,0
2001-07-20,1845.820068359375,1845.820068359375,1845.820068359375,1845.820068359375,0,0.0,0
2001-07-23,1997.1167805989583,1997.1167805989583,1906.3387451171873,1906.3387451171875,4600,0.0,0
2001-07-24,1821.612323017547,1894.2347412109375,1821.612323017547,1894.2347412109375,2400,0.0,0
2001-07-25,1924.49462890625,1924.49462890625,1924.49462890625,1924.49462890625,300,0.0,0
2001-07-26,1876.0794137423156,1876.0794137423156,1833.7163302061988,1845.820068359375,6500,0.0,0
2001-07-27,1845.820068359375,1851.8719374359632,1827.6644611296106,1845.820068359375,6500,0.0,0
2001-07-30,1851.8717041015625,1894.2347822999643,1851.8717041015625,1851.8717041015625,12700,0.0,0
2001-07-31,1882.1312689887152,1936.5980902777776,1845.8200547960068,1906.3387451171875,51800,0.0,0
2001-08-01,1936.597900390625,1966.8572425842285,1912.3904266357422,1936.597900390625,9400,0.0,0
2001-08-02,2039.4798474993024,2057.6354544503347,2021.3242405482702,2033.427978515625,2800,0.0,0
2001-08-03,2003.1686496310763,2033.4279947916666,1906.3387451171873,1906.3387451171875,1600,0.0,0
2001-08-06,1912.3906141493055,1936.5980902777776,1906.3387451171873,1906.3387451171875,3400,0.0,0
2001-08-07,1906.3386342495303,1912.3905029296875,1906.3386342495303,1912.3905029296875,400,0.0,0
2001-08-08,1912.3905029296875,1912.3905029296875,1912.3905029296875,1912.3905029296875,100,0.0,0
2001-08-09,1888.1830834173386,1888.1830834173386,1845.8200014175907,1876.079345703125,800,0.0,0
2001-08-10,1906.3385307983,1906.3385307983,1857.923583984375,1857.923583984375,300,0.0,0
2001-08-13,1797.4046159498764,1833.7158203125,1797.4046159498764,1833.7158203125,1100,0.0,0
2001-08-14,1900.2868760850693,1906.3387451171873,1900.2868760850693,1906.3387451171875,200,0.0,0
2001-08-15,1936.597900390625,1936.597900390625,1936.597900390625,1936.597900390625,100,0.0,0
2001-08-16,1827.6644611296106,1845.820068359375,1827.6644611296106,1845.820068359375,1400,0.0,0
2001-08-17,1845.820068359375,1845.820068359375,1845.820068359375,1845.820068359375,1100,0.0,0
2001-08-20,1839.7674023437498,1839.7674023437498,1809.5080700683593,1815.5599365234375,1600,0.0,0
2001-08-21,1815.5599365234375,1845.819268798828,1815.5599365234375,1815.5599365234375,900,0.0,0
2001-08-22,1800.4312184993053,1803.4571533203125,1761.0940658262111,1803.4571533203125,500,0.0,0
2001-08-23,1803.456203613281,1815.5599365234375,1803.456203613281,1815.5599365234375,700,0.0,0
2001-08-24,1845.819268798828,1845.819268798828,1815.5599365234375,1815.5599365234375,1500,0.0,0
2001-08-27,1815.5604713841487,1839.7679443359375,1815.5604713841487,1839.7679443359375,500,0.0,0
2001-08-28,1821.5519768391653,1821.5519768391653,1791.1927772251793,1800.300537109375,1300,10.0,0
2001-08-29,1776.0135498046875,1776.0135498046875,1776.0135498046875,1776.0135498046875,500,0.0,0
2001-08-30,1760.834167582705,1812.44482421875,1760.834167582705,1812.44482421875,300,0.0,0
2001-08-31,1812.44482421875,1812.44482421875,1812.44482421875,1812.44482421875,0,0.0,0
2001-09-03,1748.6907667927046,1748.6907667927046,1706.1878662109375,1706.1878662109375,800,0.0,0
2001-09-04,1669.7564832398814,1669.7564832398814,1645.4691162109375,1645.4691162109375,500,0.0,0
2001-09-05,1645.4691162109375,1645.4691162109375,1645.4691162109375,1645.4691162109375,0,0.0,0
2001-09-06,1490.636732113487,1490.636732113487,1442.06201171875,1442.06201171875,400,0.0,0
2001-09-07,1435.9905912171098,1435.9905912171098,1323.661517485539,1344.9129638671875,2300,0.0,0
2001-09-10,1369.2006410297595,1390.4520922209088,1369.2006410297595,1384.3802490234375,500,0.0,0
2001-09-11,1384.3803484581954,1393.4881139085783,1375.2725830078125,1375.2725830078125,600,0.0,0
2001-09-12,1375.2725830078125,1375.2725830078125,1375.2725830078125,1375.2725830078125,0,0.0,0
2001-09-13,1132.3985595703125,1132.3985595703125,1132.3985595703125,1132.3985595703125,800,0.0,0
2001-09-14,1114.182678527832,1214.3680419921875,1114.182678527832,1214.3680419921875,4800,0.0,0
2001-09-17,1214.3685335726352,1223.47629757443,1123.2908935546875,1123.2908935546875,1700,0.0,0
2001-09-18,1105.0754726731236,1141.506532211798,1105.0754726731236,1124.50537109375,800,0.0,0
2001-09-19,1117.8263127879259,1118.4334970968819,1093.5389404296875,1093.5389404296875,1600,0.0,0
2001-09-20,1093.5388204551605,1093.5388204551605,1007.9258422851561,1007.9258422851562,1600,0.0,0
2001-09-21,989.710255843874,989.710255843874,935.6708615063865,956.3151245117188,500,0.0,0
2001-09-24,956.3151245117188,956.3151245117188,956.3151245117188,956.3151245117188,0,0.0,0
2001-09-25,1102.039274446257,1105.0751953125,1083.823749248798,1105.0751953125,2900,0.0,0
2001-09-26,1123.2902979702517,1123.2902979702517,1074.1083984375,1074.1083984375,1200,0.0,0
2001-09-27,1038.284679066051,1038.284679066051,1001.8536376953125,1001.8536376953125,600,0.0,0
2001-09-28,1001.8536376953125,1001.8536376953125,1001.8536376953125,1001.8536376953125,0,0.0,0
2001-10-01,1123.2905801008587,1208.2963537301127,1123.2905801008587,1199.7957763671875,600,0.0,0
2001-10-02,1244.7278554815996,1384.3802490234375,1208.2967962967723,1384.3802490234375,2300,0.0,0
2001-10-03,1578.678846359253,1578.678846359253,1517.9604291915894,1554.3914794921875,4700,0.0,0
2001-10-04,1575.6427534490942,1578.678673975971,1499.7447402771725,1524.0321044921875,2900,0.0,0
2001-10-05,1517.959969942687,1517.959969942687,1469.385250904521,1481.5289306640625,400,0.0,0
2001-10-08,1481.5289306640625,1481.5289306640625,1481.5289306640625,1481.5289306640625,0,0.0,0
2001-10-09,1457.242047106237,1457.242047106237,1432.9546796544662,1435.9906005859375,900,0.0,0
2001-10-10,1460.2780407321068,1460.2780407321068,1223.4761962890625,1223.4761962890625,1500,0.0,0
2001-10-11,1302.4095008424424,1414.738525390625,1302.4095008424424,1414.738525390625,1000,0.0,0
2001-10-12,1572.6065727796054,1572.6065727796054,1432.9542516447368,1442.06201171875,2800,0.0,0
2001-10-15,1457.2418212890625,1469.385503133138,1457.2418212890625,1457.2418212890625,1700,0.0,0
2001-10-16,1457.2418740354938,1475.4573974609375,1457.2418740354938,1475.4573974609375,300,0.0,0
2001-10-17,1499.7449951171875,1517.9605213736716,1466.3498636469667,1499.7449951171875,1000,0.0,0
2001-10-18,1457.2416227409637,1517.960023688504,1457.2416227409637,1511.88818359375,1800,0.0,0
2001-10-19,1432.95458984375,1432.95458984375,1432.95458984375,1432.95458984375,300,0.0,0
2001-10-22,1432.9544576009114,1457.2418212890625,1432.9544576009114,1457.2418212890625,1300,0.0,0
2001-10-23,1457.2419691381988,1481.529335290502,1445.098286062047,1466.3497314453125,1100,0.0,0
2001-10-24,1481.529328959189,1481.529328959189,1478.493408203125,1478.493408203125,600,0.0,0
2001-10-25,1481.5294688607034,1499.7449951171875,1469.385784689714,1499.7449951171875,1700,0.0,0
2001-10-26,1524.0322068339647,1524.0322068339647,1499.744840988005,1502.78076171875,1600,0.0,0
2001-10-29,1478.4937003795321,1496.709228515625,1478.4937003795321,1496.709228515625,300,0.0,0
2001-10-30,1493.67298854638,1493.67298854638,1341.876953125,1341.876953125,1900,0.0,0
2001-10-31,1366.1643087228479,1423.8468017578125,1366.1643087228479,1423.8468017578125,700,0.0,0
2001-11-01,1451.1702880859375,1508.8527890768012,1451.1702880859375,1451.1702880859375,1300,0.0,0
2001-11-02,1475.4569170382913,1475.4569170382913,1414.738525390625,1414.738525390625,1500,0.0,0
2001-11-05,1432.9546796544662,1435.9906005859375,1432.9546796544662,1435.9906005859375,300,0.0,0
2001-11-06,1435.9906005859375,1435.9906005859375,1435.9906005859375,1435.9906005859375,0,0.0,0
2001-11-07,1457.241955773305,1457.241955773305,1432.95458984375,1432.95458984375,700,0.0,0
2001-11-08,1457.2415741219008,1469.38525390625,1457.2415741219008,1469.38525390625,600,0.0,0
2001-11-09,1469.38525390625,1469.38525390625,1469.38525390625,1469.38525390625,0,0.0,0
2001-11-12,1426.8828518775201,1426.8828518775201,1411.7032470703125,1411.7032470703125,300,0.0,0
2001-11-13,1387.4160810868818,1396.5238452953297,1381.34423828125,1381.34423828125,400,0.0,0
2001-11-14,1381.34423828125,1381.34423828125,1381.34423828125,1381.34423828125,0,0.0,0
2001-11-15,1478.493319352811,1478.493319352811,1405.6312255859375,1405.6312255859375,3000,0.0,0
2001-11-16,1429.9186616392574,1429.9186616392574,1387.415771484375,1387.415771484375,600,0.0,0
2001-11-19,1338.841338641827,1393.4879238925137,1338.841338641827,1381.34423828125,1200,0.0,0
2001-11-20,1366.1643126620306,1372.2361540516397,1354.0206298828125,1354.0206298828125,900,0.0,0
2001-11-21,1347.94873046875,1347.94873046875,1347.94873046875,1347.94873046875,100,0.0,0
2001-11-22,1372.236083984375,1372.236083984375,1347.9487196660675,1372.236083984375,1300,0.0,0
2001-11-23,1372.236083984375,1372.236083984375,1372.236083984375,1372.236083984375,0,0.0,0
2001-11-26,1435.9904313221348,1454.2059547638532,1405.6312255859375,1405.6312255859375,300,0.0,0
2001-11-27,1405.6310719457165,1457.2417160560344,1396.5233112203664,1408.6669921875,2600,0.0,0
2001-11-28,1396.5233154296875,1396.5233154296875,1396.5233154296875,1396.5233154296875,100,0.0,0
2001-11-29,1396.5233837245319,1396.5233837245319,1378.307861328125,1378.307861328125,800,0.0,0
2001-11-30,1378.307861328125,1378.307861328125,1378.307861328125,1378.307861328125,0,0.0,0
2001-12-03,1372.236083984375,1372.236083984375,1372.236083984375,1372.236083984375,100,0.0,0
2001-12-04,1366.1640996518342,1366.1640996518342,1226.5117694652022,1256.8709716796875,2100,0.0,0
2001-12-05,1281.1583702628361,1281.1583702628361,1217.4040437805622,1241.69140625,3200,0.0,0
2001-12-06,1259.9071044921875,1272.050787427052,1259.9071044921875,1259.9071044921875,300,0.0,0
2001-12-07,1308.4818115234375,1308.4818115234375,1308.4818115234375,1308.4818115234375,100,0.0,0
2001-12-10,1338.8411265543975,1396.5236240703466,1335.8052056325055,1390.4517822265625,6000,0.0,0
2001-12-11,1366.16455078125,1420.8111328124999,1366.16455078125,1366.16455078125,1600,0.0,0
2001-12-12,1390.451657375605,1390.451657375605,1305.445879195437,1332.7691650390625,1700,0.0,0
2001-12-13,1284.1945873615566,1284.1945873615566,1272.0509033203125,1272.0509033203125,700,0.0,0
2001-12-14,1199.1884765625,1199.1884765625,1199.1884765625,1199.1884765625,7800,0.0,0
2001-12-17,1214.3682599968513,1214.3682599968513,1203.4389456568797,1205.260498046875,800,0.0,0
2001-12-18,1214.3678598068468,1214.3678598068468,1202.2241812087784,1208.2960205078125,1900,0.0,0
2001-12-19,1208.2965735233192,1214.3684156013258,1201.6175472375119,1202.2247314453125,4700,0.0,0
2001-12-20,1197.3673552302002,1197.3673552302002,1184.6164858286618,1193.1170654296875,3200,0.0,0
2001-12-21,1188.2592900815216,1196.152683423913,1184.0090013586955,1187.044921875,2300,0.0,0
2001-12-24,1187.044921875,1187.044921875,1187.044921875,1187.044921875,0,0.0,0
2001-12-25,1217.4044357183325,1217.4044357183325,1184.0093015714456,1193.1170654296875,2300,0.0,0
2001-12-26,1177.9371976704176,1187.0449595080756,1171.8653564453125,1171.8653564453125,1000,0.0,0
2001-12-27,1172.4725984868314,1180.3659924693943,1172.4725984868314,1177.937255859375,1100,0.0,0
2001-12-28,1169.4364648140672,1198.581298828125,1169.4364648140672,1198.581298828125,700,0.0,0
2001-12-31,1198.581298828125,1198.581298828125,1198.581298828125,1198.581298828125,0,0.0,0
2002-01-01,1198.581298828125,1198.581298828125,1198.581298828125,1198.581298828125,0,0.0,0
2002-01-02,1198.581298828125,1198.581298828125,1198.581298828125,1198.581298828125,0,0.0,0
2002-01-03,1198.581298828125,1198.581298828125,1198.581298828125,1198.581298828125,0,0.0,0
2002-01-04,1214.3680419921875,1214.3680419921875,1214.3680419921875,1214.3680419921875,100,0.0,0
2002-01-07,1214.3680419921875,1214.3680419921875,1214.3680419921875,1214.3680419921875,400,0.0,0
2002-01-08,1247.763159421411,1269.0146000928219,1214.3680383663366,1226.51171875,3000,0.0,0
2002-01-09,1220.439813381288,1247.7630927853468,1214.3679735137196,1244.7271728515625,2300,0.0,0
2002-01-10,1244.7275262129936,1244.7275262129936,1208.296476665296,1211.3323974609375,5000,0.0,0
2002-01-11,1244.727056302018,1244.727056302018,1194.3307901200337,1208.2960205078125,7300,0.0,0
2002-01-14,1208.2960205078125,1208.2960205078125,1208.2960205078125,1208.2960205078125,0,0.0,0
2002-01-15,1208.2964443955861,1208.2964443955861,1202.2246029664627,1202.831787109375,400,0.0,0
2002-01-16,1202.8319477931038,1202.8319477931038,1142.113525390625,1142.113525390625,3000,0.0,0
2002-01-17,1129.9697265625,1130.5769107250806,1129.9697265625,1129.9697265625,400,0.0,0
2002-01-18,1151.22104907746,1171.2581242987449,1135.434262539478,1141.506103515625,2300,0.0,0
2002-01-21,1196.1525213623047,1214.3680419921875,1196.1525213623047,1214.3680419921875,2400,0.0,0
2002-01-22,1223.4760672972373,1247.7634333974306,1177.937255859375,1177.937255859375,2100,0.0,0
2002-01-23,1171.8653564453125,1171.8653564453125,1171.8653564453125,1171.8653564453125,200,0.0,0
2002-01-24,1171.8651605224609,1214.3680419921875,1141.5059594726563,1214.3680419921875,900,0.0,0
2002-01-25,1190.080696105957,1193.1166162490845,1165.7933349609375,1165.7933349609375,1900,0.0,0
2002-01-28,1147.5776678029674,1147.5776678029674,1144.541748046875,1144.541748046875,400,0.0,0
2002-01-29,1147.5783754682438,1147.5783754682438,1124.50537109375,1124.50537109375,3700,0.0,0
2002-01-30,1123.8979986698814,1142.113525390625,1105.6824719491378,1142.113525390625,500,0.0,0
2002-01-31,1142.113525390625,1142.113525390625,1142.113525390625,1142.113525390625,0,0.0,0
2002-02-01,1165.1863310976967,1171.8653564453125,1160.936042240123,1171.8653564453125,800,0.0,0
2002-02-04,1153.6497854679187,1153.6497854679187,1141.506103515625,1141.506103515625,200,0.0,0
2002-02-05,1123.2906554175204,1138.4702588691086,1093.5386326524078,1111.14697265625,800,0.0,0
2002-02-06,1111.14697265625,1111.14697265625,1094.1458167904714,1111.14697265625,700,0.0,0
2002-02-07,1092.9315515466637,1092.9315515466637,1062.5723417814788,1078.359130859375,1100,0.0,0
2002-02-08,1080.7878741197183,1092.9315580985915,1077.751953125,1077.751953125,4900,0.0,0
2002-02-11,1077.751953125,1077.751953125,1077.751953125,1077.751953125,0,0.0,0
2002-02-12,1092.931884765625,1095.9678066677518,1075.9307221137153,1092.931884765625,1800,0.0,0
2002-02-13,1092.931884765625,1092.931884765625,1092.931884765625,1092.931884765625,900,0.0,0
2002-02-14,1092.9317258761191,1095.967647336886,1085.038330078125,1085.038330078125,1500,0.0,0
2002-02-15,1087.4670672467387,1092.9317258761191,1085.038330078125,1085.038330078125,8200,0.0,0
2002-02-18,1092.9312544770773,1092.9312544770773,1059.5361328125,1059.5361328125,1300,0.0,0
2002-02-19,1086.8596050691192,1086.8596050691192,1053.4644775390625,1053.4644775390625,1300,0.0,0
2002-02-20,1032.2128388375947,1032.2128388375947,1001.8536376953125,1001.8536376953125,2200,0.0,0
2002-02-21,1001.8538212761899,1020.0693452993934,1001.8538212761899,1013.3903198242188,2800,0.0,0
2002-02-22,1007.9258332702785,1007.9258332702785,997.6037012428118,1003.068359375,2900,0.0,0
2002-02-25,1009.787723721591,1009.787723721591,1007.955078125,1007.955078125,2300,10.0,0
2002-02-26,1007.955078125,1007.955078125,996.3483226799242,1007.955078125,2600,0.0,0
2002-02-27,1007.9554631159856,1032.3907470703125,1007.9554631159856,1032.3907470703125,13200,0.0,0
2002-02-28,1033.001463674626,1084.3155517578125,1033.001463674626,1084.3155517578125,3700,0.0,0
2002-03-01,1102.6420343572443,1102.6420343572443,1069.0435236150568,1075.15234375,1200,0.0,0
2002-03-04,1084.9266165092442,1159.4542331838659,1084.9266165092442,1139.906005859375,2000,0.0,0
2002-03-05,1139.9057513459359,1179.002197265625,1136.240459540965,1179.002197265625,5200,0.0,0
2002-03-06,1252.3080523696071,1328.6682994653147,1249.2536424857788,1292.015380859375,2800,0.0,0
2002-03-07,1343.94000733452,1447.7899169921875,1343.94000733452,1447.7899169921875,4000,0.0,0
2002-03-08,1398.9195219983553,1466.1165296052632,1398.9195219983553,1450.844482421875,18300,0.0,0
2002-03-11,1469.17093237406,1527.2047114075467,1450.8444758371695,1472.225341796875,5100,0.0,0
2002-03-12,1466.1166355298915,1472.2254548445992,1405.0284423828125,1405.0284423828125,2800,0.0,0
2002-03-13,1380.593078480884,1441.6812677941975,1380.593078480884,1408.082763671875,1800,0.0,0
2002-03-14,1521.0962371176863,1527.2050573470744,1435.57275390625,1435.57275390625,9800,0.0,0
2002-03-15,1417.2459852430554,1429.463623046875,1380.5930718315972,1429.463623046875,4900,0.0,0
2002-03-18,1453.8996207253974,1466.1172645970394,1380.5937574955456,1392.8114013671875,4500,0.0,0
2002-03-19,1441.68135827106,1466.1166355298915,1405.0284423828125,1405.0284423828125,7200,0.0,0
2002-03-20,1408.082763671875,1420.3004015345377,1405.0283542062093,1408.082763671875,2000,0.0,0
2002-03-21,1408.082763671875,1408.082763671875,1408.082763671875,1408.082763671875,0,0.0,0
2002-03-22,1411.1378671746504,1411.1378671746504,1392.8114013671875,1392.8114013671875,4200,0.0,0
2002-03-25,1417.2463628472221,1417.2463628472221,1368.3757986111111,1374.484619140625,2100,0.0,0
2002-03-26,1325.6140896883878,1350.0493724476207,1325.6140896883878,1343.9405517578125,900,0.0,0
2002-03-27,1343.9402654673486,1362.2667236328125,1340.8858557731046,1362.2667236328125,1300,0.0,0
2002-03-28,1362.266499350516,1362.266499350516,1276.7430419921875,1276.7430419921875,1500,0.0,0
2002-03-29,1337.8316210706087,1343.9404412581457,1288.9610595703125,1288.9610595703125,1500,0.0,0
2002-04-01,1285.9063380650111,1295.069566127232,1282.8519287109375,1282.8519287109375,1200,0.0,0
2002-04-02,1282.851983642578,1282.851983642578,1221.7637939453125,1221.7637939453125,2100,0.0,0
2002-04-03,1221.7637939453125,1221.7637939453125,1221.7637939453125,1221.7637939453125,0,0.0,0
2002-04-04,1295.0699862393465,1343.9405517578125,1285.9067552046342,1343.9405517578125,1300,0.0,0
2002-04-05,1368.375722008294,1368.375722008294,1288.9610595703125,1288.9610595703125,1300,0.0,0
2002-04-08,1273.6889051709857,1368.3756103515625,1270.6344953264509,1368.3756103515625,4100,0.0,0
2002-04-09,1368.3758345170454,1368.3758345170454,1343.9405517578125,1343.9405517578125,900,0.0,0
2002-04-10,1343.940273971384,1343.940273971384,1340.8858642578125,1340.8858642578125,300,0.0,0
2002-04-11,1328.668212890625,1328.668212890625,1328.668212890625,1328.668212890625,200,0.0,0
2002-04-12,1304.232794189453,1304.232794189453,1282.8519287109375,1282.8519287109375,900,0.0,0
2002-04-15,1270.6343863774273,1270.6343863774273,1258.416748046875,1258.416748046875,300,0.0,0
2002-04-16,1233.9816358334551,1307.2874755859375,1233.9816358334551,1307.2874755859375,600,0.0,0
2002-04-17,1282.852307335805,1282.852307335805,1252.3082047801906,1261.471435546875,1200,0.0,0
2002-04-18,1276.7433314402335,1307.2874302785167,1270.634511672577,1292.015380859375,1700,0.0,0
2002-04-19,1270.6344879518072,1270.6344879518072,1264.5256682981926,1267.580078125,1400,0.0,0
2002-04-22,1276.7433756890698,1307.2874755859375,1267.5801457200096,1307.2874755859375,2800,0.0,0
2002-04-23,1282.8519694010415,1282.8519694010415,1264.5255126953125,1264.5255126953125,2100,0.0,0
2002-04-24,1288.9610820032817,1295.069902297136,1252.308160240155,1279.7978515625,4500,0.0,0
2002-04-25,1313.3961205343599,1313.3961205343599,1258.416748046875,1258.416748046875,2800,0.0,0
2002-04-26,1255.3621483779536,1258.4165574980946,1252.3077392578125,1252.3077392578125,1900,0.0,0
2002-04-29,1252.3077392578125,1252.3077392578125,1252.3077392578125,1252.3077392578125,0,0.0,0
2002-04-30,1233.9816008391203,1240.0904206452547,1233.9816008391203,1237.0360107421875,600,0.0,0
2002-05-01,1240.090131695761,1276.7430419921875,1227.8724949302857,1276.7430419921875,600,0.0,0
2002-05-02,1243.14460710798,1282.8519287109375,1243.14460710798,1282.8519287109375,1200,0.0,0
2002-05-03,1282.8519287109375,1282.8519287109375,1282.8519287109375,1282.8519287109375,0,0.0,0
2002-05-06,1282.8519287109375,1282.8519287109375,1282.8519287109375,1282.8519287109375,0,0.0,0
2002-05-07,1282.8520247079794,1282.8520247079794,1258.416748046875,1258.416748046875,400,0.0,0
2002-05-08,1258.416748046875,1258.416748046875,1258.416748046875,1258.416748046875,100,0.0,0
2002-05-09,1264.525405226712,1279.7974511835564,1264.525405226712,1276.7430419921875,300,0.0,0
2002-05-10,1276.7434868246823,1276.7434868246823,1240.090563757945,1261.471435546875,3400,0.0,0
2002-05-13,1261.4709666182357,1261.4709666182357,1252.3077392578125,1252.3077392578125,500,0.0,0
2002-05-14,1252.3078887939453,1264.5255267333985,1221.7637939453125,1221.7637939453125,1300,0.0,0
2002-05-15,1227.8725048102954,1282.8518706973236,1227.8725048102954,1233.9813232421875,1800,0.0,0
2002-05-16,1233.9813772932214,1233.9813772932214,1227.87255859375,1227.87255859375,1100,0.0,0
2002-05-17,1237.0360773259943,1243.1448974609375,1237.0360773259943,1243.1448974609375,200,0.0,0
2002-05-20,1246.1993842690679,1264.5258458024366,1243.1449740135065,1261.471435546875,1800,0.0,0
2002-05-21,1252.3082047801906,1261.471435546875,1230.9273329912608,1261.471435546875,800,0.0,0
2002-05-22,1252.307874891493,1264.5255126953125,1246.1990559895833,1264.5255126953125,4100,0.0,0
2002-05-23,1273.68900910147,1301.1786999453866,1273.68900910147,1288.9610595703125,4600,0.0,0
2002-05-24,1334.7770112616831,1340.8858305351919,1292.0152763471212,1337.8314208984375,2500,0.0,0
2002-05-27,1337.8314208984375,1343.9402401719465,1337.8314208984375,1337.8314208984375,700,0.0,0
2002-05-28,1343.940158420139,1343.940158420139,1264.5255126953125,1264.5255126953125,3300,0.0,0
2002-05-29,1322.559581774501,1322.559581774501,1301.1787109375,1301.1787109375,600,0.0,0
2002-05-30,1301.1783155231385,1301.1783155231385,1276.7430419921875,1276.7430419921875,300,0.0,0
2002-05-31,1310.342083487093,1325.6141357421875,1310.342083487093,1325.6141357421875,600,0.0,0
2002-06-03,1301.1786999453866,1304.233110039155,1288.9610595703125,1288.9610595703125,300,0.0,0
2002-06-04,1282.8518603749253,1282.8518603749253,1270.63422360945,1276.7430419921875,1000,0.0,0
2002-06-05,1279.7980422273688,1331.7230224609375,1279.7980422273688,1331.7230224609375,1400,0.0,0
2002-06-06,1301.1784822038078,1301.1784822038078,1258.416748046875,1258.416748046875,500,0.0,0
2002-06-07,1258.4165574980946,1258.4165574980946,1252.3077392578125,1252.3077392578125,800,0.0,0
2002-06-10,1252.308038449755,1252.308038449755,1246.19921875,1246.19921875,1200,0.0,0
2002-06-11,1230.9269679434858,1233.9813772932214,1227.87255859375,1227.87255859375,1000,0.0,0
2002-06-12,1224.8181492440144,1227.87255859375,1224.8181492440144,1227.87255859375,700,0.0,0
2002-06-13,1230.9273681640625,1230.9273681640625,1230.9273681640625,1230.9273681640625,1000,0.0,0
2002-06-14,1221.7637939453125,1227.872612915039,1221.7637939453125,1221.7637939453125,14200,0.0,0
2002-06-17,1221.7639894898364,1221.7639894898364,1136.2405102255477,1157.010498046875,1900,0.0,0
2002-06-18,1157.0105400320442,1190.609050962225,1157.0105400320442,1189.9981689453125,300,0.0,0
2002-06-19,1173.5040377203102,1176.5584469803837,1139.2946540074847,1150.29052734375,3000,0.0,0
2002-06-20,1142.3493786155377,1148.458198822038,1124.0229179960372,1136.8514404296875,800,0.0,0
2002-06-21,1139.2950439453125,1139.2950439453125,1139.2950439453125,1139.2950439453125,100,0.0,0
2002-06-24,1212.6007080078125,1212.6007080078125,1212.6007080078125,1212.6007080078125,200,0.0,0
2002-06-25,1270.6343457031248,1270.6343457031248,1221.7637939453125,1221.7637939453125,1300,0.0,0
2002-06-26,1220.542509454685,1220.542509454685,1130.7428353356465,1131.964599609375,500,0.0,0
2002-06-27,1154.56689453125,1154.56689453125,1136.2404358878969,1154.56689453125,1800,0.0,0
2002-06-28,1154.5672184597684,1155.1781005859375,1154.5672184597684,1155.1781005859375,300,0.0,0
2002-07-01,1155.1780347808885,1155.7889168722588,1149.0692138671875,1149.0692138671875,600,0.0,0
2002-07-02,1203.4372117606756,1203.4372117606756,1166.7843017578125,1166.7843017578125,500,0.0,0
2002-07-03,1160.6756591796875,1160.6756591796875,1160.6756591796875,1160.6756591796875,200,0.0,0
2002-07-04,1154.5668096127717,1154.5668096127717,1136.851234227179,1138.072998046875,500,0.0,0
2002-07-05,1156.3994553423158,1156.3994553423158,1138.072998046875,1138.072998046875,2000,0.0,0
2002-07-08,1139.9059260064091,1139.9059260064091,1139.2950439453125,1139.2950439453125,300,0.0,0
2002-07-09,1136.8514404296875,1136.8514404296875,1136.8514404296875,1136.8514404296875,200,0.0,0
2002-07-10,1139.9058371803976,1142.349365234375,1139.9058371803976,1142.349365234375,400,0.0,0
2002-07-11,1160.6758321335185,1197.328753148261,1160.6758321335185,1189.9981689453125,500,0.0,0
2002-07-12,1185.110992270172,1185.110992270172,1148.4580749834656,1154.56689453125,900,0.0,0
2002-07-15,1148.4581298828125,1148.4581298828125,1148.4581298828125,1148.4581298828125,900,0.0,0
2002-07-16,1117.9141617441564,1127.077392578125,1089.2027051310552,1127.077392578125,1600,0.0,0
2002-07-17,1127.077392578125,1127.077392578125,1127.077392578125,1127.077392578125,0,0.0,0
2002-07-18,1099.5876242897727,1099.5876242897727,1069.654405628551,1075.15234375,1800,0.0,0
2002-07-19,1058.6584634486608,1075.1522767857143,1058.6584634486608,1069.04345703125,1100,0.0,0
2002-07-22,1081.2607479319854,1081.2607479319854,977.4108455882352,1038.4990234375,5400,0.0,0
2002-07-23,1038.4990234375,1038.4990234375,1020.1725700827205,1038.4990234375,2400,0.0,0
2002-07-24,1038.4990234375,1038.4990234375,1011.0093434053309,1038.4990234375,3200,0.0,0
2002-07-25,1075.1524635736196,1075.1524635736196,995.73779296875,995.73779296875,4300,0.0,0
2002-07-26,1007.9552830687356,1007.9552830687356,980.4655935304974,998.7920532226562,1500,0.0,0
2002-07-29,995.7379607194624,995.7379607194624,952.9762078051297,971.3026733398438,2500,0.0,0
2002-07-30,977.4110107421875,995.7374671936035,977.4110107421875,977.4110107421875,4000,0.0,0
2002-07-31,976.8001288604736,977.4110107421875,976.8001288604736,977.4110107421875,200,0.0,0
2002-08-01,959.0847668063255,970.6915251307333,946.8671264648438,946.8671264648438,1200,0.0,0
2002-08-02,941.9800459060519,959.0847419406625,940.1473999023436,940.1473999023438,2900,0.0,0
2002-08-05,941.3691883111769,959.0847668063255,940.7583062941028,946.8671264648438,1900,0.0,0
2002-08-06,941.980047809525,941.980047809525,922.4318237304688,922.4318237304688,9400,0.0,0
2002-08-07,934.6494637798789,934.6494637798789,910.2141836810586,922.4318237304688,2000,0.0,0
2002-08-08,922.4317077595783,922.4317077595783,910.824951171875,910.824951171875,1200,0.0,0
2002-08-09,916.322862779772,916.322862779772,897.9964055241765,904.105224609375,7700,0.0,0
2002-08-12,904.1052263657824,904.1052263657824,843.6279173048281,849.1258544921875,11100,0.0,0
2002-08-13,861.3436800495962,861.3436800495962,812.4731166425269,815.5275268554688,10600,0.0,0
2002-08-14,815.5273645574396,815.5273645574396,799.6444346110026,806.3641357421875,12500,0.0,0
2002-08-15,806.3642389327853,818.5818789166153,805.7533569335938,805.7533569335938,11200,0.0,0
2002-08-16,817.9708922415068,836.9082317930279,806.3641357421875,806.3641357421875,8300,0.0,0
2002-08-19,813.0838559747735,855.2347095151637,806.9750366210938,806.9750366210938,7200,0.0,0
2002-08-20,831.4105316904178,831.4105316904178,803.9208374023438,803.9208374023438,12800,0.0,0
2002-08-21,806.3642728187796,806.3642728187796,774.5984075259186,775.2092895507812,11700,0.0,0
2002-08-22,776.4311027813675,781.9290413533835,714.732014362077,731.225830078125,24400,0.0,0
2002-08-23,731.225830078125,731.225830078125,731.225830078125,731.225830078125,0,0.0,0
2002-08-26,750.7739343650986,751.9956982940898,744.6651147201426,747.108642578125,57000,0.0,0
2002-08-27,754.4997026159408,779.1364275993185,692.9078901574967,723.7037963867188,36500,10.0,0
2002-08-28,735.4059812608234,739.1014887043451,729.8627200955408,733.5582275390625,12100,0.0,0
2002-08-29,733.5585664993166,733.5585664993166,703.9944932902762,707.6900024414062,17000,0.0,0
2002-08-30,707.6898680579144,708.3057861328125,691.6759981105638,708.3057861328125,17700,0.0,0
2002-09-02,708.305828176814,711.3854187341045,684.9009399414062,684.9009399414062,15300,0.0,0
2002-09-03,660.2642512394832,676.8940411494328,627.6205895643968,640.5548706054688,17500,0.0,0
2002-09-04,615.9180297851562,615.9180297851562,602.9837511596679,615.9180297851562,23000,0.0,0
2002-09-05,617.1498623829968,671.3506487000664,602.9837477773991,652.8731079101562,34800,0.0,0
2002-09-06,637.4751578194754,646.7139282226562,610.3747646368117,646.7139282226562,16200,0.0,0
2002-09-09,631.3159802185362,646.7139309555737,615.9180294814987,618.9976196289062,9800,0.0,0
2002-09-10,632.5479489444347,720.6242456329003,632.5479489444347,712.6173095703125,15100,0.0,0
2002-09-11,739.1016230307334,769.8975239903474,732.9424428388107,745.2608032226562,36600,0.0,0
2002-09-12,745.8767217508952,763.7383443196615,690.4440999857584,739.1016235351562,35400,0.0,0
2002-09-13,683.6688871588318,723.7035517221868,683.6688871588318,717.5443725585938,24500,0.0,0
2002-09-16,717.5443725585938,717.5443725585938,717.5443725585938,717.5443725585938,0,0.0,0
2002-09-17,705.2261936807225,732.9425069694845,705.2261936807225,720.6241455078125,16600,0.0,0
2002-09-18,718.7767068963302,718.7767068963302,695.987728185821,702.1469116210938,10500,0.0,0
2002-09-19,692.9078302463563,739.1016855961134,692.9078302463563,732.9425048828125,11500,0.0,0
2002-09-20,695.9873162887997,732.3264770507812,695.9873162887997,732.3264770507812,11500,0.0,0
2002-09-23,732.3264770507812,732.3264770507812,732.3264770507812,732.3264770507812,0,0.0,0
2002-09-24,720.6242130245782,720.6242130245782,687.3646339619054,695.9874877929688,6300,0.0,0
2002-09-25,695.9873668223888,695.9873668223888,677.50982611029,683.6690063476562,6200,0.0,0
2002-09-26,683.6691176079274,695.3715619633784,677.5099363682164,678.1258544921875,10200,0.0,0
2002-09-27,678.1258278507239,688.596435546875,668.2711382543465,688.596435546875,10000,0.0,0
2002-09-30,688.5963642551222,688.5963642551222,670.1188231749312,670.7347412109375,10800,0.0,0
2002-10-01,671.3506502160703,672.5824862715127,637.4751586914062,637.4751586914062,5300,0.0,0
2002-10-02,647.3298955446903,658.4164208727631,644.2503051757812,644.2503051757812,1900,0.0,0
2002-10-03,654.7209987003992,654.7209987003992,628.2365180380124,646.09814453125,6700,0.0,0
2002-10-04,634.3956298828125,646.7139916281097,619.6135957884557,634.3956298828125,4500,0.0,0
2002-10-07,622.0774597784485,622.0774597784485,596.8248104211057,609.7590942382812,13600,0.0,0
2002-10-08,603.599673007397,603.599673007397,578.3470336264753,578.9629516601562,9000,0.0,0
2002-10-09,578.9629639451878,585.1221444126897,572.8037834776857,578.3470458984375,13400,0.0,0
2002-10-10,566.64453125,566.64453125,548.1669921875,548.1669921875,22100,0.0,0
2002-10-11,572.8037109375,585.1220703125,560.4853515625,585.1220703125,7000,0.0,0
2002-10-14,585.1220703125,585.1220703125,585.1220703125,585.1220703125,0,0.0,0
2002-10-15,597.4404860723586,646.7139282226562,597.4404860723586,646.7139282226562,11100,0.0,0
2002-10-16,652.8731725007584,653.4890905880234,634.3956298828125,634.3956298828125,13600,0.0,0
2002-10-17,634.3955676850818,662.727796921503,628.8523054431733,646.7139282226562,5600,0.0,0
2002-10-18,662.1119463325726,662.1119463325726,622.0772705078125,622.0772705078125,9600,0.0,0
2002-10-21,633.7798880285609,633.7798880285609,615.3023402726261,622.693359375,9300,0.0,0
2002-10-22,623.309022308006,623.309022308006,596.2086300337448,601.7518920898438,4100,0.0,0
2002-10-23,572.8037700653076,597.4404913584391,572.8037700653076,591.2813110351562,4000,0.0,0
2002-10-24,591.2814243490967,591.8973424994604,578.9630613418238,579.5789794921875,9600,0.0,0
2002-10-25,585.7382379347279,585.7382379347279,566.644772765457,572.803955078125,10000,0.0,0
2002-10-28,554.9422107067737,562.9491460443853,554.3262926038805,560.4854736328125,12500,0.0,0
2002-10-29,560.4854358082086,570.9560428507796,560.4854358082086,568.4923706054688,5000,0.0,0
2002-10-30,561.7172586361821,578.3470458984375,561.7172586361821,578.3470458984375,5200,0.0,0
2002-10-31,572.803955078125,596.8247660975303,572.803955078125,572.803955078125,5500,0.0,0
2002-11-01,578.9630820679092,591.2814455161626,572.8039003437825,590.66552734375,2200,0.0,0
2002-11-04,590.66552734375,590.66552734375,590.66552734375,590.66552734375,0,0.0,0
2002-11-05,585.7382379347279,590.6655837848623,567.2606909967238,572.803955078125,12400,0.0,0
2002-11-06,603.599633838989,609.7588137761215,600.5200438704227,602.3677978515625,3600,0.0,0
2002-11-07,602.9836430718372,609.7587401850038,602.3677251524583,609.142822265625,2700,0.0,0
2002-11-08,602.98378827096,608.5270508801925,594.3609353232649,607.9111328125,5100,0.0,0
2002-11-11,585.1221977485405,588.8177063658998,560.4854736328125,560.4854736328125,8300,0.0,0
2002-11-12,560.4853992892387,573.419677734375,554.326219077269,573.419677734375,9200,0.0,0
2002-11-13,561.1014777364185,568.4924961039674,555.5582139607568,559.2537231445312,6100,0.0,0
2002-11-14,554.3263474555865,554.942265619426,536.4647207042398,539.5443115234375,14300,0.0,0
2002-11-15,536.4648339952137,562.9493206333241,535.2329974073946,554.9423828125,10300,0.0,0
2002-11-18,560.4855835244164,560.4855835244164,530.9215087890625,530.9215087890625,11600,0.0,0
2002-11-19,522.9145113149084,522.9145113149084,486.57534032835997,491.502685546875,8400,0.0,0
2002-11-20,491.5026245117188,491.5026245117188,456.3952941894531,456.3952941894531,20500,0.0,0
2002-11-21,468.09765625,493.9662109375,468.09765625,492.734375,15100,0.0,0
2002-11-22,505.0529012044271,554.3263549804688,505.0529012044271,554.3263549804688,10700,0.0,0
2002-11-25,572.8039246619342,575.8835156547402,542.0080147338732,556.1741333007812,19700,0.0,0
2002-11-26,571.5719981317934,571.5719981317934,554.9422093930451,566.6446533203125,7700,0.0,0
2002-11-27,535.8488781617419,566.6447906997731,535.8488781617419,559.8696899414062,6400,0.0,0
2002-11-28,572.8038029540273,607.9111328125,572.8038029540273,607.9111328125,15400,0.0,0
2002-11-29,609.7587283340531,628.2362655562971,609.7587283340531,612.8383178710938,16200,0.0,0
2002-12-02,612.8383178710938,612.8383178710938,612.8383178710938,612.8383178710938,0,0.0,0
2002-12-03,637.4752215217142,637.4752215217142,628.2364501953125,628.2364501953125,7200,0.0,0
2002-12-04,628.2365412870563,628.2365412870563,609.7589959550841,611.6067504882812,9300,0.0,0
2002-12-05,612.2226476111779,625.7728470552885,600.5202026367188,600.5202026367188,7600,0.0,0
2002-12-06,609.142968947885,609.142968947885,591.2813449848024,607.9111328125,6200,0.0,0
2002-12-09,607.9111328125,608.5270508801925,603.5997063386525,607.9111328125,4900,0.0,0
2002-12-10,615.9182986697635,615.9182986697635,560.4856517894848,569.7244262695312,15700,0.0,0
2002-12-11,569.7241787034638,603.5996704101562,569.7241787034638,603.5996704101562,5700,0.0,0
2002-12-12,602.9836035335766,602.9836035335766,585.7379029217889,586.3538208007812,5600,0.0,0
2002-12-13,586.35390625,592.5130859375,585.1220703125,585.1220703125,16900,0.0,0
2002-12-16,578.3471884489851,578.3471884489851,555.5582151022201,556.1741333007812,81100,0.0,0
2002-12-17,556.7900986876032,572.8039732073794,556.7900986876032,559.8696899414062,12800,0.0,0
2002-12-18,559.8695200896741,560.4854381535791,548.1670768754785,553.0944213867188,5300,0.0,0
2002-12-19,553.0943996695585,553.0943996695585,524.1462518026663,529.6895141601562,12400,0.0,0
2002-12-20,535.8488781617419,559.8696899414062,529.6896956541358,559.8696899414062,29200,0.0,0
2002-12-23,559.8696899414062,559.8696899414062,559.8696899414062,559.8696899414062,0,0.0,0
2002-12-24,505.6688231728294,542.0079956054688,498.893723227761,542.0079956054688,37800,0.0,0
2002-12-25,539.5442893159762,539.5442893159762,522.9144995767851,531.537353515625,20900,0.0,0
2002-12-26,523.5304554721765,558.0218737150494,523.5304554721765,526.6100463867188,10200,0.0,0
2002-12-27,542.0079977101293,553.0945249360183,529.6896341258082,535.8488159179688,8400,0.0,0
2002-12-30,536.4647340971848,545.0875886062096,535.8488159179688,535.8488159179688,2800,0.0,0
2002-12-31,535.8488159179688,535.8488159179688,535.8488159179688,535.8488159179688,0,0.0,0
2003-01-01,535.8488159179688,535.8488159179688,535.8488159179688,535.8488159179688,0,0.0,0
2003-01-02,535.8488159179688,535.8488159179688,535.8488159179688,535.8488159179688,0,0.0,0
2003-01-03,535.8488159179688,535.8488159179688,535.8488159179688,535.8488159179688,0,0.0,0
2003-01-06,537.0806592561522,556.7900412472036,537.0806592561522,550.630859375,2800,0.0,0
2003-01-07,562.9491460443853,564.7969003530649,557.4058831183465,560.4854736328125,12400,0.0,0
2003-01-08,572.8037834776857,578.3470458984375,566.0286849634335,578.3470458984375,8400,0.0,0
2003-01-09,582.04248046875,591.28125,572.8037109375,588.20166015625,10900,0.0,0
2003-01-10,588.201719634387,603.5996704101562,585.1221294792331,603.5996704101562,12700,0.0,0
2003-01-13,603.5996704101562,603.5996704101562,603.5996704101562,603.5996704101562,0,0.0,0
2003-01-14,591.2813374533582,591.8972555132056,573.419713717788,577.7311401367188,7500,0.0,0
2003-01-15,577.7311286392459,578.3470466868357,560.485423306731,572.1878662109375,10500,0.0,0
2003-01-16,572.1880368468583,582.042728547127,563.565181609123,572.803955078125,12000,0.0,0
2003-01-17,572.803955078125,572.803955078125,567.8766092279906,572.803955078125,7800,0.0,0
2003-01-20,572.8038701424707,572.8038701424707,565.412852463213,570.9561157226562,3800,0.0,0
2003-01-21,561.7174269153226,572.803955078125,561.7174269153226,572.803955078125,2300,0.0,0
2003-01-22,570.3402821530578,579.5790556220599,570.3402821530578,572.803955078125,800,0.0,0
2003-01-23,564.1811176967307,564.1811176967307,558.637853439885,559.8696899414062,16200,0.0,0
2003-01-24,580.8106821906736,582.0425182080451,559.2535518866719,564.7968139648438,4900,0.0,0
2003-01-27,564.1810293456501,572.1879653516473,564.1810293456501,567.2606201171875,3900,0.0,0
2003-01-28,561.1013676181781,565.4127941531146,548.7830060897877,558.6376953125,10500,0.0,0
2003-01-29,552.4786520479977,552.4786520479977,511.21213065756757,518.6031494140625,14000,0.0,0
2003-01-30,517.9871304021405,532.7691650390625,517.3712122922688,532.7691650390625,7700,0.0,0
2003-01-31,523.5302369452027,534.6167596099245,523.5302369452027,525.3779907226562,4200,0.0,0
2003-02-03,524.1463705128637,535.8488159179688,518.6031068999191,535.8488159179688,4600,0.0,0
2003-02-04,560.485536702474,561.1014548746745,528.4577917480469,554.3263549804688,3300,0.0,0
2003-02-05,553.7105088360541,557.4060183499766,535.8488795187621,556.7901000976562,4600,0.0,0
2003-02-06,569.1083953857421,569.1083953857421,539.5443228981711,542.0079956054688,3600,0.0,0
2003-02-07,542.0079726472908,542.0079726472908,535.8487911399352,537.0806274414062,4800,0.0,0
2003-02-10,555.5581071202085,555.5581071202085,546.3193359375,546.3193359375,2900,0.0,0
2003-02-11,546.3193359375,546.3193359375,546.3193359375,546.3193359375,0,0.0,0
2003-02-12,554.3263549804688,554.3263549804688,542.6239097086589,554.3263549804688,4300,0.0,0
2003-02-13,553.7104368082682,554.3263549804688,542.0079915364583,554.3263549804688,6500,0.0,0
2003-02-14,558.0216921279615,558.0216921279615,542.6237425659317,547.5510864257812,6300,0.0,0
2003-02-17,556.1739993493204,562.3331798515278,538.9282939431399,553.7103271484375,1300,0.0,0
2003-02-18,547.5511466462302,566.6446062030728,541.391966144023,553.7103271484375,4200,0.0,0
2003-02-19,543.2397931174762,554.942237640415,543.2397931174762,550.014892578125,4600,0.0,0
2003-02-20,550.630859375,553.7104503111018,542.008004753915,550.630859375,6100,0.0,0
2003-02-21,550.6307755469194,551.2466936403723,542.6238403320312,542.6238403320312,3700,0.0,0
2003-02-24,550.014869267523,550.014869267523,538.9283433472369,545.0875244140625,5300,0.0,0
2003-02-25,551.3170597710752,551.3170597710752,535.7431315289543,546.9563598632812,6800,10.0,0
2003-02-26,550.6941210487471,550.6941210487471,536.3661065870715,540.726806640625,3800,0.0,0
2003-02-27,540.7269612348616,540.7269612348616,530.1366866484645,540.10400390625,4600,0.0,0
2003-02-28,533.251332516642,539.4809041581915,522.6610607260077,526.3988037109375,8600,0.0,0
2003-03-03,526.3987927375193,536.9890643073866,523.2840069816759,530.1365356445312,8500,0.0,0
2003-03-04,529.5135210484301,532.6283064663621,525.7757785469119,528.8905639648438,6900,0.0,0
2003-03-05,526.3988513125187,527.6447657534951,520.792236328125,520.792236328125,7100,0.0,0
2003-03-06,517.0544074563419,523.2839786305148,517.0544074563419,518.9232788085938,8500,0.0,0
2003-03-07,512.6937866210938,520.1692731817901,512.6937866210938,512.6937866210938,5800,0.0,0
2003-03-10,510.82493228375756,510.82493228375756,486.5296001385545,487.1525573730469,13400,0.0,0
2003-03-11,499.61163060572244,499.61163060572244,479.677001953125,479.677001953125,2400,0.0,0
2003-03-12,474.6933089967758,480.92287998098544,461.6112099299355,470.95556640625,6300,0.0,0
2003-03-13,471.5785168975477,484.03765869140625,471.5785168975477,484.03765869140625,5200,0.0,0
2003-03-14,483.4148176183653,495.87396240234375,471.5786300735857,495.87396240234375,18900,0.0,0
2003-03-17,496.49687454085097,496.49687454085097,473.44745878424936,480.29998779296875,5700,0.0,0
2003-03-18,482.7918025139436,482.7918025139436,474.693359375,474.693359375,5800,0.0,0
2003-03-19,467.8407656316888,467.8407656316888,448.52909621147256,454.7586669921875,10900,0.0,0
2003-03-20,455.3815782518606,462.2341054211773,455.3815782518606,460.365234375,8500,0.0,0
2003-03-21,460.365234375,460.365234375,460.365234375,460.365234375,0,0.0,0
2003-03-24,491.5131877156047,491.5131877156047,478.4310876623377,479.677001953125,4700,0.0,0
2003-03-25,484.03766547309027,484.03766547309027,470.95556640624994,470.95556640625,2200,0.0,0
2003-03-26,470.95552604429184,470.95552604429184,456.00455696352066,463.48004150390625,12400,0.0,0
2003-03-27,463.4801097972973,463.4801097972973,456.62758129222976,460.98828125,15800,0.0,0
2003-03-28,460.98836477179276,473.447509765625,460.98836477179276,473.447509765625,3500,0.0,0
2003-03-31,479.6769496942658,484.6606063144659,476.5621643066406,476.5621643066406,5900,0.0,0
2003-04-01,474.69334478997564,482.79178768009336,474.69334478997564,479.677001953125,3800,0.0,0
2003-04-02,479.6772249661959,485.90679931640625,479.0542675311749,485.90679931640625,3200,0.0,0
2003-04-03,495.2510135048314,495.2510135048314,473.447509765625,473.447509765625,5600,0.0,0
2003-04-04,473.44743049918833,479.677001953125,473.44743049918833,479.677001953125,3500,0.0,0
2003-04-07,480.2999664386321,480.2999664386321,473.447437734579,477.1851806640625,3300,0.0,0
2003-04-08,495.8738877333604,495.8738877333604,474.070387644582,479.677001953125,2600,0.0,0
2003-04-09,473.44731962393183,479.6768896189835,460.98817963382834,464.7259216308594,3400,0.0,0
2003-04-10,467.2179493477674,469.7097784109555,459.1195048924061,459.7424621582031,3700,0.0,0
2003-04-11,462.2341020303538,482.79168338749895,460.3652309978861,461.61114501953125,15200,0.0,0
2003-04-14,464.1031095377604,476.56225341796875,464.1031095377604,467.2178955078125,6000,0.0,0
2003-04-15,479.0540448077314,479.677001953125,470.33264477221996,479.677001953125,11900,0.0,0
2003-04-16,479.6769657841435,479.6769657841435,470.332609307829,470.95556640625,6900,0.0,0
2003-04-17,467.8407809141451,470.95556640624994,467.8407809141451,470.95556640625,5800,0.0,0
2003-04-18,475.9393713842464,492.13626098632807,473.4475422146954,492.1362609863281,5000,0.0,0
2003-04-21,498.36576858369426,503.9723834802608,492.1361964763981,503.34942626953125,11500,0.0,0
2003-04-22,492.13626098632807,498.9887912025934,490.89034640155256,492.1362609863281,7100,0.0,0
2003-04-23,507.0871316221338,529.5135895317122,506.4641744579789,526.3988037109375,24900,0.0,0
2003-04-24,527.6447656026701,527.6447656026701,510.8249206542969,510.8249206542969,25500,0.0,0
2003-04-25,521.415049985766,521.415049985766,505.8411237615794,506.4640808105469,6100,0.0,0
2003-04-28,518.92327522689,520.169189453125,507.71004719077473,520.169189453125,6200,0.0,0
2003-04-29,520.169189453125,520.169189453125,520.169189453125,520.169189453125,0,0.0,0
2003-04-30,517.0545025222872,518.3004169861963,505.841272347105,507.71014404296875,5000,0.0,0
2003-05-01,505.84127417874623,522.6611195024237,503.34944524190513,517.0545043945312,11000,0.0,0
2003-05-02,524.5298581178162,551.9399694683908,524.5298581178162,541.97265625,18700,0.0,0
2003-05-05,541.97265625,541.97265625,541.97265625,541.97265625,0,0.0,0
2003-05-06,556.9237818499795,585.5798153679874,554.4319528484136,571.874755859375,29200,0.0,0
2003-05-07,590.5633397897963,590.5633397897963,555.6777416587535,563.7761840820312,23000,0.0,0
2003-05-08,563.7762055449433,578.7271767417153,560.6614198789492,566.8909912109375,8200,0.0,0
2003-05-09,576.2354295518663,576.2354295518663,551.3171407063802,560.6614990234375,11900,0.0,0
2003-05-12,560.6615670558137,560.6615670558137,548.2024211212401,548.8253784179688,8700,0.0,0
2003-05-13,548.8253118218316,576.2354295518663,548.2023546006944,560.6614990234375,11500,0.0,0
2003-05-14,560.6613629715033,572.4975473009017,560.6613629715033,565.64501953125,6800,0.0,0
2003-05-15,573.1205841231216,574.9894555930882,566.2680553999103,570.0057983398438,12900,0.0,0
2003-05-16,570.0057983398438,572.497626966466,565.0221410865992,570.0057983398438,12200,0.0,0
2003-05-19,566.8909912109375,569.3828197437329,566.8909912109375,566.8909912109375,5700,0.0,0
2003-05-20,566.8910978562432,573.1206703601579,566.8910978562432,571.874755859375,13400,0.0,0
2003-05-21,566.8909912109375,573.1205625429259,566.8909912109375,566.8909912109375,9700,0.0,0
2003-05-22,566.8910336701766,573.12060546875,566.8910336701766,573.12060546875,5300,0.0,0
2003-05-23,573.12060546875,579.3501772673234,566.8910336701766,573.12060546875,11800,0.0,0
2003-05-26,573.1204663348454,584.9566498787173,573.1204663348454,579.3500366210938,5900,0.0,0
2003-05-27,583.7108404930602,591.8092833174036,583.7108404930602,585.5797119140625,21900,0.0,0
2003-05-28,591.8092759989075,604.2684186515162,586.2026618052337,588.071533203125,5800,0.0,0
2003-05-29,591.8092759989075,591.8092759989075,587.4485760704946,588.071533203125,4300,0.0,0
2003-05-30,591.8092041015625,598.6617317280017,587.4485047029194,591.8092041015625,3600,0.0,0
2003-06-02,586.8255476459705,594.9239893863077,586.8255476459705,591.8092041015625,5900,0.0,0
2003-06-03,585.5796550331315,594.9240112304688,585.5796550331315,594.9240112304688,6800,0.0,0
2003-06-04,594.3012101967638,603.6455688476562,589.9405094930139,603.6455688476562,5700,0.0,0
2003-06-05,594.9241994432182,607.3833449812961,594.9241994432182,603.0226440429688,8000,0.0,0
2003-06-06,603.0224391347027,606.7601815260335,593.055126091154,599.9076538085938,3300,0.0,0
2003-06-09,598.0389423076923,609.875129707532,598.0389423076923,607.38330078125,7000,0.0,0
2003-06-10,607.3831385912554,607.3831385912554,599.9076538085938,599.9076538085938,4100,0.0,0
2003-06-11,601.7765826131396,604.2684111125728,601.1536254882812,601.1536254882812,3600,0.0,0
2003-06-12,601.1535599557977,604.8913022974918,591.8092041015625,591.8092041015625,17300,0.0,0
2003-06-13,604.2685050489497,606.7603339357495,598.0389328319502,600.53076171875,11800,0.0,0
2003-06-16,612.9899046767028,631.0556640625,610.4980757959032,631.0556640625,18900,0.0,0
2003-06-17,654.1050760369551,672.7937924951539,654.1050760369551,662.8264770507812,20100,0.0,0
2003-06-18,695.2200685754286,703.9414672851562,685.2527557643114,703.9414672851562,24000,0.0,0
2003-06-19,728.8597141431726,728.8597141431726,685.2527226987092,716.4005737304688,17100,0.0,0
2003-06-20,691.4825115324032,716.4008002362737,691.4825115324032,692.10546875,14800,0.0,0
2003-06-23,729.4826960968711,740.6959228515625,711.4169418809793,740.6959228515625,12500,0.0,0
2003-06-24,728.8597493129494,728.8597493129494,703.9414672851562,703.9414672851562,12100,0.0,0
2003-06-25,716.4006082990528,722.6301788060011,703.9414672851562,703.9414672851562,8800,0.0,0
2003-06-26,703.9416041518703,703.9416041518703,642.2688441421046,657.8427734375,8500,0.0,0
2003-06-27,716.4007957945478,716.4007957945478,670.9249191919374,673.416748046875,6900,0.0,0
2003-06-30,684.0068854501314,684.0068854501314,659.7115589177497,666.5640869140625,8200,0.0,0
2003-07-01,673.4166583025897,685.252843786169,669.6789155183016,672.793701171875,3100,0.0,0
2003-07-02,710.1712812943892,710.1712812943892,685.2529907226562,685.2529907226562,6500,0.0,0
2003-07-03,716.4006441133516,719.5154295225401,691.4823608398438,691.4823608398438,9900,0.0,0
2003-07-04,691.482489051717,716.4007769454726,685.2529170782781,699.5809326171875,5100,0.0,0
2003-07-07,716.4006082990528,719.5153935525269,685.2527557643114,703.9414672851562,8200,0.0,0
2003-07-08,735.0893764678134,735.0893764678134,707.0563070262442,717.0236206054688,12900,0.0,0
2003-07-09,728.8598014938999,728.8598014938999,703.9415176821427,707.6792602539062,14500,0.0,0
2003-07-10,703.9416428554205,722.6303590374227,703.9416428554205,706.4334716796875,6000,0.0,0
2003-07-11,735.0893948393679,735.0893948393679,700.8267535544821,710.7940673828125,7200,0.0,0
2003-07-14,717.0236206054688,722.6302344937826,717.0236206054688,717.0236206054688,3100,0.0,0
2003-07-15,716.4007642922393,734.4665226961306,713.2859783605339,713.908935546875,7300,0.0,0
2003-07-16,716.4006304635875,722.6302011632708,707.0562744140625,707.0562744140625,6200,0.0,0
2003-07-17,703.9416420827544,708.925299725818,685.8758831266482,686.4988403320312,3300,0.0,0
2003-07-18,686.4988521278327,703.3186969621806,686.4988521278327,702.6957397460938,4000,0.0,0
2003-07-21,702.6957397460938,702.6957397460938,702.6957397460938,702.6957397460938,0,0.0,0
2003-07-22,697.0890799528452,702.6956945369163,687.1217651367188,687.1217651367188,5100,0.0,0
2003-07-23,700.2038035801479,716.4006887163436,697.7119750976562,697.7119750976562,6800,0.0,0
2003-07-24,696.4661180900805,715.1548332445549,696.4661180900805,698.9579467773438,3200,0.0,0
2003-07-25,714.5319053534408,715.1548625507847,699.5809326171875,699.5809326171875,3300,0.0,0
2003-07-28,701.4496052352242,716.4005737304688,697.7118631114131,716.4005737304688,6900,0.0,0
2003-07-29,716.4007384201576,731.9746675162479,716.4007384201576,722.6303100585938,5800,0.0,0
2003-07-30,716.4008848128781,734.4666462559854,698.9580806609123,733.8436889648438,9600,0.0,0
2003-07-31,732.5975887815545,732.5975887815545,701.449732115672,703.318603515625,4100,0.0,0
2003-08-01,722.6301591822153,722.6301591822153,697.7118778311044,722.0072021484375,5900,0.0,0
2003-08-04,721.3842870233342,721.3842870233342,703.9414890642208,707.0562744140625,5700,0.0,0
2003-08-05,697.7121360085227,697.7121360085227,685.2529907226562,685.2529907226562,5600,0.0,0
2003-08-06,685.2529907226562,707.0564949729226,668.4331445867365,685.2529907226562,8300,0.0,0
2003-08-07,685.2529393564356,692.7284259675968,685.2529393564356,692.10546875,1000,0.0,0
2003-08-08,695.2201607824956,707.0563463155308,679.6462324495543,703.318603515625,6300,0.0,0
2003-08-11,707.0564949729226,707.0564949729226,685.2529907226562,685.2529907226562,2200,0.0,0
2003-08-12,685.2529907226562,685.8759479869495,672.7938454367898,685.2529907226562,6000,0.0,0
2003-08-13,697.7120624011076,701.449805592542,679.6463036425074,688.9906616210938,6200,0.0,0
2003-08-14,676.5315366704413,703.3186969621806,676.5315366704413,702.6957397460938,6900,0.0,0
2003-08-15,684.0069580078125,684.0069580078125,684.0069580078125,684.0069580078125,2700,0.0,0
2003-08-18,685.25292445124,700.8268545524045,685.25292445124,697.089111328125,6000,0.0,0
2003-08-19,704.5644821286513,715.7777099609375,703.9415250268576,715.7777099609375,6500,0.0,0
2003-08-20,713.2860717773438,713.2860717773438,698.9580546150041,713.2860717773438,5000,0.0,0
2003-08-21,713.2858815537628,716.4006670627311,713.2858815537628,715.7777099609375,4600,0.0,0
2003-08-22,715.7777425022276,716.4006996323427,703.9415570300412,704.5645141601562,7100,0.0,0
2003-08-25,715.1547163236509,716.4006304635875,704.5644461341891,707.0562744140625,5700,0.0,0
2003-08-26,707.0562907627651,710.8272576468332,701.399840436663,703.913818359375,4600,10.0,0
2003-08-27,678.7739470108696,722.7685546875,678.7739470108696,722.7685546875,10200,0.0,0
2003-08-28,697.6288926374448,703.9138376161604,692.6009366544722,693.2294311523438,10500,0.0,0
2003-08-29,693.2296001642401,703.9140092329545,685.6876643510299,691.3441162109375,12400,0.0,0
2003-09-01,691.9725266927084,707.056396484375,685.0590863715278,707.056396484375,9700,0.0,0
2003-09-02,703.913818359375,703.913818359375,688.2014563424248,703.913818359375,3800,0.0,0
2003-09-03,716.4838005514706,719.6262733609068,704.5424038756128,705.1708984375,12100,0.0,0
2003-09-04,692.6009177071708,716.4837079729353,692.6009177071708,703.913818359375,10200,0.0,0
2003-09-05,691.3441162109375,703.9140092329545,691.3441162109375,691.3441162109375,7700,0.0,0
2003-09-08,703.9139278017242,729.0537109375,703.2854332233297,729.0537109375,12000,0.0,0
2003-09-09,741.6235047612324,798.1880093616654,741.6235047612324,782.4756469726562,25500,0.0,0
2003-09-10,798.1878593272733,848.4674095211172,795.045387440158,835.8975219726562,56600,0.0,0
2003-09-11,835.8978357449383,848.4677280117795,810.758051211256,847.8392333984375,27700,0.0,0
2003-09-12,860.4090847439236,860.4090847439236,833.3838176555462,837.15478515625,24100,0.0,0
2003-09-15,837.15478515625,837.15478515625,837.15478515625,837.15478515625,0,0.0,0
2003-09-16,841.5540984874463,854.7524824069657,817.0428140654818,823.3277587890625,24000,0.0,0
2003-09-17,829.6127035126431,835.8976482362237,823.3277587890625,823.3277587890625,8900,0.0,0
2003-09-18,798.1878981817335,808.8723031180245,786.8749988374256,791.9029541015625,8400,0.0,0
2003-09-19,798.8164827602117,804.4729330708661,788.7605710968257,798.18798828125,9800,0.0,0
2003-09-22,791.9030064174108,791.9030064174108,741.6234504544005,769.9057006835938,3800,0.0,0
2003-09-23,769.9057006835938,769.9057006835938,769.9057006835938,769.9057006835938,0,0.0,0
2003-09-24,744.7659301757812,756.0788303809829,741.6234578965585,744.7659301757812,5200,0.0,0
2003-09-25,757.3356159667969,785.6178588867188,738.4807873535157,785.6178588867188,7700,0.0,0
2003-09-26,791.9030644060617,791.9030644060617,754.1933946724398,782.4756469726562,5600,0.0,0
2003-09-29,761.735337987876,769.9057665306503,757.3358764648438,757.3358764648438,2000,0.0,0
2003-09-30,755.4505317179362,760.478488667806,754.1935424804688,754.1935424804688,4600,0.0,0
2003-10-01,779.3331644460925,779.3331644460925,766.763274696962,768.020263671875,6900,0.0,0
2003-10-02,769.9057782282595,785.6181410492444,764.8778221255443,766.7633056640625,9600,0.0,0
2003-10-03,784.3614683245669,785.6184578571383,760.4786672057098,761.7356567382812,8200,0.0,0
2003-10-06,761.73542125805,762.9924104020403,741.6235949542072,744.1375732421875,16900,0.0,0
2003-10-07,744.1375600706244,754.1934730445519,739.1096035836608,739.7380981445312,19600,0.0,0
2003-10-08,739.7380981445312,752.3079893619405,732.8246579749562,739.7380981445312,6800,0.0,0
2003-10-09,739.7382045674607,754.1935815471137,739.7382045674607,740.36669921875,3300,0.0,0
2003-10-10,754.1934967041016,754.1934967041016,678.7741470336914,724.0257568359375,25900,0.0,0
2003-10-13,724.0257568359375,724.0257568359375,724.0257568359375,724.0257568359375,0,0.0,0
2003-10-14,740.3665361248079,778.704701408011,738.4810525862897,766.7633056640625,21400,0.0,0
2003-10-15,817.0429021661932,848.4676291725852,810.7579567649148,829.61279296875,34200,0.0,0
2003-10-16,754.1932896205357,817.042730422247,741.6234014601935,791.9029541015625,36800,0.0,0
2003-10-17,823.3278188023212,826.4702913931698,779.3332025304414,825.841796875,32300,0.0,0
2003-10-20,813.2718472313335,829.6127035126431,800.7019577841722,823.3277587890625,10000,0.0,0
2003-10-21,817.0430938307976,817.0430938307976,790.017822265625,790.017822265625,14600,0.0,0
2003-10-22,764.878034763139,801.3307266417438,764.878034763139,790.017822265625,5400,0.0,0
2003-10-23,754.193549721928,779.3333347126588,710.1989259881487,741.6236572265625,12700,0.0,0
2003-10-24,747.908402455004,760.4782915718947,744.7659301757812,744.7659301757812,7100,0.0,0
2003-10-27,766.7633952752218,773.0483411381334,744.766084755031,770.5343627929688,6500,0.0,0
2003-10-28,753.5648292107311,773.0481567382812,753.5648292107311,773.0481567382812,4600,0.0,0
2003-10-29,768.0202859781015,773.0482420237846,749.7939453125,749.7939453125,3800,0.0,0
2003-10-30,750.4224820113301,772.4197909480106,750.4224820113301,757.9644165039062,3800,0.0,0
2003-10-31,758.592909934304,781.8472079190341,758.592909934304,760.4783935546875,17500,0.0,0
2003-11-03,760.4783935546875,760.4783935546875,760.4783935546875,760.4783935546875,0,0.0,0
2003-11-04,778.7048054716013,782.4757730525776,773.0483541001369,774.933837890625,4300,0.0,0
2003-11-05,762.3640730546413,762.9925677562527,735.3388008853506,742.8807373046875,2600,0.0,0
2003-11-06,754.193549721928,766.7634422172933,741.6236572265625,741.6236572265625,4500,0.0,0
2003-11-07,741.6235226255079,754.1934128394995,734.0815884971129,734.7100830078125,7700,0.0,0
2003-11-10,729.0537109375,754.1934940732759,729.0537109375,729.0537109375,3100,0.0,0
2003-11-11,741.6235226255079,741.6235226255079,697.628906876537,734.7100830078125,5700,0.0,0
2003-11-12,722.1402319643678,749.1654973903625,722.1402319643678,747.9085083007812,1600,0.0,0
2003-11-13,722.7686037962465,729.0535481770834,710.1987150345726,710.8272094726562,2500,0.0,0
2003-11-14,735.3384425951087,735.3384425951087,710.8271611752717,722.7685546875,4600,0.0,0
2003-11-17,710.1987558497061,710.1987558497061,634.7794189453125,634.7794189453125,16000,0.0,0
2003-11-18,631.6370250842907,634.7794978459041,617.1816503808691,629.123046875,6600,0.0,0
2003-11-19,628.4945523226772,629.123046875,628.4945523226772,629.123046875,2300,0.0,0
2003-11-20,629.1229849288713,670.6036212978079,629.1229849288713,631.636962890625,2700,0.0,0
2003-11-21,632.8939509623351,634.7794344309418,632.8939509623351,634.1509399414062,3100,0.0,0
2003-11-24,634.1509399414062,634.1509399414062,634.1509399414062,634.1509399414062,0,0.0,0
2003-11-25,671.8606854081154,671.8606854081154,643.5784301757812,643.5784301757812,3400,0.0,0
2003-11-26,668.7181781348223,668.7181781348223,647.3493641718675,649.8633422851562,4200,0.0,0
2003-11-27,666.2041672926683,666.2041672926683,651.1202993539664,653.63427734375,1900,0.0,0
2003-11-28,650.4918145751953,653.634287109375,628.4945068359375,628.4945068359375,33100,0.0,0
2003-12-01,615.9245847192142,634.7794189453125,609.6396399771813,634.7794189453125,7900,0.0,0
2003-12-02,644.8354720486939,658.662353515625,644.2069774365607,658.662353515625,11100,0.0,0
2003-12-03,653.0057527692791,659.2906974542577,642.3213468048154,652.3772583007812,9200,0.0,0
2003-12-04,647.3495045731707,649.2349885670732,641.0645579268293,644.20703125,2800,0.0,0
2003-12-05,644.8354217048706,644.8354217048706,637.9219815111536,638.5504760742188,2900,0.0,0
2003-12-08,638.5504022854478,638.5504022854478,628.4944904384329,631.636962890625,3600,0.0,0
2003-12-09,631.636915847718,636.6648713967545,631.636915847718,636.036376953125,2800,0.0,0
2003-12-10,629.7514674331203,634.7794232609295,622.2095336914062,622.2095336914062,4900,0.0,0
2003-12-11,622.2095294612469,634.7794189453125,622.2095294612469,634.7794189453125,4300,0.0,0
2003-12-12,634.7795796876976,634.7795796876976,620.324203120552,620.9526977539062,11600,0.0,0
2003-12-15,634.7794696950286,634.7794696950286,621.5810846815676,622.8380737304688,3500,0.0,0
2003-12-16,621.5811012995412,622.2095958407946,619.0671231345278,619.6956176757812,8600,0.0,0
2003-12-17,619.0670795108791,620.3240685048098,614.0391235351562,614.0391235351562,9900,0.0,0
2003-12-18,609.6396658398235,609.6396658398235,598.9552593251049,603.9832153320312,6500,0.0,0
2003-12-19,602.7262135716488,602.7262135716488,590.7848183079769,597.0697631835938,10100,0.0,0
2003-12-22,590.7849811056386,590.7849811056386,566.9021839971127,578.215087890625,10700,0.0,0
2003-12-23,578.215087890625,578.215087890625,578.215087890625,578.215087890625,0,0.0,0
2003-12-24,568.78759765625,571.9300705714779,562.5026518257941,568.78759765625,17100,0.0,0
2003-12-25,563.759504045759,575.0724037924965,559.3600430331387,571.929931640625,13400,0.0,0
2003-12-26,572.5584987331081,584.4998944256756,572.5584987331081,581.357421875,5800,0.0,0
2003-12-29,581.9859227498373,608.3826924641927,581.9859227498373,603.354736328125,5800,0.0,0
2003-12-30,602.7261971199076,603.3546915903141,590.7848021821826,600.2122192382812,1900,0.0,0
2003-12-31,600.2122192382812,600.2122192382812,600.2122192382812,600.2122192382812,0,0.0,0
2004-01-01,600.2122192382812,600.2122192382812,600.2122192382812,600.2122192382812,0,0.0,0
2004-01-02,600.2122192382812,600.2122192382812,600.2122192382812,600.2122192382812,0,0.0,0
2004-01-05,603.35485687889,606.4973300918009,603.35485687889,605.8688354492188,2400,0.0,0
2004-01-06,606.4971972268726,634.7794499472966,605.8687027219743,633.5224609375,13300,0.0,0
2004-01-07,658.6623248076319,658.6623248076319,621.5811443079656,625.3521118164062,5700,0.0,0
2004-01-08,619.0670612990253,629.1229729546441,619.0670612990253,622.2095336914062,4800,0.0,0
2004-01-09,622.838056274414,628.4945068359375,622.838056274414,628.4945068359375,2000,0.0,0
2004-01-12,628.4945068359375,628.4945068359375,628.4945068359375,628.4945068359375,0,0.0,0
2004-01-13,641.0643949962798,650.4918125697545,633.5224609375,633.5224609375,3400,0.0,0
2004-01-14,646.0923827154262,646.0923827154262,628.494535715395,632.2655029296875,3100,0.0,0
2004-01-15,632.8939683837891,634.7794519042969,628.4945068359375,628.4945068359375,3700,0.0,0
2004-01-16,641.0643969726563,641.0643969726563,615.9246166992187,628.4945068359375,3600,0.0,0
2004-01-19,635.4079539523786,650.4918222954618,635.4079539523786,647.9778442382812,8000,0.0,0
2004-01-20,641.0643873948318,653.63427734375,641.0643873948318,653.63427734375,8100,0.0,0
2004-01-21,653.6343721556432,653.6343721556432,647.3494262695312,647.3494262695312,2800,0.0,0
2004-01-22,644.2068018338095,647.349274037877,644.2068018338095,646.09228515625,2300,0.0,0
2004-01-23,653.6342645317055,659.919209382972,646.7208251953125,646.7208251953125,4300,0.0,0
2004-01-26,653.634247237777,653.634247237777,647.3493025527983,652.3772583007812,6300,0.0,0
2004-01-27,653.6342627471071,653.6342627471071,642.9498565291254,651.748779296875,5700,0.0,0
2004-01-28,651.7489096819471,652.3774042910908,636.6650390625,636.6650390625,5000,0.0,0
2004-01-29,635.4080342851447,642.3214748164371,634.7795396913908,637.2935180664062,6600,0.0,0
2004-01-30,629.7515461413388,629.7515461413388,617.8101495578204,619.067138671875,3100,0.0,0
2004-02-02,619.6955349578708,640.4358520507812,619.6955349578708,640.4358520507812,7900,0.0,0
2004-02-03,639.8073575934203,640.4358520507812,623.4665017020363,640.4358520507812,2800,0.0,0
2004-02-04,621.5811288366356,635.408009356763,619.6956451293455,625.9805908203125,4700,0.0,0
2004-02-05,625.9806578344228,626.6091524708028,615.9247436523438,615.9247436523438,5700,0.0,0
2004-02-06,617.8102260682641,634.7795812095084,616.5532367985423,618.438720703125,3300,0.0,0
2004-02-09,634.7794519042969,637.9219244384766,628.4945068359375,628.4945068359375,6000,0.0,0
2004-02-10,640.4359024658203,640.4359024658203,628.4945068359375,628.4945068359375,2500,0.0,0
2004-02-11,628.4945068359375,628.4945068359375,628.4945068359375,628.4945068359375,0,0.0,0
2004-02-12,631.6369465742962,641.0643636873453,628.4944742032798,634.7794189453125,4600,0.0,0
2004-02-13,646.092409620098,646.092409620098,634.7795075061274,641.064453125,3000,0.0,0
2004-02-16,659.9193818387929,659.9193818387929,641.6930370070548,644.8355102539062,800,0.0,0
2004-02-17,644.8353757360298,644.8353757360298,629.1230127794989,637.9219360351562,1800,0.0,0
2004-02-18,629.7515083109237,647.3493548505502,629.7515083109237,635.407958984375,3400,0.0,0
2004-02-19,630.3800193225413,637.921953751126,630.3800193225413,632.2655029296875,4000,0.0,0
2004-02-20,630.3800775351139,637.2935180664062,630.3800775351139,637.2935180664062,2500,0.0,0
2004-02-23,653.6342989916872,653.6342989916872,636.6649469986338,637.9219360351562,4100,0.0,0
2004-02-24,639.4972457428892,647.6878508607784,630.0465475299401,631.306640625,4400,2.5,0
2004-02-25,643.9074427623109,643.9074427623109,619.3356323242188,619.3356323242188,3600,0.0,0
2004-02-26,629.4164013061524,630.6764942016601,620.5957510375977,630.0464477539062,1900,0.0,0
2004-02-27,630.0465407880765,648.9479370117188,630.0465407880765,648.9479370117188,5500,0.0,0
2004-03-01,659.0286060388008,661.5487919127542,648.9478625429874,658.3985595703125,14700,0.0,0
2004-03-02,657.7684154803936,661.5486937302809,652.7280444805439,655.2482299804688,7900,0.0,0
2004-03-03,644.5375754454078,650.2079939977134,644.5375754454078,645.7976684570312,2000,0.0,0
2004-03-04,645.7975739618306,693.051054983428,645.7975739618306,686.1205444335938,9700,0.0,0
2004-03-05,686.750590847215,693.051054983428,680.450126711002,686.1205444335938,12100,0.0,0
2004-03-08,686.7506220037287,693.0510864257812,680.4501575816762,693.0510864257812,7200,0.0,0
2004-03-09,693.0509062736265,787.5578480382119,693.0509062736265,781.2573852539062,26500,0.0,0
2004-03-10,749.755126953125,765.5062850823923,743.4546637014181,749.755126953125,12300,0.0,0
2004-03-11,724.5534504929634,737.154380066754,724.5534504929634,735.894287109375,6600,0.0,0
2004-03-12,748.4951477050781,748.4951477050781,724.5533837212457,725.8134765625,13300,0.0,0
2004-03-15,730.8537916644428,739.0443945020616,727.7035598038202,737.7843017578125,8300,0.0,0
2004-03-16,737.7842799978768,800.1588689985512,737.7842799978768,788.18798828125,21000,0.0,0
2004-03-17,788.8180737324172,790.7082128867281,778.1072851913221,789.4481201171875,12400,0.0,0
2004-03-18,789.4482200592162,790.7083129882812,784.4078483429563,790.7083129882812,7300,0.0,0
2004-03-19,787.5580522535695,787.5580522535695,781.2575878355409,781.8876342773438,9900,0.0,0
2004-03-22,781.2573959661989,781.8874422532684,771.8067016601562,771.8067016601562,5200,0.0,0
2004-03-23,746.6050556362076,755.4257060825425,744.0848697943976,751.015380859375,4100,0.0,0
2004-03-24,749.7553013985503,749.7553013985503,740.9346507938615,741.564697265625,4200,0.0,0
2004-03-25,762.3561179748381,765.5063498672961,747.8650512695312,747.8650512695312,9400,0.0,0
2004-03-26,765.5063442921074,765.5063442921074,719.5129589971907,720.1430053710938,2700,0.0,0
2004-03-29,732.743971514203,756.0556885787133,730.8538322927562,752.9054565429688,2300,0.0,0
2004-03-30,728.3335921894712,756.055632030593,728.3335921894712,749.1251220703125,5900,0.0,0
2004-03-31,750.3853071594237,756.0557250976562,737.7843784077962,756.0557250976562,3200,0.0,0
2004-04-01,752.9055561155003,756.0557885678664,711.9525342347409,726.443603515625,14900,0.0,0
2004-04-02,749.7552571614584,819.0603649662991,749.7552571614584,803.3092041015625,22100,0.0,0
2004-04-05,811.49974609375,824.7307202148438,791.33826171875,819.060302734375,29200,0.0,0
2004-04-06,806.4595087548638,819.0604385791585,801.4191368251459,809.6097412109375,10600,0.0,0
2004-04-07,802.0490135853685,811.4997089536172,798.8987817959522,800.1588745117188,6700,0.0,0
2004-04-08,810.8698256870487,812.7599651408646,798.8989424795475,801.4191284179688,24000,0.0,0
2004-04-09,789.4481175885173,789.4481175885173,767.3964941921901,775.5870971679688,8600,0.0,0
2004-04-12,774.9571513749688,800.1590099562686,761.096129155254,790.7083129882812,9100,0.0,0
2004-04-13,793.8583743129324,811.4996715198864,793.8583743129324,797.0086059570312,21700,0.0,0
2004-04-14,802.0489653110504,811.4996601104737,786.2978073120117,806.4592895507812,29300,0.0,0
2004-04-15,805.1989702148437,811.499431640625,787.5576782226562,787.5576782226562,15800,0.0,0
2004-04-16,793.8585235343493,793.8585235343493,762.356201171875,762.356201171875,14700,0.0,0
2004-04-19,768.6566656443699,787.5580590618544,762.356201171875,762.356201171875,4100,0.0,0
2004-04-20,762.9862229837802,778.1073372295364,762.3561765568737,765.5064086914062,6300,0.0,0
2004-04-21,787.5578942960196,869.4639153028057,774.9569679872833,863.1634521484375,56000,0.0,0
2004-04-22,989.1726684570312,989.1726684570312,982.872205600617,989.1726684570312,99500,0.0,0
2004-04-23,1089.9801586783506,1178.1866455078125,1071.078768643466,1178.1866455078125,214800,0.0,0
2004-04-26,1197.0883112368376,1202.1286830736242,1089.9804097051206,1159.2855224609375,85800,0.0,0
2004-04-27,1146.6844067476661,1165.5857980676826,1134.0834792009884,1147.314453125,31800,0.0,0
2004-04-28,1159.2851889603594,1177.5565316124519,1146.0542166950509,1166.2156982421875,35800,0.0,0
2004-04-29,1166.2156982421875,1166.2156982421875,1166.2156982421875,1166.2156982421875,0,0.0,0
2004-04-30,1165.5857188178893,1178.1866455078125,1143.5340971105238,1178.1866455078125,21000,0.0,0
2004-05-03,1178.1866455078125,1178.1866455078125,1178.1866455078125,1178.1866455078125,0,0.0,0
2004-05-04,1178.1866455078125,1178.1866455078125,1178.1866455078125,1178.1866455078125,0,0.0,0
2004-05-05,1178.1866455078125,1178.1866455078125,1178.1866455078125,1178.1866455078125,0,0.0,0
2004-05-06,1197.0882601351352,1329.3980152027027,1165.5859375,1282.14453125,41600,0.0,0
2004-05-07,1282.1445211791993,1282.1445211791993,1229.2206195678712,1260.0928955078125,35200,0.0,0
2004-05-10,1234.89091796875,1260.0927734375,1184.4872070312501,1197.088134765625,45400,0.0,0
2004-05-11,1152.984926293787,1178.1867826062196,1152.984926293787,1166.845947265625,28200,0.0,0
2004-05-12,1184.487289251844,1197.088217860906,1175.6666392255004,1195.828125,8400,0.0,0
2004-05-13,1197.0880381266275,1228.5903549194336,1171.8861846923828,1209.68896484375,15400,0.0,0
2004-05-14,1216.619647431995,1260.0928507840445,1216.619647431995,1233.0008544921875,14200,0.0,0
2004-05-17,1233.0008215801286,1250.642121020212,1170.6262271312614,1196.4581298828125,25900,0.0,0
2004-05-18,1197.088134765625,1215.9895263671876,1197.088134765625,1197.088134765625,11900,0.0,0
2004-05-19,1228.5905269700654,1247.4919196926817,1215.9895984883212,1234.8909912109375,9200,0.0,0
2004-05-20,1215.9895025696417,1291.5950674962517,1215.9895025696417,1247.4918212890625,19300,0.0,0
2004-05-21,1248.122022804054,1313.6468538851352,1248.122022804054,1282.14453125,17800,0.0,0
2004-05-24,1291.5950191722195,1291.5950191722195,1272.693628647748,1285.2945556640625,11400,0.0,0
2004-05-25,1266.3933867633646,1272.6938513741275,1241.1915283203125,1241.1915283203125,7600,0.0,0
2004-05-26,1278.9942889404297,1278.9942889404297,1260.0928955078125,1260.0928955078125,22000,0.0,0
2004-05-27,1234.8908678624018,1253.7922586970305,1203.3885498046875,1203.3885498046875,6100,0.0,0
2004-05-28,1184.4873247195512,1254.4224805939502,1184.4873247195512,1228.590576171875,7500,0.0,0
2004-05-31,1230.4805691805752,1253.1622386585582,1222.2899663135258,1247.4918212890625,10100,0.0,0
2004-06-01,1260.0930403118673,1278.9944359165454,1244.341877307969,1244.971923828125,5700,0.0,0
2004-06-02,1215.9895984883212,1244.3416875722457,1215.9895984883212,1234.8909912109375,3000,0.0,0
2004-06-03,1222.9201809490999,1244.341760625694,1222.9201809490999,1241.1915283203125,6000,0.0,0
2004-06-04,1247.4915571070428,1272.693406745569,1247.4915571070428,1266.3929443359375,6100,0.0,0
2004-06-07,1241.1916787229939,1278.994470968364,1241.1916787229939,1275.84423828125,10400,0.0,0
2004-06-08,1291.5949936668471,1297.895457050588,1272.693603515625,1272.693603515625,15800,0.0,0
2004-06-09,1247.4918212890625,1263.2429806487728,1247.4918212890625,1247.4918212890625,2400,0.0,0
2004-06-10,1234.8912133487654,1275.84423828125,1234.8912133487654,1275.84423828125,3300,0.0,0
2004-06-11,1275.84423828125,1285.2949363425926,1260.093074845679,1275.84423828125,23400,0.0,0
2004-06-14,1278.9943986992091,1278.9943986992091,1241.1916085898729,1269.543701171875,8300,0.0,0
2004-06-15,1234.8909912109375,1248.121966116769,1228.5905269700654,1234.8909912109375,8100,0.0,0
2004-06-16,1234.8909698470572,1234.8909698470572,1219.1398095173754,1220.39990234375,7100,0.0,0
2004-06-17,1216.6195727539064,1228.5904541015625,1197.088134765625,1197.088134765625,6300,0.0,0
2004-06-18,1190.7878688011428,1191.417915292572,1071.0790354295993,1116.4423828125,21100,0.0,0
2004-06-21,1159.285108741554,1178.1864963840794,1154.2447387035472,1165.5855712890625,15400,0.0,0
2004-06-22,1190.7878018540014,1190.7878018540014,1131.563434989305,1132.1934814453125,7100,0.0,0
2004-06-23,1132.8233854658447,1132.8233854658447,1084.309814453125,1084.309814453125,12700,0.0,0
2004-06-24,1088.0902099609375,1102.5812781885586,1083.6798848481833,1088.0902099609375,6400,0.0,0
2004-06-25,1106.99160821837,1159.2854633590214,1091.8704934789043,1113.922119140625,4600,0.0,0
2004-06-28,1165.585911527593,1165.585911527593,1124.6328930144614,1125.262939453125,5300,0.0,0
2004-06-29,1134.0833479634832,1134.0833479634832,1113.291819917486,1121.482421875,6600,0.0,0
2004-06-30,1121.4823847381163,1151.7246063490318,1116.4420144696303,1118.3321533203125,13500,0.0,0
2004-07-01,1134.0835133853288,1138.4938381596053,1108.8816575323215,1120.8525390625,6300,0.0,0
2004-07-02,1112.662222293559,1112.662222293559,1074.2293822256615,1092.500732421875,10500,0.0,0
2004-07-05,1089.9805701183298,1089.9805701183298,1052.1777757789657,1077.379638671875,5200,0.0,0
2004-07-06,1071.079100162611,1101.9513801084745,1071.079100162611,1098.8011474609375,3300,0.0,0
2004-07-07,1021.935082785192,1045.8768418146847,995.4731385946999,1036.4261474609375,32000,0.0,0
2004-07-08,1020.6752056995184,1023.8254378158749,1009.9644165039062,1009.9644165039062,9200,0.0,0
2004-07-09,1001.7737548828126,1020.675146484375,995.473291015625,1008.07421875,9200,0.0,0
2004-07-12,1046.5071770755828,1046.5071770755828,977.2020660109747,992.3231811523438,12300,0.0,0
2004-07-13,1011.224535341616,1064.7784826961565,995.4733743549865,1020.6752319335938,13200,0.0,0
2004-07-14,1008.0743427579365,1058.4780598958332,992.3231811523438,992.3231811523438,29700,0.0,0
2004-07-15,992.9529300055985,992.9529300055985,965.230893888691,967.1210327148438,4200,0.0,0
2004-07-16,965.8609993031483,967.1210919310715,945.0694709424153,951.3699340820312,12800,0.0,0
2004-07-19,951.3699340820314,951.3699340820314,951.3699340820314,951.3699340820312,0,0.0,0
2004-07-20,945.0693337813667,945.0693337813667,926.1679471057394,927.4280395507812,4100,0.0,0
2004-07-21,957.6705078125,957.6705078125,933.0986987304688,945.069580078125,5600,0.0,0
2004-07-22,935.6188842773438,945.069580078125,927.42828125,945.069580078125,11300,0.0,0
2004-07-23,970.2718693659855,992.323502760667,963.9714026817908,982.872802734375,14300,0.0,0
2004-07-26,976.5717839978099,976.5717839978099,970.2713208752434,970.9013671875,3000,0.0,0
2004-07-27,970.9017601675544,983.5026915130126,952.000363149367,979.722412109375,3300,0.0,0
2004-07-28,998.6236235546627,1001.7738558056238,982.8724622998573,993.583251953125,1800,0.0,0
2004-07-29,1008.0743146088957,1032.6461260274875,1008.0743146088957,1026.9757080078125,14900,0.0,0
2004-07-30,1052.1776610029506,1190.7878917937583,1052.1776610029506,1184.4874267578125,35100,0.0,0
2004-08-02,1152.9848079567926,1165.5857348197083,1102.5811005051294,1164.9556884765625,10400,0.0,0
2004-08-03,1147.944603537892,1160.5455322265625,1134.0835819803542,1160.5455322265625,7300,0.0,0
2004-08-04,1146.6845052444821,1161.8056195993545,1052.1775405265303,1134.713623046875,16500,0.0,0
2004-08-05,1121.4826403876036,1140.384033203125,1121.4826403876036,1140.384033203125,4700,0.0,0
2004-08-06,1140.3838110077247,1140.3838110077247,1115.1819588307585,1121.482421875,2400,0.0,0
2004-08-09,1102.581105152322,1127.782958984375,1071.0787878622557,1127.782958984375,3200,0.0,0
2004-08-10,1121.4823071422472,1159.2850815403006,1121.4823071422472,1152.984619140625,3500,0.0,0
2004-08-11,1152.984959159973,1153.6150055857436,1134.7136128126292,1142.274169921875,2200,0.0,0
2004-08-12,1142.9042189118613,1157.3952867370942,1134.7136153584686,1140.384033203125,3800,0.0,0
2004-08-13,1140.384033203125,1152.984961746806,1137.2338010672047,1140.384033203125,5700,0.0,0
2004-08-16,1140.3839916816935,1147.9445485326219,1137.2337596604732,1141.0140380859375,5300,0.0,0
2004-08-17,1159.9155228000216,1159.9155228000216,1134.0836181640625,1134.0836181640625,4600,0.0,0
2004-08-18,1127.7831123008918,1146.6845052444821,1127.7831123008918,1134.713623046875,35300,0.0,0
2004-08-19,1140.3840662744753,1205.278850156393,1140.3840662744753,1204.6488037109375,18900,0.0,0
2004-08-20,1221.659938880304,1222.289985264461,1197.0881298981833,1200.868408203125,24200,0.0,0
2004-08-23,1200.238361818968,1200.868408203125,1165.5858106903363,1200.868408203125,2200,0.0,0
2004-08-24,1186.3773461914063,1215.3594799804687,1185.7472998046876,1197.088134765625,3000,0.0,0
2004-08-25,1197.7182201943062,1209.6891019321768,1197.0881737870498,1198.3482666015625,4400,0.0,0
2004-08-26,1199.2946626152734,1199.2946626152734,1171.5361328125,1171.5361328125,6800,2.5,0
2004-08-27,1179.737377351529,1185.415257777285,1163.3346116771227,1172.1668701171875,6200,0.0,0
2004-08-30,1191.0932536715843,1211.281274920255,1173.428735078997,1186.6771240234375,12200,0.0,0
2004-08-31,1186.677278836399,1186.677278836399,1161.4422489834187,1185.41552734375,2700,0.0,0
2004-09-01,1186.0462483594165,1210.650399256234,1185.4153726953955,1186.6771240234375,5700,0.0,0
2004-09-02,1185.4150621057195,1185.4150621057195,1154.5021626681569,1179.7371826171875,2200,0.0,0
2004-09-03,1179.737339564732,1179.737339564732,1114.1262789686186,1126.1129150390625,6300,0.0,0
2004-09-06,1163.9653041963572,1184.7841958161296,1144.4081635838438,1184.1533203125,5000,0.0,0
2004-09-07,1179.7373671639039,1179.7373671639039,1148.1935872932113,1148.824462890625,2000,0.0,0
2004-09-08,1146.9318248690556,1148.1935760515298,1110.3410405773036,1116.0189208984375,12600,0.0,0
2004-09-09,1121.6969493711615,1121.6969493711615,1091.4149169921875,1091.4149169921875,7500,0.0,0
2004-09-10,1072.4885901626276,1075.012092727716,1048.5153157942864,1051.038818359375,29400,0.0,0
2004-09-13,1091.4147096893491,1091.4147096893491,1061.1326830621301,1066.1796875,11300,0.0,0
2004-09-14,1040.9450590826202,1083.8446130326918,1039.6833074958533,1045.9920654296875,18400,0.0,0
2004-09-15,1042.2068199573864,1053.5625843394887,1040.945068359375,1040.945068359375,9100,0.0,0
2004-09-16,1042.206379615399,1042.206379615399,1034.6358732259412,1039.052001953125,3700,0.0,0
2004-09-17,1044.0994473544033,1044.0994473544033,1019.4952911931819,1040.945068359375,3300,0.0,0
2004-09-20,1040.945068359375,1040.945068359375,1040.945068359375,1040.945068359375,0,0.0,0
2004-09-21,1041.5757620729046,1054.824151535976,990.4748312867717,1022.0186157226562,5400,0.0,0
2004-09-22,1021.3875497017124,1021.3875497017124,977.8571352919421,996.1525268554688,2300,0.0,0
2004-09-23,996.1525268554688,996.1525268554688,996.1525268554688,996.1525268554688,0,0.0,0
2004-09-24,979.1187617263154,984.1657656527398,965.8703764194516,977.2261352539062,3600,0.0,0
2004-09-27,975.9644961254068,975.9644961254068,946.3133446594118,963.3469848632812,4800,0.0,0
2004-09-28,963.9782154107862,977.8574829101562,963.3473396153603,977.8574829101562,2700,0.0,0
2004-09-29,977.8574829101562,977.8574829101562,977.8574829101562,977.8574829101562,1100,0.0,0
2004-09-30,1037.7904704371144,1037.7904704371144,994.2600494886883,1035.2669677734375,2000,0.0,0
2004-10-01,978.4882741260228,1009.4011854298108,978.4882741260228,999.9380493164062,1500,0.0,0
2004-10-04,1018.8641144374631,1040.9447608803803,971.5484434883549,1003.0922241210938,6200,0.0,0
2004-10-05,1003.7229368835411,1021.387451171875,985.4275470849097,1021.387451171875,4100,0.0,0
2004-10-06,997.4145041898171,1015.7098999023438,996.783628475592,1015.7098999023438,2800,0.0,0
2004-10-07,1016.340611986844,1016.340611986844,1003.0922241210936,1003.0922241210938,2800,0.0,0
2004-10-08,1002.4613930949099,1002.4613930949099,974.7028649034838,994.260009765625,1500,0.0,0
2004-10-11,994.2600097656249,994.2600097656249,994.2600097656249,994.260009765625,0,0.0,0
2004-10-12,975.333740544198,994.2600097656249,975.333740544198,994.260009765625,1600,0.0,0
2004-10-13,978.4886809128982,995.5223329984225,978.4886809128982,984.1665649414062,1800,0.0,0
2004-10-14,977.8572632073583,984.16601974418,972.1793823242188,972.1793823242188,2300,0.0,0
2004-10-15,968.3942260742188,977.8573618339017,968.3942260742188,968.3942260742188,2200,0.0,0
2004-10-18,969.0249108878808,977.8571691902443,951.3603942831538,973.4410400390625,1500,0.0,0
2004-10-19,1008.1393801396337,1008.1393801396337,959.5619506835936,959.5619506835938,2300,0.0,0
2004-10-20,978.4880828229489,978.4880828229489,908.4608892746913,919.816650390625,8600,0.0,0
2004-10-21,940.0047283459622,945.6826092554345,921.0784586477214,922.3402099609375,3700,0.0,0
2004-10-22,946.3135388432717,946.3135388432717,921.0785111407844,927.3872680664062,3500,0.0,0
2004-10-25,946.3134971824853,946.3134971824853,921.0784705909523,933.6959838867188,7300,0.0,0
2004-10-26,909.0917520734998,909.0917520734998,890.7963594224717,908.4608764648438,4300,0.0,0
2004-10-27,908.4610005040322,914.1388817571824,873.7628372903365,880.0715942382812,3500,0.0,0
2004-10-28,880.0714740753174,914.7696325514052,880.0714740753174,908.4608764648438,2100,0.0,0
2004-10-29,883.856742604393,895.8433793706197,870.6083545996163,888.9037475585938,3300,0.0,0
2004-11-01,877.5480908116551,889.5347290039062,877.5480908116551,889.5347290039062,2200,0.0,0
2004-11-02,880.071266369942,885.7491455078125,875.0242626918348,885.7491455078125,2600,0.0,0
2004-11-03,885.7491455078125,885.7491455078125,885.7491455078125,885.7491455078125,0,0.0,0
2004-11-04,887.6420246113337,895.8434079233076,880.0715169387423,880.702392578125,3500,0.0,0
2004-11-05,880.7023259295165,889.5345842124773,864.299560546875,864.299560546875,7100,0.0,0
2004-11-08,876.2861967880361,876.2861967880361,864.299560546875,864.299560546875,3700,0.0,0
2004-11-09,871.239298680679,873.7628013560757,864.2996663233383,864.9305419921875,2600,0.0,0
2004-11-10,864.2996698596603,883.2259400025725,864.2996698596603,881.3333129882812,2900,0.0,0
2004-11-11,881.3333129882812,883.2259400025725,880.0715616454205,881.3333129882812,4300,0.0,0
2004-11-12,904.0447472042507,914.7696325514052,898.9977423350016,908.4608764648438,6900,0.0,0
2004-11-15,933.6959433331585,958.9309688286493,927.3871869592858,940.0046997070312,7100,0.0,0
2004-11-16,944.4208536811054,965.2397502552379,943.1591023735822,943.7899780273438,2600,0.0,0
2004-11-17,946.9442510945908,953.2530069313302,946.3133755109168,952.6221313476562,4600,0.0,0
2004-11-18,977.8571966693739,977.8571966693739,955.7765502929688,955.7765502929688,5200,0.0,0
2004-11-19,955.1454567737809,962.0850869088612,947.5749511718751,947.574951171875,5600,0.0,0
2004-11-22,928.6490194515305,930.5416465292171,927.3872680664062,927.3872680664062,3200,0.0,0
2004-11-23,927.3872680664062,927.3872680664062,927.3872680664062,927.3872680664062,0,0.0,0
2004-11-24,927.3872680664062,927.3872680664062,927.3872680664062,927.3872680664062,700,0.0,0
2004-11-25,946.3132110118542,946.3132110118542,927.3869467916171,928.017822265625,2100,0.0,0
2004-11-26,927.3870257753315,946.3132916074811,927.3870257753315,936.8501586914062,3400,0.0,0
2004-11-29,949.4678064077425,957.669189453125,930.5415378414752,957.669189453125,3600,0.0,0
2004-11-30,938.742908802599,958.9309283467409,938.742908802599,955.7765502929688,4800,0.0,0
2004-12-01,946.3134562850394,962.0853472231234,941.8973268223759,949.4678344726562,8000,0.0,0
2004-12-02,965.2399038571364,971.5486613986862,955.7767675448115,970.9177856445312,2300,0.0,0
2004-12-03,961.4544921874999,977.8572591145833,961.4544921874999,965.23974609375,6600,0.0,0
2004-12-06,946.3133755109168,977.22627911094,946.3133755109168,952.6221313476562,1400,0.0,0
2004-12-07,941.2663338373376,953.2529694559096,941.2663338373376,946.9442138671875,2500,0.0,0
2004-12-08,946.3133544921875,957.6691147460938,946.3133544921875,946.3133544921875,4100,0.0,0
2004-12-09,946.3134278318363,948.2060546875,940.0046716462907,948.2060546875,6900,0.0,0
2004-12-10,949.4678182209315,958.9309526218045,949.4678182209315,950.0986938476562,16000,0.0,0
2004-12-13,946.3134928493996,946.3134928493996,934.3268552733073,945.6826171875,6800,0.0,0
2004-12-14,934.3267394211118,952.6221313476562,934.3267394211118,952.6221313476562,10900,0.0,0
2004-12-15,952.6220938970373,955.1455961325262,946.3133383083152,946.9442138671875,7400,0.0,0
2004-12-16,949.4677147024573,955.1455947239339,937.4810791015626,937.4810791015625,9900,0.0,0
2004-12-17,940.0046510179012,948.2060338791312,940.0046510179012,941.8972778320312,4100,0.0,0
2004-12-20,940.0047283459622,940.0047283459622,902.1521889494805,922.3402099609375,4700,0.0,0
2004-12-21,910.9844928551775,921.0785038563429,906.5683630421676,913.5079956054688,17100,0.0,0
2004-12-22,914.7696325514052,920.4475130293104,898.9977423350016,908.4608764648438,10300,0.0,0
2004-12-23,908.4608764648438,908.4608764648438,908.4608764648438,908.4608764648438,0,0.0,0
2004-12-24,926.1255569716632,933.6960656117585,902.1522796113612,930.5416870117188,21200,0.0,0
2004-12-27,930.5415893804491,930.5415893804491,917.924076304104,924.8637084960938,2800,0.0,0
2004-12-28,927.3872680664062,944.4209117655851,927.3872680664062,927.3872680664062,2500,0.0,0
2004-12-29,952.6224510931199,977.8574829101562,933.6961772303426,977.8574829101562,11000,0.0,0
2004-12-30,1008.7704931504234,1023.2806378298854,996.1529760378478,1016.3410034179688,6900,0.0,0
2004-12-31,1016.3410034179688,1016.3410034179688,1016.3410034179688,1016.3410034179688,0,0.0,0
2005-01-03,1016.3410034179688,1016.3410034179688,1016.3410034179688,1016.3410034179688,0,0.0,0
2005-01-04,1009.40095231597,1022.0184642199197,1009.40095231597,1011.2935791015625,4300,0.0,0
2005-01-05,1008.1392324193885,1009.4009836489497,977.85720290992,991.1055908203125,4000,0.0,0
2005-01-06,981.6425170128764,1003.0922892355228,981.6425170128764,1000.5687866210938,1100,0.0,0
2005-01-07,996.7833700548011,1003.092125561477,991.1054900987928,997.4142456054688,1800,0.0,0
2005-01-10,997.4142456054686,997.4142456054686,997.4142456054686,997.4142456054688,0,0.0,0
2005-01-11,1003.7230997337484,1003.7230997337484,991.105587480653,1003.0922241210938,7300,0.0,0
2005-01-12,991.1062009762495,992.3679529825847,981.0121849255685,984.1665649414062,2900,0.0,0
2005-01-13,977.8573410232347,977.8573410232347,953.2531885716822,971.548583984375,3500,0.0,0
2005-01-14,934.3267872081977,970.9175729327592,934.3267872081977,950.7295532226562,8200,0.0,0
2005-01-17,952.6223128677964,974.7029625038049,951.3605614600244,971.548583984375,4100,0.0,0
2005-01-18,962.0852651027654,968.3940209395049,948.2060022619386,952.6221313476562,6300,0.0,0
2005-01-19,959.5617314846436,977.8571228147255,952.6221002904746,963.3469848632812,4500,0.0,0
2005-01-20,963.3471963506964,983.5352188020536,963.3471963506964,964.6089477539062,6600,0.0,0
2005-01-21,953.2530556864191,991.7364682588027,950.0986776067156,950.7295532226562,10800,0.0,0
2005-01-24,953.8839234607054,963.9779332327763,953.8839234607054,955.7765502929688,2400,0.0,0
2005-01-25,965.2396688330493,977.2263052433943,958.9309128276045,965.8705444335938,3800,0.0,0
2005-01-26,967.7631463723104,968.3940219566471,962.0852661132812,962.0852661132812,1400,0.0,0
2005-01-27,962.0853103445825,962.0853103445825,952.6221761444718,953.2530517578125,3100,0.0,0
2005-01-28,947.5753250678223,959.5619636672155,927.387302163581,951.991455078125,5600,0.0,0
2005-01-31,984.1658797802164,984.1658797802164,965.2396128613661,972.8101196289062,7600,0.0,0
2005-02-01,958.9308658854167,970.9175017089843,946.3133544921875,946.3133544921875,8400,0.0,0
2005-02-02,952.6218967412278,965.2394053073368,945.0513916015625,945.0513916015625,9500,0.0,0
2005-02-03,943.158997592547,958.9308871843957,940.0046196741773,952.6221313476562,2500,0.0,0
2005-02-04,962.085408662495,964.6089113737409,950.0987707840769,958.9310302734375,3800,0.0,0
2005-02-07,960.8237499378899,969.0251345401174,960.192874199257,967.1325073242188,2000,0.0,0
2005-02-08,964.6088704427083,965.23974609375,948.2061035156249,965.23974609375,3100,0.0,0
2005-02-09,977.2261352539062,977.2261352539062,952.6219911125878,977.2261352539062,4600,0.0,0
2005-02-10,977.2263834635417,977.2263834635417,955.1457356770833,965.23974609375,6700,0.0,0
2005-02-11,965.23974609375,965.23974609375,965.23974609375,965.23974609375,0,0.0,0
2005-02-14,965.2398312091827,976.5955939292908,965.2398312091827,969.0250854492188,6700,0.0,0
2005-02-15,961.4545769691467,969.0250854492188,961.4545769691467,969.0250854492188,5000,0.0,0
2005-02-16,975.3338754348059,981.0117569864962,967.7633666992188,967.7633666992188,5600,0.0,0
2005-02-17,969.6558837890625,977.8572673214359,967.1323811637169,969.6558837890625,3000,0.0,0
2005-02-18,965.8707976313069,965.8707976313069,960.1929157379811,960.8237915039062,5700,0.0,0
2005-02-21,964.6087684506275,964.6087684506275,958.9308881915983,962.0852661132812,5500,0.0,0
2005-02-22,965.239767126135,969.6558967796533,905.3065789712442,933.6959838867188,7500,0.0,0
2005-02-23,941.6491740375295,944.8304212471157,924.4704391057638,943.5579223632812,4300,12.5,0
2005-02-24,936.5590254237287,938.4677734375,922.5615399894067,938.4677734375,2900,0.0,0
2005-02-25,935.2865892819927,947.3753275108076,930.1965942382812,930.1965942382812,2000,0.0,0
2005-02-28,941.6490580448066,954.3740453156823,929.5603201374746,937.1953125,3300,0.0,0
2005-03-01,939.7402721133474,941.6490201271185,938.4677734375,938.4677734375,5200,0.0,0
2005-03-02,956.2827947746104,956.2827947746104,942.921558121073,955.6465454101562,2300,0.0,0
2005-03-03,955.0105086598893,955.0105086598893,939.7405205134287,940.3767700195312,2600,0.0,0
2005-03-04,940.3765608278039,940.3765608278039,928.2878229010595,928.924072265625,5900,0.0,0
2005-03-07,930.196216100934,942.9211985373353,930.196216100934,941.012451171875,4900,0.0,0
2005-03-08,941.6490022107826,941.6490022107826,930.1965143460568,930.832763671875,11600,0.0,0
2005-03-09,939.7402721133474,951.8290095338982,935.2865267478813,938.4677734375,9200,0.0,0
2005-03-10,934.0140103009654,951.8289914238721,930.832763671875,930.832763671875,10200,0.0,0
2005-03-11,922.5616285300222,930.1966213178567,897.1116525705733,914.9266357421875,39500,0.0,0
2005-03-14,922.5615045927377,932.1052442954212,916.1990114576154,923.19775390625,5900,0.0,0
2005-03-15,923.1978105576658,940.3765430766574,907.9278260963398,921.2890625,6000,0.0,0
2005-03-16,913.0176156064638,916.198861653873,910.4726187685363,911.7451171875,2000,0.0,0
2005-03-17,914.926443561019,922.5614347451165,902.8377075195312,902.8377075195312,6600,0.0,0
2005-03-18,914.2901890705542,925.74267578125,900.292705313037,925.74267578125,6000,0.0,0
2005-03-21,925.74267578125,925.74267578125,925.74267578125,925.74267578125,0,0.0,0
2005-03-22,948.0114954689635,954.3739887271445,930.1965143460568,930.832763671875,19100,0.0,0
2005-03-23,925.7429414387794,928.9241886602185,907.2917075544326,916.83544921875,6300,0.0,0
2005-03-24,914.2901705228364,928.2876539963942,914.2901705228364,918.107666015625,17500,0.0,0
2005-03-25,930.8327030997441,930.8327030997441,916.1989695581897,922.5614624023438,5800,0.0,0
2005-03-28,923.1979012807211,923.1979012807211,916.1991577148438,916.1991577148438,1900,0.0,0
2005-03-29,914.9264245261609,916.1989230303698,890.7489529461928,903.4739379882812,8600,0.0,0
2005-03-30,903.4739567848727,909.8364494382873,890.7489714780435,902.8377075195312,4100,0.0,0
2005-03-31,905.3827317231277,935.2864480906519,903.4739838698814,922.5614624023438,7900,0.0,0
2005-04-01,979.8240181503782,998.9114990234374,954.3740436529657,998.9114990234375,30600,0.0,0
2005-04-04,1017.9990295794025,1030.087768055658,1005.27404170966,1011.6365356445312,15700,0.0,0
2005-04-05,1015.4538900222552,1081.6238176928784,1015.4538900222552,1072.080078125,39900,0.0,0
2005-04-06,1068.8988345835885,1068.8988345835885,1038.9951171875,1038.9951171875,14300,0.0,0
2005-04-07,1076.5337289663462,1081.6237229567307,1051.083759014423,1075.26123046875,24200,0.0,0
2005-04-08,1075.2612575184216,1126.1611987027254,1064.4450200167569,1119.7987060546875,28700,0.0,0
2005-04-11,1112.1637703588453,1132.523747848252,1094.3487900556145,1126.1612548828125,15000,0.0,0
2005-04-12,1126.1615004494925,1126.1615004494925,1087.9865343325605,1089.259033203125,6400,0.0,0
2005-04-13,1087.3500614336053,1087.3500614336053,1062.5363385571218,1072.080078125,3100,0.0,0
2005-04-14,1054.2649344942529,1126.1610947826357,1040.2674519602315,1119.162353515625,10700,0.0,0
2005-04-15,1061.900127625608,1081.6238567786302,1057.4463823329902,1062.536376953125,11100,0.0,0
2005-04-18,1061.2638364955358,1061.900085797991,998.9114048549108,1002.0926513671875,15100,0.0,0
2005-04-19,1068.8988621952606,1068.8988621952606,1033.2689001220851,1050.4476318359375,6600,0.0,0
2005-04-20,1049.8114126006517,1062.5363994200536,1037.08642578125,1037.08642578125,8700,0.0,0
2005-04-21,1017.9990592023587,1037.7227909744045,1000.8203250783189,1024.997802734375,9400,0.0,0
2005-04-22,1062.5365524058677,1062.5365524058677,1031.360330209528,1040.267822265625,6500,0.0,0
2005-04-25,1049.8115854892812,1049.8115854892812,1031.3603515625,1031.3603515625,4100,0.0,0
2005-04-26,1031.3601034289209,1037.086347063011,1015.4538711120034,1021.1801147460938,3300,0.0,0
2005-04-27,1015.45406582709,1015.45406582709,1000.1840798748028,1008.455322265625,4600,0.0,0
2005-04-28,1008.4552886770956,1011.6365356445312,1005.27404170966,1011.6365356445312,3800,0.0,0
2005-04-29,1011.6365356445312,1011.6365356445312,1011.6365356445312,1011.6365356445312,0,0.0,0
2005-05-02,1005.2742767333984,1026.9067611694336,1005.2742767333984,1017.999267578125,2500,0.0,0
2005-05-03,1017.999267578125,1017.999267578125,1017.999267578125,1017.999267578125,0,0.0,0
2005-05-04,1017.999267578125,1017.999267578125,1017.999267578125,1017.999267578125,0,0.0,0
2005-05-05,1017.999267578125,1017.999267578125,1017.999267578125,1017.999267578125,0,0.0,0
2005-05-06,1017.999267578125,1037.0867538452148,1011.6367721557617,1017.999267578125,6900,0.0,0
2005-05-09,1030.724017948483,1030.724017948483,1017.9990300725757,1030.0877685546875,3400,0.0,0
2005-05-10,1030.7241652598932,1030.7241652598932,1012.9091796875,1012.9091796875,7800,0.0,0
2005-05-11,1005.2738036330368,1014.181293032317,993.8213172625339,997.0025634765625,4800,0.0,0
2005-05-12,997.0028652327844,997.6391146681596,976.6428833007812,976.6428833007812,3800,0.0,0
2005-05-13,957.5551900539614,967.735178785432,946.1027027310569,955.0101928710938,5300,0.0,0
2005-05-16,955.646670062883,955.646670062883,932.1054405074059,947.3754272460938,5200,0.0,0
2005-05-17,960.7365908236118,960.7365908236118,928.9241209287901,941.6491088867188,8300,0.0,0
2005-05-18,928.9241209287901,948.0116028656831,928.9241209287901,941.6491088867188,5600,0.0,0
2005-05-19,948.0113761783264,983.0050846949761,948.0113761783264,982.3688354492188,7300,0.0,0
2005-05-20,960.7365056088096,967.0989990234375,960.1002562673468,967.0989990234375,5500,0.0,0
2005-05-23,966.4627496819747,967.0989990234375,964.5540016575864,967.0989990234375,2200,0.0,0
2005-05-24,970.9166383824053,976.6428833007812,970.2803889470301,976.6428833007812,5000,0.0,0
2005-05-25,995.7301407352571,995.7301407352571,976.642661999118,986.1864013671875,8500,0.0,0
2005-05-26,1002.0928133451022,1002.0928133451022,983.0053311861478,992.549072265625,4500,0.0,0
2005-05-27,996.3666085578889,1005.9103500191713,996.3666085578889,1001.4566040039062,4200,0.0,0
2005-05-30,1005.2737030670581,1037.0861620248763,1005.2737030670581,1029.451171875,16900,0.0,0
2005-05-31,1030.0875522312974,1049.811279296875,1027.5425551905778,1049.811279296875,7600,0.0,0
2005-06-01,1048.5388948497855,1048.5388948497855,1033.9051602736051,1037.72265625,5800,0.0,0
2005-06-02,1025.634012482703,1035.8140026810424,1024.3615137079105,1034.54150390625,2600,0.0,0
2005-06-03,1032.6327063535546,1032.6327063535546,1021.1802179281916,1021.8164672851562,1800,0.0,0
2005-06-06,1011.0000888371068,1023.0888249528431,1007.1825932216111,1022.4525756835938,1700,0.0,0
2005-06-07,1021.180134311103,1021.180134311103,1007.8188989089016,1012.2726440429688,2500,0.0,0
2005-06-08,1017.9988877867693,1022.4526329208364,1011.636394738102,1012.2726440429688,2800,0.0,0
2005-06-09,1022.4526276454412,1022.4526276454412,1005.910145804258,1018.6351318359375,5100,0.0,0
2005-06-10,1018.6349479233288,1018.6349479233288,998.2749739485964,1010.3637084960938,13000,0.0,0
2005-06-13,1002.0928133451022,1002.0928133451022,986.8228276179387,992.549072265625,5400,0.0,0
2005-06-14,970.2801980716563,981.7326856554529,962.0089570389143,972.8251953125,12100,0.0,0
2005-06-15,979.8235501557394,979.8235501557394,966.462319926343,973.4610595703125,2300,0.0,0
2005-06-16,961.3724195536629,972.8249037045338,961.3724195536629,970.2799072265625,3500,0.0,0
2005-06-17,970.9165881092011,986.1865737675373,970.9165881092011,972.1890869140625,10000,0.0,0
2005-06-20,986.1864013671876,991.9126449880293,977.9151605815273,986.1864013671875,14800,0.0,0
2005-06-21,986.8227934837341,986.8227934837341,975.3703045845032,977.279052734375,4000,0.0,0
2005-06-22,979.1878008842468,983.641546567281,973.4615564346313,977.279052734375,10700,0.0,0
2005-06-23,973.4615857189239,983.0053267553839,970.2803387067705,972.1890869140625,21300,0.0,0
2005-06-24,977.2788272010513,979.8238241468873,965.826340944789,968.371337890625,15900,0.0,0
2005-06-27,967.0989640000403,986.8226928710938,967.0989640000403,986.8226928710938,11700,0.0,0
2005-06-28,991.9126611694106,1019.9076304391054,991.9126611694106,1018.6351318359375,13400,0.0,0
2005-06-29,1005.9102653911095,1016.0902554266931,1000.1840209960938,1000.1840209960938,5700,0.0,0
2005-06-30,1002.0928424337636,1024.361572265625,993.8215999247865,1024.361572265625,7400,0.0,0
2005-07-01,1016.0900928518947,1016.0900928518947,1009.0913508222324,1009.7276000976562,2500,0.0,0
2005-07-04,1010.9999855138079,1010.9999855138079,997.6387522250792,1005.2737426757812,5200,0.0,0
2005-07-05,995.7302710567789,1000.8202660525963,993.8215229333473,998.2752685546875,5300,0.0,0
2005-07-06,998.2751379000757,998.9113871912803,979.8239084551412,986.1864013671875,8900,0.0,0
2005-07-07,979.8238620148402,980.4601112758887,967.7351260549168,975.3701171875,4900,0.0,0
2005-07-08,973.461346008617,982.3688354492188,970.2800997798307,982.3688354492188,11600,0.0,0
2005-07-11,1154.1562943530962,1173.2437744140625,1145.885052993344,1173.2437744140625,58700,0.0,0
2005-07-12,1313.854737548828,1358.392186279297,1272.49853515625,1272.49853515625,451100,0.0,0
2005-07-13,1265.5000134698275,1265.5000134698275,1176.4251005056365,1199.330078125,102600,0.0,0
2005-07-14,1217.1449084992105,1221.5986535904256,1186.6049421594498,1196.148681640625,23200,0.0,0
2005-07-15,1185.9689336043937,1185.9689336043937,1161.7914553442183,1167.5177001953125,28700,0.0,0
2005-07-18,1167.5177001953125,1167.5177001953125,1167.5177001953125,1167.5177001953125,0,0.0,0
2005-07-19,1173.8801045182147,1173.8801045182147,1145.248882456795,1145.8851318359375,14700,0.0,0
2005-07-20,1157.9737747547238,1164.3362680226069,1141.4312922582278,1149.0662841796875,32500,0.0,0
2005-07-21,1145.8850616290117,1185.3325207189612,1142.0675655880489,1177.061279296875,16600,0.0,0
2005-07-22,1175.1523813304539,1176.4248798484077,1148.4299124534214,1173.8798828125,12300,0.0,0
2005-07-25,1173.2438500445824,1173.2438500445824,1164.3363587752633,1170.6988525390625,9900,0.0,0
2005-07-26,1170.6989008738394,1171.3351502764883,1164.336406847351,1164.97265625,6700,0.0,0
2005-07-27,1152.2474735733183,1167.5174566576693,1152.2474735733183,1159.2462158203125,6600,0.0,0
2005-07-28,1156.064951050479,1157.3374496207052,1148.429959629122,1151.6112060546875,34300,0.0,0
2005-07-29,1151.6112242781371,1171.334952428757,1151.6112242781371,1159.2462158203125,18800,0.0,0
2005-08-01,1170.6989473348092,1170.6989473348092,1161.155205916319,1167.5177001953125,6400,0.0,0
2005-08-02,1161.1551766702776,1162.4276754940258,1135.7052001953125,1135.7052001953125,10700,0.0,0
2005-08-03,1129.3427060765712,1144.6126919615501,1113.436470779718,1135.7052001953125,14000,0.0,0
2005-08-04,1113.4361381223478,1125.5248733362475,1104.5286490173692,1105.8011474609375,11700,0.0,0
2005-08-05,1113.4361947974023,1113.4361947974023,1097.5299634431537,1112.1636962890625,13200,0.0,0
2005-08-08,1100.7115230382046,1100.7115230382046,1062.5365569212727,1089.259033203125,6200,0.0,0
2005-08-09,1127.4337639508929,1127.4337639508929,1104.5287890625,1113.436279296875,8400,0.0,0
2005-08-10,1112.7999082014633,1124.8886436250355,1112.7999082014633,1121.7073974609375,7600,0.0,0
2005-08-11,1122.9798487521764,1122.9798487521764,1113.436110660798,1119.162353515625,11200,0.0,0
2005-08-12,1122.9798583984375,1126.1611044562235,1114.0723694366368,1122.9798583984375,23800,0.0,0
2005-08-15,1119.798809270301,1132.5237957392817,1119.798809270301,1120.43505859375,7400,0.0,0
2005-08-16,1119.7986123406515,1124.2523568215518,1113.4361202250795,1122.9798583984375,5100,0.0,0
2005-08-17,1105.1650473349187,1118.5262827949264,1105.1650473349187,1117.2537841796875,2900,0.0,0
2005-08-18,1117.8900244140625,1119.7987723214285,1113.436279296875,1113.436279296875,13300,0.0,0
2005-08-19,1113.436279296875,1114.0725285993303,1100.7112932477678,1113.436279296875,8900,0.0,0
2005-08-22,1114.70849609375,1126.1609806426584,1114.70849609375,1114.70849609375,4500,0.0,0
2005-08-23,1126.1612179680787,1126.1612179680787,1110.2549860758743,1110.8912353515625,14400,0.0,0
2005-08-24,1110.8912820870537,1113.436279296875,1103.8925397600447,1113.436279296875,9800,0.0,0
2005-08-25,1094.9852946341177,1106.437784641912,1094.34904518924,1096.89404296875,6600,0.0,0
2005-08-26,1070.171404301487,1079.7151445300972,1062.5364121185987,1077.806396484375,6300,0.0,0
2005-08-29,1074.6253226978356,1074.6253226978356,1063.1728325802744,1063.80908203125,6400,0.0,0
2005-08-30,1064.4449558133097,1073.988694209723,1063.8087065868822,1068.262451171875,2400,0.0,0
2005-08-31,1073.3525395000281,1073.988788782482,1064.445049545671,1065.081298828125,3600,0.0,0
2005-09-01,1066.3538065592447,1081.623789469401,1064.4450586954752,1068.8988037109375,6700,0.0,0
2005-09-02,1068.8988980876866,1073.3526434963853,1065.0814020230878,1065.7176513671875,8400,0.0,0
2005-09-05,1052.9924974607038,1065.0812330810986,1052.9924974607038,1063.1724853515625,5600,0.0,0
2005-09-06,1065.7176513671875,1073.988892840485,1062.5364046466884,1065.7176513671875,9300,0.0,0
2005-09-07,1069.5349872295672,1075.26123046875,1068.2624887319712,1075.26123046875,11200,0.0,0
2005-09-08,1068.8988621952606,1068.8988621952606,1049.8113825132023,1050.4476318359375,10000,0.0,0
2005-09-09,1068.8989142922794,1081.6239013671875,1052.9926804486443,1081.6239013671875,40800,0.0,0
2005-09-12,1082.8962119639343,1084.8049596936005,1068.8987286130493,1071.4437255859375,19200,0.0,0
2005-09-13,1081.623893887567,1081.623893887567,1065.7176601539263,1069.53515625,14400,0.0,0
2005-09-14,1081.6238176928784,1081.6238176928784,1068.2625822978487,1072.080078125,12800,0.0,0
2005-09-15,1074.625047302246,1074.625047302246,1062.5363108317056,1068.8988037109375,9300,0.0,0
2005-09-16,1068.8991743764714,1080.9879150390625,1065.7179268336843,1080.9879150390625,10800,0.0,0
2005-09-19,1080.9879150390625,1080.9879150390625,1080.9879150390625,1080.9879150390625,0,0.0,0
2005-09-20,1080.9876054008053,1080.9876054008053,1072.7163641587745,1079.078857421875,6000,0.0,0
2005-09-21,1078.4425802473343,1078.4425802473343,1067.6263419793668,1075.8975830078125,6100,0.0,0
2005-09-22,1075.2615489434759,1117.2540118016234,1074.6252995062312,1109.6190185546875,20100,0.0,0
2005-09-23,1109.6190185546875,1109.6190185546875,1109.6190185546875,1109.6190185546875,0,0.0,0
2005-09-26,1143.976246536773,1143.976246536773,1087.9863078853627,1105.1650390625,13400,0.0,0
2005-09-27,1101.347631333295,1101.347631333295,1078.4426545984604,1081.6239013671875,10300,0.0,0
2005-09-28,1075.2613915286847,1075.2613915286847,1030.7239374416977,1065.7176513671875,8200,0.0,0
2005-09-29,1065.7175588288153,1065.7175588288153,992.5488906107175,1044.0850830078125,25300,0.0,0
2005-09-30,1040.2673626411251,1043.4486083984375,1021.8161372487139,1043.4486083984375,18100,0.0,0
2005-10-03,1044.7214442873465,1056.1739327143696,1030.7239584320957,1048.5389404296875,21800,0.0,0
2005-10-04,1051.0838508891347,1056.1738453244332,1008.4551474935099,1020.5438842773438,49100,0.0,0
2005-10-05,1039.631594357264,1039.631594357264,1024.9978571049892,1031.3603515625,11600,0.0,0
2005-10-06,1009.7276000976561,1009.7276000976561,1009.7276000976561,1009.7276000976562,11600,0.0,0
2005-10-07,1026.2699908313332,1026.2699908313332,1005.9100158117408,1014.8175048828125,7000,0.0,0
2005-10-10,1014.8175048828125,1014.8175048828125,1014.8175048828125,1014.8175048828125,0,0.0,0
2005-10-11,1008.4552740960976,1017.999014860414,1008.4552740960976,1014.1815185546875,8500,0.0,0
2005-10-12,1018.6353718897279,1043.4491004991592,1008.4553806653458,1016.7266235351562,22300,0.0,0
2005-10-13,1014.8176959357711,1017.9989426314945,985.5502263351157,991.9127197265625,31900,0.0,0
2005-10-14,993.8210810880004,1011.6360556529581,993.8210810880004,1007.1823120117188,19000,0.0,0
2005-10-17,1007.1823561571465,1007.8186052766393,969.0074089875768,970.2799072265625,36300,0.0,0
2005-10-18,976.6428033510844,986.1865441004435,968.3715613683064,977.279052734375,11100,0.0,0
2005-10-19,984.2772935655382,984.2772935655382,967.7348180434283,973.4610595703125,12600,0.0,0
2005-10-20,986.1864013671876,986.1864013671876,967.0989226310485,986.1864013671875,10100,0.0,0
2005-10-21,955.0102781854282,967.0990158839779,846.8478882510359,921.2890625,96600,0.0,0
2005-10-24,959.4639208984374,966.462663027007,922.5614624023438,922.5614624023438,29600,0.0,0
2005-10-25,930.1966258769133,947.3753597337372,925.7428800621811,935.28662109375,15800,0.0,0
2005-10-26,943.5576970438887,948.0114420737654,938.4677027240296,942.9214477539062,10100,0.0,0
2005-10-27,963.2815663019816,977.279052734375,954.3740749359131,977.279052734375,19900,0.0,0
2005-10-28,973.4616284179688,973.4616284179688,954.3741455078125,954.3741455078125,12500,0.0,0
2005-10-31,954.3742286404884,960.7367234980916,944.8304863540835,945.4667358398438,9400,0.0,0
2005-11-01,948.0116240332359,951.19287109375,948.0116240332359,951.19287109375,4600,0.0,0
2005-11-02,963.9176967191381,973.4614362906148,954.3739571476615,960.7364501953125,9100,0.0,0
2005-11-03,1009.7276000976561,1009.7276000976561,1009.7276000976561,1009.7276000976562,9100,0.0,0
2005-11-04,972.8252296876939,973.461479020387,961.3727416992188,961.3727416992188,9200,0.0,0
2005-11-07,964.5541381835938,976.6428773824647,960.7366415944766,964.5541381835938,23600,0.0,0
2005-11-08,963.9178887520743,973.4616302248671,961.3728910259962,964.5541381835938,11800,0.0,0
2005-11-09,979.1874576563644,986.1861984193404,967.7349727714945,978.5512084960938,30700,0.0,0
2005-11-10,984.9141547587966,990.004150390625,977.2791613110539,990.004150390625,14200,0.0,0
2005-11-11,998.9115266116248,1053.6289732922617,998.2752772316173,1047.2664794921875,66100,0.0,0
2005-11-14,1050.447797889618,1065.7177840491279,1050.447797889618,1061.2640380859375,26900,0.0,0
2005-11-15,1061.2638122558594,1070.807551574707,1061.2638122558594,1068.8988037109375,20200,0.0,0
2005-11-16,1068.2624792969918,1068.8987285401706,1046.6300050289171,1063.1724853515625,18100,0.0,0
2005-11-17,1047.266459049087,1056.1739501953125,1024.3614818159356,1056.1739501953125,9800,0.0,0
2005-11-18,1056.174049635033,1056.174049635033,1031.9965713903755,1036.4503173828125,7300,0.0,0
2005-11-21,1027.5428384101635,1034.5415822011923,1023.7253417968749,1023.725341796875,8100,0.0,0
2005-11-22,1021.1802281134571,1027.5427217465628,1004.6377446673824,1017.3627319335938,11200,0.0,0
2005-11-23,1017.3627319335938,1017.3627319335938,1017.3627319335938,1017.3627319335938,0,0.0,0
2005-11-24,1008.4552394599671,1017.3627305340615,996.3665015736962,998.9114990234375,10800,0.0,0
2005-11-25,1005.2738978794644,1005.2738978794644,996.3664076450893,1002.0926513671875,5800,0.0,0
2005-11-28,1002.0926765131996,1005.273923105305,986.8226928710938,986.8226928710938,9800,0.0,0
2005-11-29,992.5487585912778,1011.636234718033,992.5487585912778,1005.2737426757812,16500,0.0,0
2005-11-30,1005.2742112619808,1005.2742112619808,995.7304687499999,995.73046875,7000,0.0,0
2005-12-01,1017.9987509796238,1024.3612431732465,998.9112743987558,1014.8175048828125,8100,0.0,0
2005-12-02,1006.5463444844294,1017.3625820673847,1004.0013474060869,1005.9100952148438,15300,0.0,0
2005-12-05,1016.0901174905281,1017.362616072232,994.4576416015625,994.4576416015625,17900,0.0,0
2005-12-06,998.9114108528058,1004.6376546092869,987.4589233398438,987.4589233398438,10400,0.0,0
2005-12-07,989.3676478232107,995.0938914440525,980.4601577463458,986.1864013671875,14100,0.0,0
2005-12-08,986.1865782126403,992.549072265625,983.0053311861478,992.549072265625,10600,0.0,0
2005-12-09,986.1864013671876,992.5488942792339,983.641404202369,986.1864013671875,16300,0.0,0
2005-12-12,993.1852446793755,1005.2739824429297,987.4590004755867,1003.365234375,8000,0.0,0
2005-12-13,1049.8113645003145,1049.8113645003145,1030.7238851457635,1042.8126220703125,23200,0.0,0
2005-12-14,1029.4514537849047,1036.4501966721941,1013.5452199501566,1028.178955078125,10000,0.0,0
2005-12-15,1028.8150353064902,1035.813777043269,1028.1787860576922,1033.905029296875,6800,0.0,0
2005-12-16,1030.723967145203,1033.9052139573796,998.9114990234374,998.9114990234375,12600,0.0,0
2005-12-19,1002.0927947422243,1011.6365356445312,998.9115477747887,1011.6365356445312,11500,0.0,0
2005-12-20,1011.0000468182883,1011.0000468182883,995.7300649909511,997.0025634765625,7300,0.0,0
2005-12-21,989.3678252391327,995.0940698868189,986.8228276179387,992.549072265625,26800,0.0,0
2005-12-22,1011.636373015373,1011.636373015373,986.1864013671876,986.1864013671875,13600,0.0,0
2005-12-23,986.1864013671876,986.1864013671876,986.1864013671876,986.1864013671875,0,0.0,0
2005-12-26,979.1875749104283,979.1875749104283,960.7363470531168,968.371337890625,21200,0.0,0
2005-12-27,967.0989990234375,973.4614924380653,958.8277575844212,967.0989990234375,20900,0.0,0
2005-12-28,963.9178592952217,979.187845185047,960.1003628227654,969.6441040039062,5700,0.0,0
2005-12-29,986.1863532788826,1049.811279296875,965.8263769531251,1049.811279296875,27200,0.0,0
2005-12-30,1047.9027084166744,1075.2614312229387,1017.3627387724727,1056.1739501953125,38100,0.0,0
2006-01-02,1056.1739501953125,1056.1739501953125,1056.1739501953125,1056.1739501953125,0,0.0,0
2006-01-03,1056.1739501953125,1056.1739501953125,1056.1739501953125,1056.1739501953125,0,0.0,0
2006-01-04,1057.44640989389,1068.8988980876866,1056.8101605497902,1065.7176513671875,11400,0.0,0
2006-01-05,1065.7177115124023,1065.7177115124023,1031.3602449920024,1047.2664794921875,17000,0.0,0
2006-01-06,1047.9024658203125,1068.8986900899363,1043.448721278271,1047.9024658203125,14900,0.0,0
2006-01-09,1047.9024658203125,1047.9024658203125,1047.9024658203125,1047.9024658203125,0,0.0,0
2006-01-10,1043.4489191909508,1068.2626434887845,1037.08642578125,1037.08642578125,14000,0.0,0
2006-01-11,1037.0864308826958,1075.2613915286847,1037.0864308826958,1065.7176513671875,21100,0.0,0
2006-01-12,1050.4476830336628,1138.8863432042738,1050.4476830336628,1081.6239013671875,56400,0.0,0
2006-01-13,1100.7111359939358,1126.1611044562235,1100.7111359939358,1122.9798583984375,24100,0.0,0
2006-01-16,1103.8925724692326,1170.0625018852556,1103.8925724692326,1153.52001953125,34700,0.0,0
2006-01-17,1126.7975146484375,1148.4299909319197,1081.623814174107,1113.436279296875,46100,0.0,0
2006-01-18,1106.4375354545255,1107.0737847561095,1011.6363895185137,1018.6351318359375,14800,0.0,0
2006-01-19,992.5490921375364,1100.7114932038064,992.5490921375364,1094.3489990234375,14700,0.0,0
2006-01-20,1098.1662223259839,1103.2562164039723,1087.9862341700073,1091.16748046875,8000,0.0,0
2006-01-23,1049.17514567905,1100.711341434055,1049.17514567905,1099.4388427734375,7600,0.0,0
2006-01-24,1081.623814174107,1113.436279296875,1081.623814174107,1113.436279296875,10800,0.0,0
2006-01-25,1137.6136282814273,1142.0673729111645,1118.5261512968395,1121.7073974609375,18700,0.0,0
2006-01-26,1121.7072872916303,1142.0672607421875,1108.9823038850323,1142.0672607421875,24900,0.0,0
2006-01-27,1141.4312451575413,1154.79248046875,1138.8862479554064,1154.79248046875,21100,0.0,0
2006-01-30,1151.611395263672,1152.2476446533203,1093.0764514160157,1145.2489013671875,16900,0.0,0
2006-01-31,1144.6125309308547,1144.6125309308547,1117.2538100692502,1136.9775390625,7300,0.0,0
2006-02-01,1136.9776969120421,1136.9776969120421,1106.43772519868,1107.073974609375,5500,0.0,0
2006-02-02,1113.436326975113,1124.252565580014,1107.0738336781124,1107.7100830078125,3000,0.0,0
2006-02-03,1119.7988202721137,1119.7988202721137,1105.8013350187123,1107.7100830078125,1600,0.0,0
2006-02-06,1101.3474773753774,1119.7987060546875,1101.3474773753774,1119.7987060546875,9900,0.0,0
2006-02-07,1129.3423886669623,1142.7036225610502,1119.798650171185,1138.2498779296875,12800,0.0,0
2006-02-08,1107.0735993846595,1120.4348324806813,1107.0735993846595,1111.52734375,6900,0.0,0
2006-02-09,1110.891552734375,1133.1602837456596,1105.8015570746527,1116.6177978515625,11300,0.0,0
2006-02-10,1113.436550564236,1129.9790364583332,1101.3478108723957,1116.6177978515625,9900,0.0,0
2006-02-13,1101.3475250509512,1126.1612474524457,1075.2613040647645,1097.530029296875,20500,0.0,0
2006-02-14,1096.893791036403,1100.711286828873,1068.8988218916222,1076.5338134765625,23600,0.0,0
2006-02-15,1143.3400415477638,1143.3400415477638,1062.536376953125,1062.536376953125,12800,0.0,0
2006-02-16,1056.1738836779566,1081.6238567786302,1056.1738836779566,1062.536376953125,7400,0.0,0
2006-02-17,1043.449054233176,1070.1715300123183,1043.449054233176,1061.2640380859375,8400,0.0,0
2006-02-20,984.9140611180719,1023.7252741207867,984.9140611180719,1011.6365356445312,4600,0.0,0
2006-02-21,1005.2739391482949,1024.361419005541,1005.2739391482949,1011.0001831054688,8800,0.0,0
2006-02-22,1010.364066258341,1030.7240474423882,1010.364066258341,1024.997802734375,6800,0.0,0
2006-02-23,1017.9989711433686,1037.0864518523067,1007.1827320749703,1021.8164672851562,10200,0.0,0
2006-02-24,1056.8098865787238,1056.8098865787238,1024.9974276209055,1029.451171875,3300,0.0,0
2006-02-27,1028.8152233395415,1037.086465085623,1014.817737307711,1027.542724609375,19600,0.0,0
2006-02-28,1027.5428336140578,1049.8115637543006,1021.1803392882741,1040.267822265625,14200,0.0,0
2006-03-01,1030.7240474423882,1045.357783918422,1024.3615533223735,1024.997802734375,10100,0.0,0
2006-03-02,1021.1803062623661,1037.086541562403,1021.1803062623661,1024.997802734375,5600,0.0,0
2006-03-03,1023.7250413161057,1061.2637469951922,1018.6350473257211,1033.905029296875,9100,0.0,0
2006-03-06,1033.9053578353955,1063.80908203125,1033.9053578353955,1063.80908203125,16400,0.0,0
2006-03-07,1062.5365831292986,1078.4428194036893,1037.7228545412493,1063.80908203125,19100,0.0,0
2006-03-08,1025.6339376437884,1050.4476619416218,1025.6339376437884,1037.08642578125,11000,0.0,0
2006-03-09,1032.6326585598335,1062.536376953125,1032.6326585598335,1062.536376953125,6500,0.0,0
2006-03-10,1030.7239584320957,1065.7176730702224,1030.7239584320957,1048.5389404296875,13600,0.0,0
2006-03-13,1048.5388552968657,1059.3550934886416,1048.5388552968657,1055.53759765625,1200,0.0,0
2006-03-14,1038.3588112113403,1050.4475473712762,1028.178822866131,1049.175048828125,5800,0.0,0
2006-03-15,1049.1753360435303,1049.1753360435303,1029.4516032252468,1031.3603515625,4600,0.0,0
2006-03-16,1031.3601231889706,1031.9963724938375,1011.0001454332353,1012.2726440429688,6000,0.0,0
2006-03-17,1014.8177831035989,1033.2690155236644,1012.2727855284174,1030.0877685546875,1700,0.0,0
2006-03-20,1031.3602381203902,1035.8139837507683,1024.9977443627074,1035.177734375,3500,0.0,0
2006-03-21,1035.177734375,1035.177734375,1035.177734375,1035.177734375,0,0.0,0
2006-03-22,1033.2687707040823,1038.3587646484375,1020.5437858431947,1038.3587646484375,7000,0.0,0
2006-03-23,1038.358905579399,1038.358905579399,1021.1801736856223,1037.72265625,1500,0.0,0
2006-03-24,1039.6315200086267,1039.6315200086267,1024.361534402625,1025.634033203125,2000,0.0,0
2006-03-27,1037.0866730925325,1037.0866730925325,1025.6341822240258,1028.8154296875,4400,0.0,0
2006-03-28,1036.4498677323504,1043.4486083984375,1024.3611338545636,1043.4486083984375,3900,0.0,0
2006-03-29,1031.9964310534892,1047.2664152367713,1028.1789350076685,1037.08642578125,4300,0.0,0
2006-03-30,1047.2664152367713,1047.2664152367713,1037.08642578125,1037.08642578125,1100,0.0,0
2006-03-31,1056.1738179524739,1081.623789469401,1056.1738179524739,1068.8988037109375,7900,0.0,0
2006-04-03,1087.9863580463198,1093.7126020360374,1069.5351274127859,1074.6251220703125,4700,0.0,0
2006-04-04,1080.9876419362367,1089.8951328056348,1078.4426445449803,1086.07763671875,7200,0.0,0
2006-04-05,1087.3502026065069,1090.5314495421608,1070.1714691539757,1079.7152099609375,4400,0.0,0
2006-04-06,1082.260141924393,1082.896391272967,1070.171404301487,1077.806396484375,3600,0.0,0
2006-04-07,1078.442917004833,1081.62416454762,1075.2616694620458,1080.9879150390625,7000,0.0,0
2006-04-10,1145.2488037954151,1173.8800238903007,1103.25634765625,1103.25634765625,95100,0.0,0
2006-04-11,1100.711296828635,1100.711296828635,1068.898831602374,1072.080078125,25400,0.0,0
2006-04-12,1075.2613927884795,1075.2613927884795,1053.628915063741,1057.4464111328125,9500,0.0,0
2006-04-13,1057.4463165283203,1081.623789469401,1056.1738179524739,1068.8988037109375,14700,0.0,0
2006-04-14,1067.6263715732598,1075.2613635034618,1062.536376953125,1062.536376953125,8400,0.0,0
2006-04-17,1064.4451259689008,1064.4451259689008,1050.4476407499435,1054.26513671875,8400,0.0,0
2006-04-18,1043.448928049549,1046.6301747814075,1040.2676813176909,1040.9039306640625,5000,0.0,0
2006-04-19,1046.6300048080145,1051.7199987523695,1038.3587646484375,1038.3587646484375,5300,0.0,0
2006-04-20,1040.267512451914,1055.5374942860706,1040.267512451914,1046.6300048828125,4300,0.0,0
2006-04-21,1046.6301447811368,1054.26513671875,1043.4488981404647,1054.26513671875,8600,0.0,0
2006-04-24,1054.2649957998908,1054.2649957998908,1044.7212571535429,1046.6300048828125,9300,0.0,0
2006-04-25,1052.9927033573747,1056.1739501953125,1051.0839552546122,1056.1739501953125,7000,0.0,0
2006-04-26,1059.3553302854896,1062.5365775235841,1044.7215929902545,1051.7203369140625,7500,0.0,0
2006-04-27,1049.8115637543006,1061.9003029732894,1028.8153324792145,1040.267822265625,24200,0.0,0
2006-04-28,1043.4489395594833,1048.5389343866027,1024.3614589577853,1028.178955078125,9800,0.0,0
2006-05-01,1042.812595348453,1042.812595348453,1022.4526178919855,1023.0888671875,7400,0.0,0
2006-05-02,1024.9977271490422,1035.1777169903735,1024.3614777839591,1027.542724609375,4900,0.0,0
2006-05-03,1027.542724609375,1027.542724609375,1027.542724609375,1027.542724609375,0,0.0,0
2006-05-04,1027.542724609375,1027.542724609375,1027.542724609375,1027.542724609375,0,0.0,0
2006-05-05,1027.542724609375,1027.542724609375,1027.542724609375,1027.542724609375,0,0.0,0
2006-05-08,1028.8152992063838,1028.8152992063838,1023.725303910372,1024.997802734375,6500,0.0,0
2006-05-09,1024.3617630004883,1025.634262084961,1017.999267578125,1017.999267578125,5400,0.0,0
2006-05-10,1018.6355171203613,1036.4505043029785,1017.999267578125,1017.999267578125,5600,0.0,0
2006-05-11,1023.088998576157,1028.8152429711727,1000.1840209960938,1000.1840209960938,5000,0.0,0
2006-05-12,1005.9101578200361,1005.9101578200361,986.8226785445137,989.36767578125,6400,0.0,0
2006-05-15,984.2775545732691,986.1863022550531,970.9163208007812,970.9163208007812,14600,0.0,0
2006-05-16,974.097776979327,997.002754099677,954.3740466812479,955.6465454101562,9900,0.0,0
2006-05-17,954.3740089903487,960.7365023836177,941.6490222038107,956.9190063476562,11600,0.0,0
2006-05-18,941.6490257705846,941.6490257705846,927.6515402523731,932.1052856445312,12900,0.0,0
2006-05-19,934.0141637369792,954.3741455078125,934.0141637369792,954.3741455078125,5600,0.0,0
2006-05-22,954.3741455078125,954.3741455078125,954.3741455078125,954.3741455078125,11600,0.0,0
2006-05-23,973.4614644569925,973.4614644569925,960.7364779935025,963.917724609375,3400,0.0,0
2006-05-24,944.8302623499994,944.8302623499994,935.2865223262621,936.5590209960938,10100,0.0,0
2006-05-25,955.0100268256551,955.6462760107488,937.831298828125,937.831298828125,5400,0.0,0
2006-05-26,938.4678974317912,967.0991214212357,938.4678974317912,948.6478881835938,4100,0.0,0
2006-05-29,961.372605321207,961.372605321207,938.4676325935012,939.1038818359375,2800,0.0,0
2006-05-30,939.1040460564594,939.7402954101562,938.4677967027627,939.7402954101562,1700,0.0,0
2006-05-31,929.5603448578173,930.1965942382812,929.5603448578173,930.1965942382812,3600,0.0,0
2006-06-01,942.9214718609259,948.0114663109174,933.3777322671918,935.9227294921875,3900,0.0,0
2006-06-02,948.0115135063559,948.0115135063559,928.924033368644,938.4677734375,5000,0.0,0
2006-06-05,954.3740023737369,954.3740023737369,932.7415249865988,936.5590209960938,1100,0.0,0
2006-06-06,936.5590221255997,936.5590221255997,927.6515314260356,928.2877807617188,1300,0.0,0
2006-06-07,928.924054730663,935.2865482562155,900.2928338656768,921.2890625,6100,0.0,0
2006-06-08,921.2890417525184,921.2890417525184,868.4803466796876,868.4803466796875,5700,0.0,0
2006-06-09,871.6616096771021,890.7490901809803,871.6616096771021,884.3865966796875,8400,0.0,0
2006-06-12,890.7489341817876,900.2926727623068,887.5676879882812,887.5676879882812,2200,0.0,0
2006-06-13,890.7489771042426,890.7489771042426,871.6614990234374,871.6614990234375,2400,0.0,0
2006-06-14,886.2954101562501,886.2954101562501,886.2954101562501,886.29541015625,2400,0.0,0
2006-06-15,897.7476715365129,911.1089054856744,897.7476715365129,910.47265625,1900,0.0,0
2006-06-16,911.1090573672142,932.1052856445312,911.1090573672142,932.1052856445312,2700,0.0,0
2006-06-19,933.3778667140651,941.6491088867188,916.1991329708615,941.6491088867188,1300,0.0,0
2006-06-20,948.011284945029,948.011284945029,928.9238094092232,929.56005859375,2100,0.0,0
2006-06-21,916.8354071299235,932.1053930918376,916.1991577148438,916.1991577148438,2300,0.0,0
2006-06-22,916.8353823687579,941.6491088867188,916.8353823687579,941.6491088867188,1700,0.0,0
2006-06-23,951.8290050340736,951.8290050340736,934.6502729913462,936.5590209960938,2200,0.0,0
2006-06-26,936.5590076042378,936.5590076042378,930.1965143460568,930.832763671875,700,0.0,0
2006-06-27,933.377554532469,944.8300398641558,933.377554532469,937.831298828125,2200,0.0,0
2006-06-28,935.922771661178,941.6490156754204,935.2865223262621,936.5590209960938,2500,0.0,0
2006-06-29,932.1051447973732,942.2851327269009,932.1051447973732,932.7413940429688,8900,0.0,0
2006-06-30,935.2864809389467,935.2864809389467,909.8365086684992,927.6514892578125,6300,0.0,0
2006-07-03,927.6515170427845,930.832763671875,922.5615224362397,930.832763671875,1800,0.0,0
2006-07-04,931.4688061473306,931.4688061473306,922.5613175639545,929.56005859375,2500,0.0,0
2006-07-05,932.7415349862682,932.7415349862682,922.561545518478,932.1052856445312,2300,0.0,0
2006-07-06,932.1054358816576,932.1054358816576,915.5629503301743,916.83544921875,2000,0.0,0
2006-07-07,920.0165393978377,930.8327781044513,916.1990433837389,928.2877807617188,2000,0.0,0
2006-07-10,909.8364257812499,909.8364257812499,909.8364257812499,909.83642578125,2000,0.0,0
2006-07-11,922.5614955598509,922.5614955598509,907.2915121850671,919.3802490234375,2400,0.0,0
2006-07-12,917.4716565450033,917.4716565450033,904.1104188283285,916.1991577148438,3200,0.0,0
2006-07-13,938.4677090255716,938.4677090255716,920.0164794921875,920.0164794921875,5500,0.0,0
2006-07-14,931.4689585727546,931.4689585727546,899.656494140625,899.656494140625,1400,0.0,0
2006-07-17,1027.542724609375,1027.542724609375,1027.542724609375,1027.542724609375,1400,0.0,0
2006-07-18,899.6565642528045,900.2928135910314,868.4803466796876,868.4803466796875,2800,0.0,0
2006-07-19,846.8479122158956,847.4841615864559,833.486675434127,834.1229248046875,7000,0.0,0
2006-07-20,828.3967817677748,853.2105102539062,828.3967817677748,853.2105102539062,2300,0.0,0
2006-07-21,839.8493240870787,849.39306640625,839.8493240870787,849.39306640625,4000,0.0,0
2006-07-24,843.030301431068,858.9365335335409,836.6678085900787,846.2115478515625,4400,0.0,0
2006-07-25,846.2115478515625,847.4840464197604,839.8490550105734,846.2115478515625,3500,0.0,0
2006-07-26,846.2116144353693,858.9366011186079,839.2128717595881,839.84912109375,2100,0.0,0
2006-07-27,839.8490550105734,846.2115478515625,836.6678085900787,846.2115478515625,1300,0.0,0
2006-07-28,836.6678085900787,846.2115478515625,836.0315593059798,846.2115478515625,3600,0.0,0
2006-07-31,846.2116628453351,846.2116628453351,831.5779273224459,834.1229248046875,3300,0.0,0
2006-08-01,839.8491602432489,858.3003917940475,833.4866666050424,857.0278930664062,2200,0.0,0
2006-08-02,874.8428533517986,874.8428533517986,852.5741261755709,874.2066040039062,2200,0.0,0
2006-08-03,884.3865948858548,884.3865948858548,865.9353637695312,865.9353637695312,3600,0.0,0
2006-08-04,855.1190378289474,855.1190378289474,846.2115478515625,846.2115478515625,6700,0.0,0
2006-08-07,843.0304376248321,849.3929314936987,840.4854400772854,843.6666870117188,1600,0.0,0
2006-08-08,839.8489802647142,852.5739648141796,839.8489802647142,840.4852294921875,2700,0.0,0
2006-08-09,851.9378981558411,857.0278930664062,836.6679134241457,857.0278930664062,2300,0.0,0
2006-08-10,855.118957198535,858.9364525431713,846.2114680610503,846.8477172851562,3500,0.0,0
2006-08-11,839.8491906903987,852.5741784281321,839.8491906903987,843.6666870117188,3500,0.0,0
2006-08-14,846.2116888432328,847.4841876234482,839.8491949421558,845.575439453125,3600,0.0,0
2006-08-15,846.2114588989805,851.937701853936,843.0302128128941,851.3014526367188,3100,0.0,0
2006-08-16,1027.542724609375,1027.542724609375,1027.542724609375,1027.542724609375,3100,0.0,0
2006-08-17,856.3915593597526,862.1178030701818,855.7553100585938,855.7553100585938,6200,0.0,0
2006-08-18,862.75401873739,868.4802622245851,860.845270908325,867.207763671875,8600,0.0,0
2006-08-21,878.0239917170392,878.0239917170392,871.6614990234374,871.6614990234375,4100,0.0,0
2006-08-22,876.7515121025269,876.7515121025269,864.6627757237547,871.0252685546875,2000,0.0,0
2006-08-23,862.1178532974188,868.4803466796876,862.1178532974188,868.4803466796875,6400,0.0,0
2006-08-24,878.0239254240581,878.0239254240581,867.2076886615878,869.752685546875,8500,0.0,0
2006-08-25,872.9339037642045,878.023897372159,867.84391015625,874.8426513671875,7800,0.0,0
2006-08-28,864.6628612845284,890.7490844726562,846.8478795950754,890.7490844726562,7400,0.0,0
2006-08-29,890.1126073051902,890.1126073051902,859.5726465113023,865.2988891601562,2400,0.0,0
2006-08-30,862.1177274055,864.0264751414531,851.9377394804167,858.3002319335938,2100,0.0,0
2006-08-31,857.6643335267693,871.6618226496097,850.0293394597653,860.8455810546875,2900,0.0,0
2006-09-01,862.117660533908,862.117660533908,848.1201782226562,848.1201782226562,1900,0.0,0
2006-09-04,848.1202252430086,857.6639637116095,848.1202252430086,850.6652221679688,2300,0.0,0
2006-09-05,849.3929297039098,858.9366704870997,848.1204309328177,851.9379272460938,3900,0.0,0
2006-09-06,851.9377206304489,858.9364621740897,847.4839760117685,850.6652221679688,3600,0.0,0
2006-09-07,848.7568169183053,852.5743138459738,848.1205674303606,849.39306640625,2700,0.0,0
2006-09-08,857.6640156337194,864.6627576010568,847.4840273175921,855.1190185546875,11500,0.0,0
2006-09-11,855.7554340076159,855.7554340076159,847.4841918945311,847.4841918945312,1100,0.0,0
2006-09-12,841.7578125,843.0303110827664,839.8490646258502,841.7578125,5600,0.0,0
2006-09-13,842.3941105249568,842.3941105249568,801.6741535207293,827.7603759765625,8800,0.0,0
2006-09-14,817.5803450364333,828.3965830641527,804.8553591214694,827.1240844726562,5300,0.0,0
2006-09-15,827.1243216245228,839.849311187977,827.1243216245228,833.48681640625,3300,0.0,0
2006-09-18,833.48681640625,833.48681640625,833.48681640625,833.48681640625,0,0.0,0
2006-09-19,852.5741766316397,854.4829247882777,833.4866950652597,851.9379272460938,7500,0.0,0
2006-09-20,851.3014242024861,851.3014242024861,827.7602039517448,848.1201782226562,2300,0.0,0
2006-09-21,847.4843049260496,848.756803882395,833.48681640625,833.48681640625,3000,0.0,0
2006-09-22,827.7605374528428,849.3930188313183,827.7605374528428,836.6680297851562,1900,0.0,0
2006-09-25,844.9393070133588,844.9393070133588,833.48681640625,833.48681640625,2400,0.0,0
2006-09-26,839.8490179041444,839.8490179041444,829.0327805523485,830.9415283203125,1000,0.0,0
2006-09-27,843.6665507151669,846.2115478515625,833.4865621695842,846.2115478515625,1100,0.0,0
2006-09-28,855.755206422641,855.755206422641,846.8477172851562,846.8477172851562,1800,0.0,0
2006-09-29,858.300351784446,858.300351784446,830.305381081321,839.84912109375,2300,0.0,0
2006-10-02,838.5766901496278,851.9379272460938,838.5766901496278,851.9379272460938,1100,0.0,0
2006-10-03,851.3016944689037,851.9379438668625,841.1217041015625,841.1217041015625,1000,0.0,0
2006-10-04,838.5768162537784,838.5768162537784,834.7593193664319,835.3955688476562,1600,0.0,0
2006-10-05,836.0317613781405,839.213008567555,830.9417658750772,837.3042602539062,4400,0.0,0
2006-10-06,837.3042202200942,837.3042202200942,827.1242297007009,828.396728515625,11900,0.0,0
2006-10-09,828.396728515625,828.396728515625,828.396728515625,828.396728515625,0,0.0,0
2006-10-10,825.8515535284524,828.396550611745,795.3115885289411,813.7628173828125,18700,0.0,0
2006-10-11,794.6753688663631,806.7641054624087,783.859130859375,783.859130859375,1700,0.0,0
2006-10-12,788.3129607847073,788.3129607847073,757.1367419966115,758.4092407226562,8000,0.0,0
2006-10-13,763.4991758683533,763.4991758683533,735.5042060865137,741.86669921875,15000,0.0,0
2006-10-16,747.5930001033292,766.6804809570312,747.5930001033292,766.6804809570312,20500,0.0,0
2006-10-17,785.1316727435003,785.1316727435003,776.2241821289062,776.2241821289062,15800,0.0,0
2006-10-18,795.3116020060473,823.3065703966603,789.5853584716039,819.4890747070312,34100,0.0,0
2006-10-19,827.1241774252795,835.3954191995324,823.3066812217783,832.2141723632812,21900,0.0,0
2006-10-20,833.486619930282,848.1203544786763,827.1241266483715,827.7603759765625,16500,0.0,0
2006-10-23,827.1242550968847,827.1242550968847,821.3980102539062,821.3980102539062,6000,0.0,0
2006-10-24,815.0353306016152,822.6703219889839,802.9465942382812,802.9465942382812,5800,0.0,0
2006-10-25,820.761633366461,829.6691239611357,804.8554001616845,827.7603759765625,8200,0.0,0
2006-10-26,828.3966253047536,833.486619930282,820.761633366461,827.7603759765625,8000,0.0,0
2006-10-27,827.1240660862893,827.1240660862893,804.85534123012,819.4890747070312,7600,0.0,0
2006-10-30,826.4878556340675,826.4878556340675,777.4966586488302,809.9453735351562,8600,0.0,0
2006-10-31,822.6703559675194,822.6703559675194,797.2203836251368,799.765380859375,5500,0.0,0
2006-11-01,795.9478386663621,795.9478386663621,785.7678503221082,788.9490966796875,6800,0.0,0
2006-11-02,776.8604125976562,782.5866564251575,776.2241632834895,776.8604125976562,4200,0.0,0
2006-11-03,776.8604125976562,776.8604125976562,776.8604125976562,776.8604125976562,0,0.0,0
2006-11-06,783.2229872276728,795.3117254545824,782.5867378473091,794.6754760742188,3800,0.0,0
2006-11-07,804.8554247651506,805.491674112791,781.3141989024545,785.7679443359375,9800,0.0,0
2006-11-08,785.7679145958773,801.0378983613033,785.131665272318,799.129150390625,15900,0.0,0
2006-11-09,811.8540272588316,811.8540272588316,789.5853039406035,804.8552856445312,5800,0.0,0
2006-11-10,805.4916919267297,820.1254272460938,800.4016970330379,820.1254272460938,9100,0.0,0
2006-11-13,820.7614734504797,827.1239654927315,795.3115052814726,804.218994140625,8300,0.0,0
2006-11-14,795.9479678270293,796.5842172017911,780.041733457984,782.5867309570312,18900,0.0,0
2006-11-15,795.3116732289591,801.6741666147908,789.5854291817107,798.492919921875,8400,0.0,0
2006-11-16,798.4927932678946,811.2177780211679,798.4927932678946,804.8552856445312,4500,0.0,0
2006-11-17,823.9430103093059,823.9430103093059,808.6730240178593,813.1267700195312,7300,0.0,0
2006-11-20,810.5816573549552,810.5816573549552,798.492919921875,798.492919921875,5200,0.0,0
2006-11-21,799.7653342954575,799.7653342954575,776.8603605208858,788.9490966796875,8500,0.0,0
2006-11-22,788.3128474081717,788.9490966796875,780.0416068784652,788.9490966796875,2200,0.0,0
2006-11-23,788.9490966796875,788.9490966796875,788.9490966796875,788.9490966796875,0,0.0,0
2006-11-24,785.767850619365,786.4040998911216,780.0416071735559,780.6778564453125,4700,0.0,0
2006-11-27,767.9529738940329,780.0417116769547,767.9529738940329,773.04296875,5900,0.0,0
2006-11-28,764.1354835098709,766.6804809570312,763.499234148081,766.6804809570312,23200,0.0,0
2006-11-29,779.405509508573,796.5842431875375,776.2242625309871,794.0392456054688,14000,0.0,0
2006-11-30,801.6742073221409,807.4004516601562,794.0392148714539,807.4004516601562,12600,0.0,0
2006-12-01,794.675561677591,806.1280517578125,789.5855660863814,806.1280517578125,6700,0.0,0
2006-12-04,806.7641777038574,814.399169921875,806.7641777038574,814.399169921875,13500,0.0,0
2006-12-05,813.7627327843578,823.9427200592208,812.490234375,812.490234375,9300,0.0,0
2006-12-06,813.7627327843578,822.6702216498629,811.2177359656421,812.490234375,13800,0.0,0
2006-12-07,811.2178156742108,818.8528068805563,811.2178156742108,811.8540649414062,10600,0.0,0
2006-12-08,809.3091475183824,811.2178955078125,799.1291582414216,811.2178955078125,18400,0.0,0
2006-12-11,820.1252544809138,858.9364573694597,817.5802575701895,848.7564697265625,30200,0.0,0
2006-12-12,861.4817315245907,882.4779627951309,852.5742394704221,862.1179809570312,59000,0.0,0
2006-12-13,862.1179809570312,862.1179809570312,862.1179809570312,862.1179809570312,59000,0.0,0
2006-12-14,870.3889291532371,870.3889291532371,827.1239823824621,851.3014526367188,11900,0.0,0
2006-12-15,849.3930188313183,854.4830144497831,836.0317803328481,836.6680297851562,19700,0.0,0
2006-12-18,855.7555080473556,862.1180025309791,850.6655124604569,853.2105102539062,17700,0.0,0
2006-12-19,850.0290993761661,860.8453379161323,850.0290993761661,852.5740966796875,9500,0.0,0
2006-12-20,865.2988932291667,867.8438899739583,841.7576733398438,858.9364013671875,17700,0.0,0
2006-12-21,865.2988891601562,871.6613809922162,863.3901416105383,865.2988891601562,27600,0.0,0
2006-12-22,866.5713875265683,871.6613809922162,862.1176432441263,865.2988891601562,14600,0.0,0
2006-12-25,878.0241846919483,902.8379116506338,872.2979400091748,893.930419921875,41400,0.0,0
2006-12-26,903.4738428330649,937.831298828125,900.2925969075962,937.831298828125,75300,0.0,0
2006-12-27,953.7376513862238,984.2776162071302,951.1926543178149,979.1876220703125,55000,0.0,0
2006-12-28,990.6402772845644,1002.0927660392992,944.830322265625,944.830322265625,50000,0.0,0
2006-12-29,938.4677066981235,962.6451798198378,938.4677066981235,953.1014404296875,13000,0.0,0
2007-01-04,970.9163208007812,970.9163208007812,970.9163208007812,970.9163208007812,19800,0.0,0
2007-01-05,986.1864999312645,986.1864999312645,951.1927854175744,958.1915283203125,47300,0.0,0
2007-01-09,959.4639333564544,972.1889192099883,948.6476953809506,953.1014404296875,24500,0.0,0
2007-01-10,948.6479178986193,958.8279089692953,942.2854234794468,943.5579223632812,23000,0.0,0
2007-01-11,954.3741329814826,959.4641283573839,945.4666410736554,948.6478881835938,23900,0.0,0
2007-01-12,961.3728448373299,977.2790798611111,955.6466002287688,962.0090942382812,37700,0.0,0
2007-01-15,984.9140402514619,1047.902728872195,978.5515464513878,1047.2664794921875,92400,0.0,0
2007-01-16,1062.5362454927883,1145.2486478365383,1059.354999248798,1124.888671875,176400,0.0,0
2007-01-17,1163.063733538104,1169.4262266099756,1122.980027185314,1125.5250244140625,130400,0.0,0
2007-01-18,1113.4363824745235,1138.25010756967,1095.6214003549312,1114.0726318359375,55200,0.0,0
2007-01-19,1093.7126946700246,1106.4376823916073,1070.1714673850968,1087.9864501953125,70700,0.0,0
2007-01-22,1079.0789775636338,1094.985212492343,1061.9002438406278,1087.3502197265625,39500,0.0,0
2007-01-23,1087.9863580463198,1097.5300980291822,1070.1713767449767,1074.6251220703125,20200,0.0,0
2007-01-24,1082.8964000746782,1112.8001197007122,1068.8989142922794,1081.6239013671875,38400,0.0,0
2007-01-25,1075.2613915286847,1084.805131690182,1065.7176513671875,1065.7176513671875,24900,0.0,0
2007-01-26,1066.3539922142245,1119.798941704675,1057.4465006324829,1115.9814453125,27300,0.0,0
2007-01-29,1127.4336243329262,1188.5135498046875,1127.4336243329262,1188.5135498046875,137700,0.0,0
2007-01-30,1138.886275406722,1175.1524864112937,1127.433787721068,1157.9737548828125,98500,0.0,0
2007-01-31,1140.1588175675674,1208.237496964738,1140.1588175675674,1177.061279296875,72800,0.0,0
2007-02-01,1180.8785591207172,1208.8735249619413,1180.8785591207172,1188.5135498046875,53700,0.0,0
2007-02-02,1195.5125630157245,1215.2362934326948,1191.0588174376987,1199.96630859375,74600,0.0,0
2007-02-05,1196.1485877403845,1196.7848369891826,1161.7911283052883,1166.244873046875,24500,0.0,0
2007-02-06,1177.0612681995738,1189.7862548828125,1176.4250188654119,1189.7862548828125,21700,0.0,0
2007-02-07,1196.1486501823838,1259.7735783835744,1194.87615161836,1259.1373291015625,118800,0.0,0
2007-02-08,1272.4987969882245,1320.217501875283,1271.2262981912363,1317.0362548828125,120800,0.0,0
2007-02-09,1320.2174024159096,1323.3986491687192,1278.8611946293872,1291.586181640625,94300,0.0,0
2007-02-13,1329.7610276255443,1339.3047670582635,1275.679837506802,1278.861083984375,65600,0.0,0
2007-02-14,1288.4049184899081,1297.9486586268704,1275.679931640625,1275.679931640625,62800,0.0,0
2007-02-15,1272.4987030029297,1275.679949760437,1218.4175081253052,1221.5987548828125,74000,0.0,0
2007-02-16,1224.7797574928338,1255.9559695017422,1224.7797574928338,1238.1409912109375,34800,0.0,0
2007-02-19,1242.5950324089972,1242.5950324089972,1208.8738154516614,1215.87255859375,27100,0.0,0
2007-02-20,1208.873572716346,1208.873572716346,1189.7860952524038,1191.05859375,55200,0.0,0
2007-02-21,1175.1523241809614,1175.1523241809614,1126.7973828502884,1150.974853515625,91900,0.0,0
2007-02-22,1159.8825582869065,1189.7862775625426,1151.611316785135,1164.3363037109375,84300,0.0,0
2007-02-23,1170.6989728085484,1208.873939313175,1167.5177255998296,1207.6014404296875,59500,0.0,0
2007-02-26,1215.2361586641805,1238.777382680188,1215.2361586641805,1220.96240234375,41400,0.0,0
2007-02-27,1220.3262229225852,1220.962472256747,1177.6975175337357,1189.7862548828125,32600,0.0,0
2007-02-28,1037.0864344529116,1177.06129063674,1037.0864344529116,1164.3363037109375,58700,0.0,0
2007-03-01,1167.5177001953125,1167.5177001953125,1167.5177001953125,1167.5177001953125,58700,0.0,0
2007-03-02,1163.699721327773,1163.699721327773,1119.7985289977478,1129.978515625,23600,0.0,0
2007-03-05,1081.6237424595297,1094.348727664936,1019.2713149530392,1041.5400390625,41000,0.0,0
2007-03-06,1028.8153625026164,1100.7115504820817,1027.5428636003248,1092.4403076171875,32900,0.0,0
2007-03-07,1111.5275833373805,1114.072580666144,1058.0826394333508,1074.6251220703125,48200,0.0,0
2007-03-08,1075.8975370752746,1079.0787834888622,1049.8113164838576,1056.81005859375,43200,0.0,0
2007-03-09,1056.173743748608,1075.8974702884918,1056.173743748608,1071.4437255859375,48200,0.0,0
2007-03-12,1103.892418941989,1124.8886436250355,1090.5311850527776,1121.7073974609375,36900,0.0,0
2007-03-13,1131.251220703125,1131.251220703125,1131.251220703125,1131.251220703125,36900,0.0,0
2007-03-14,1100.7113717184754,1104.5288678053603,1081.623891284051,1086.07763671875,29800,0.0,0
2007-03-15,1124.252987833001,1124.252987833001,1095.6217572430264,1101.9842529296875,12900,0.0,0
2007-03-16,1117.2538624008728,1118.5263611052017,1075.8976545101798,1098.1663818359375,9700,0.0,0
2007-03-19,1081.6238341328715,1101.9838121871373,1081.6238341328715,1096.257568359375,12500,0.0,0
2007-03-20,1095.621444639207,1098.802691574861,1079.0789605738066,1079.7152099609375,7500,0.0,0
2007-03-22,1098.8024526742788,1099.438701923077,1075.26123046875,1075.26123046875,20300,0.0,0
2007-03-23,1079.0790129905524,1094.3489990234375,1075.261516482331,1094.3489990234375,30400,0.0,0
2007-03-26,1094.9852421943895,1094.9852421943895,1078.4427574198082,1082.26025390625,7600,0.0,0
2007-03-27,1082.26025390625,1082.26025390625,1082.26025390625,1082.26025390625,7600,0.0,0
2007-03-28,1075.2611353870207,1077.8061321571674,1055.537410418383,1061.89990234375,10800,0.0,0
2007-03-29,1027.5427775214152,1049.811506446028,1021.1802835429545,1042.176513671875,11500,0.0,0
2007-03-30,1073.3524353793475,1073.3524353793475,1035.1774821352687,1064.4449462890625,7600,0.0,0
2007-04-02,1063.8088386264317,1063.8088386264317,1050.4476032130615,1055.53759765625,19400,0.0,0
2007-04-03,1042.812709371372,1045.3577068317047,1019.2714828632934,1027.542724609375,20800,0.0,0
2007-04-04,1025.634100867568,1030.0878469631466,1014.8178603497338,1019.2716064453125,45700,0.0,0
2007-04-05,1024.3616962859423,1025.6341952875398,987.4592252396166,995.73046875,34900,0.0,0
2007-04-06,1019.2715472881611,1024.3615425305488,988.0953264285357,992.549072265625,75500,0.0,0
2007-04-09,1014.8175048828125,1014.8175048828125,1014.8175048828125,1014.8175048828125,75500,0.0,0
2007-04-10,1009.0912470541709,1015.4537391541342,993.1850168042628,1000.8200073242188,19300,0.0,0
2007-04-11,998.2752904595718,1002.0927867902011,958.1915789879638,962.6453247070312,51100,0.0,0
2007-04-12,973.4616156411123,973.4616156411123,943.5578928076925,948.6478881835938,29000,0.0,0
2007-04-13,954.3740988265274,955.0103482257451,933.3778686523438,933.3778686523438,15700,0.0,0
2007-04-16,941.6489747783305,941.6489747783305,916.1990024870242,919.3802490234375,23900,0.0,0
2007-04-17,925.74289894104,928.9241460164388,916.1991577148438,916.1991577148438,18600,0.0,0
2007-04-18,920.6528499929016,921.9253487489387,892.021627982065,901.5653686523438,21000,0.0,0
2007-04-19,893.9302515914873,897.111498038432,879.2965179355413,883.114013671875,26000,0.0,0
2007-04-20,881.2051410889358,907.2913582619657,881.2051410889358,906.0188598632812,17800,0.0,0
2007-04-23,931.4688093440059,1017.362449549908,919.3800747965084,1010.3637084960938,86400,0.0,0
2007-04-24,1048.5389953539657,1071.4439734078144,1030.7240124231944,1054.9014892578125,106600,0.0,0
2007-04-25,1053.6290917235413,1054.265341175065,1011.6366279229652,1016.7266235351562,62700,0.0,0
2007-04-26,1033.9049814636803,1033.9049814636803,1008.4550126891899,1014.8175048828125,40900,0.0,0
2007-04-27,996.3665686974159,1010.3640556139824,967.7353454589844,992.549072265625,27400,0.0,0
2007-05-01,992.5489681397289,993.821466816831,954.3740078266624,965.1902465820312,16800,0.0,0
2007-05-02,993.1853365495303,993.1853365495303,971.5528564453125,971.5528564453125,32800,0.0,0
2007-05-07,962.6453247070314,972.1890655336047,962.6453247070314,962.6453247070312,18100,0.0,0
2007-05-08,988.7314730308391,991.9127197265625,974.7339875696559,991.9127197265625,17500,0.0,0
2007-05-09,986.1864292353296,989.36767578125,983.0051826894091,989.36767578125,8400,0.0,0
2007-05-10,963.2815930401837,967.0990894458912,960.1003460354275,962.0090942382812,16900,0.0,0
2007-05-11,958.8275896936595,962.6450850739926,954.373845083271,956.2825927734375,9000,0.0,0
2007-05-14,928.9239977278601,930.1964963548845,921.9252552792256,923.19775390625,31700,0.0,0
2007-05-15,911.7451171875,916.198861653873,911.7451171875,911.7451171875,31700,0.0,0
2007-05-16,885.0228881835938,897.1116264118384,884.3866388031598,885.0228881835938,20100,0.0,0
2007-05-17,890.1127548109861,901.5652420065527,890.1127548109861,899.656494140625,11700,0.0,0
2007-05-18,905.382752114154,913.0177436990941,897.1115112304688,897.1115112304688,8000,0.0,0
2007-05-21,928.9241969511273,928.9241969511273,897.1117244528011,920.6529541015625,8200,0.0,0
2007-05-22,919.3802642822266,919.3802642822266,897.1115381577436,908.5640258789062,8600,0.0,0
2007-05-23,909.2002274296201,922.5614624023438,903.4739838698814,922.5614624023438,6200,0.0,0
2007-05-24,903.4741253829388,911.1091179918087,900.2928784625764,905.3828735351562,8400,0.0,0
2007-05-25,903.4739332932692,918.1076660156249,903.4739332932692,918.107666015625,13700,0.0,0
2007-05-28,922.5614624023438,925.1064595400054,916.1989695581897,922.5614624023438,12300,0.0,0
2007-05-29,910.4725666661417,913.01756335843,904.746324108493,907.2913208007812,6100,0.0,0
2007-05-30,904.7465299718519,913.0177711038028,904.7465299718519,908.5640258789062,9800,0.0,0
2007-05-31,907.2916320973197,907.2916320973197,900.9291381835938,900.9291381835938,11500,0.0,0
2007-06-01,911.1088534580188,911.745102657361,904.7463614645968,906.0188598632812,4600,0.0,0
2007-06-04,907.9276827530123,907.9276827530123,902.8376887361769,903.4739379882812,7100,0.0,0
2007-06-05,903.4739567848727,903.4739567848727,897.1114641314581,902.8377075195312,10400,0.0,0
2007-06-06,890.1126849430864,895.8389280913979,887.5676879882812,887.5676879882812,25200,0.0,0
2007-06-07,895.2028619592841,896.475360696966,890.112867008556,895.839111328125,11300,0.0,0
2007-06-08,887.5678377423967,895.2028298950195,887.5678377423967,890.7490844726562,12000,0.0,0
2007-06-11,897.111743216341,897.747992679615,888.204250730505,891.385498046875,7400,0.0,0
2007-06-12,890.7490844726562,896.4753285871233,890.7490844726562,890.7490844726562,4600,0.0,0
2007-06-13,895.8390792410714,895.8390792410714,890.7490844726562,890.7490844726562,1500,0.0,0
2007-06-14,892.6577570553858,896.4752528090083,892.0215077631154,893.2940063476562,2500,0.0,0
2007-06-15,902.2017252718706,906.0192219937544,895.2029812817503,904.1104736328125,9900,0.0,0
2007-06-18,951.8290148283305,967.0989990234375,943.5577733893143,967.0989990234375,25800,0.0,0
2007-06-19,935.9226819886031,959.4639051249582,935.9226819886031,949.920166015625,12900,0.0,0
2007-06-20,930.832763671875,938.4677555816921,928.9240156944206,930.832763671875,12100,0.0,0
2007-06-21,972.8253510642865,972.8253510642865,965.8266075314499,969.6441040039062,19800,0.0,0
2007-06-22,966.4628569435259,969.6441040039062,958.1916145865372,969.6441040039062,9400,0.0,0
2007-06-25,969.6442080528066,986.1866945418965,964.5542122100097,980.46044921875,58400,0.0,0
2007-06-26,998.9115179291647,1000.8202660525963,992.5490241843929,998.2752685546875,16700,0.0,0
2007-06-27,976.6426689254689,976.6426689254689,954.3739435753768,955.0101928710938,7900,0.0,0
2007-06-28,976.0065981246668,976.0065981246668,965.1903581193739,969.6441040039062,5300,0.0,0
2007-06-29,969.6440679798518,969.6440679798518,949.9203369382668,962.6453247070312,19200,0.0,0
2007-07-02,967.7353494130891,967.7353494130891,949.9203659919409,957.5553588867188,11500,0.0,0
2007-07-03,976.0060558044833,976.0060558044833,957.5548331067453,973.4610595703125,18900,0.0,0
2007-07-04,976.642711072865,976.642711072865,955.6464834081064,963.917724609375,19900,0.0,0
2007-07-05,964.5540218682561,967.0990192874335,955.0102815463406,958.1915283203125,21600,0.0,0
2007-07-06,959.4641831806375,985.5504109726841,959.4641831806375,983.6416625976562,24300,0.0,0
2007-07-09,995.7303444363167,1004.6378363354274,986.1866031158407,1004.0015869140625,25800,0.0,0
2007-07-10,1018.6351768498034,1138.8863001631155,1018.6351768498034,1107.7100830078125,190900,0.0,0
2007-07-11,1082.2602475922683,1110.8914710735453,1082.2602475922683,1107.073974609375,75100,0.0,0
2007-07-12,1109.6189722521551,1145.2489392510777,1085.4414946457437,1107.073974609375,85500,0.0,0
2007-07-13,1133.7963531406697,1133.7963531406697,1096.257641111882,1110.255126953125,41400,0.0,0
2007-07-17,1043.4487680288462,1080.9874737079326,1038.3587740384614,1075.26123046875,80900,0.0,0
2007-07-18,1054.2649576474287,1054.2649576474287,1038.3587271458077,1039.6312255859375,23200,0.0,0
2007-07-19,1018.6353626474784,1031.3603515625,1015.4541154187231,1031.3603515625,25100,0.0,0
2007-07-20,1056.8101954032024,1056.8101954032024,1027.542724609375,1027.542724609375,29800,0.0,0
2007-07-23,1009.0911826226944,1023.0886643488603,1009.0911826226944,1015.4536743164062,15800,0.0,0
2007-07-24,1007.8190931457182,1043.4490610852133,1007.8190931457182,1036.4503173828125,31400,0.0,0
2007-07-25,1041.5399836619174,1068.262451171875,1033.9049929447867,1068.262451171875,32100,0.0,0
2007-07-26,1061.2637280332551,1068.8987188824153,1051.083740234375,1051.083740234375,17900,0.0,0
2007-07-27,1042.812830744563,1043.4490801836994,1021.1803498139253,1035.8140869140625,14400,0.0,0
2007-07-30,1012.2728868272569,1034.5416178385417,1011.6366373697916,1030.72412109375,7400,0.0,0
2007-07-31,1033.9051196700023,1043.448859236187,1019.9076349729315,1020.5438842773438,30700,0.0,0
2007-08-01,1030.7240626113949,1036.4503074036804,995.7303444363167,1004.0015869140625,11100,0.0,0
2007-08-02,1004.0014053030112,1004.6376546092869,973.4614386017789,987.4589233398438,25300,0.0,0
2007-08-03,1011.6365837902756,1024.361572265625,993.185350501019,1024.361572265625,17600,0.0,0
2007-08-06,1005.2741081659804,1036.4503305078367,1005.2741081659804,1023.725341796875,14900,0.0,0
2007-08-07,1022.4524430435911,1022.4524430435911,1001.4562198821484,1010.3637084960938,17800,0.0,0
2007-08-08,1004.0013520211885,1010.3638447462911,993.1851143885141,1007.81884765625,19300,0.0,0
2007-08-09,1058.0826752786074,1087.9863949046414,1053.6289298023896,1081.6239013671875,73600,0.0,0
2007-08-10,1043.4489762599876,1061.2639587814997,1017.9990012292562,1035.177734375,32000,0.0,0
2007-08-13,990.6401977539064,1013.5451734245169,973.4614660009483,990.6401977539062,27700,0.0,0
2007-08-14,983.6415043397274,1007.1827305108593,954.3740339648067,1003.365234375,15800,0.0,0
2007-08-15,970.9163490255879,986.1863309237624,962.6451088307435,982.3688354492188,14900,0.0,0
2007-08-16,963.917859335807,970.9166028689382,927.0153934338421,951.19287109375,17100,0.0,0
2007-08-17,892.6580200195314,892.6580200195314,892.6580200195314,892.6580200195312,17100,0.0,0
2007-08-20,954.3740988265274,995.7303097756769,909.8366408812894,933.3778686523438,31400,0.0,0
2007-08-21,920.6527145490975,948.6476830633756,909.8364767140356,922.5614624023438,19500,0.0,0
2007-08-22,935.28641470683,935.28641470683,916.1989368556701,925.74267578125,9000,0.0,0
2007-08-23,954.373942971072,963.2814331054688,948.0114500179316,963.2814331054688,13100,0.0,0
2007-08-24,963.2814331054688,963.2814331054688,963.2814331054688,963.2814331054688,13100,0.0,0
2007-08-27,976.64273558709,991.9127197265625,976.64273558709,991.9127197265625,17100,0.0,0
2007-08-28,980.6881979549632,999.2885627297794,968.5017520680148,981.32958984375,13000,12.5,0
2007-08-29,949.2601986045761,962.7294311523438,949.2601986045761,962.7294311523438,6800,0.0,0
2007-08-30,962.0877685546875,967.8602951660156,962.0877685546875,962.0877685546875,6800,0.0,0
2007-08-31,944.1291632736156,984.536865234375,944.1291632736156,984.536865234375,9600,0.0,0
2007-09-03,965.9360197964094,978.1224636052618,955.0323595463834,968.5015869140625,8600,0.0,0
2007-09-04,973.6329076069904,973.6329076069904,907.5695416758178,958.239501953125,12000,0.0,0
2007-09-05,946.0532043291174,958.8810443878174,933.8667562733525,944.1290283203125,3200,0.0,0
2007-09-06,941.5633573505833,941.5633573505833,913.3421123073778,931.3010864257812,1900,0.0,0
2007-09-07,921.03890372323,926.1700396771198,915.2663757751038,917.1905517578125,7800,0.0,0
2007-09-10,910.7766398795846,919.1147358784823,904.3627198804327,915.9077758789062,7600,0.0,0
2007-09-11,910.7766318154502,928.7356076540648,905.6454958615603,917.1905517578125,11900,0.0,0
2007-09-12,926.1698716652648,935.7907498335328,918.4731691306505,929.3768310546875,12000,0.0,0
2007-09-13,928.7354788074401,928.7354788074401,913.3420730813499,922.9629516601562,9200,0.0,0
2007-09-14,897.307399064781,911.4180229242701,872.2931113138686,878.70703125,68000,0.0,0
2007-09-18,865.8791909289005,871.6517188684264,858.1824870095325,859.4652709960938,31700,0.0,0
2007-09-19,872.9345749865678,877.4243193105251,853.0514215518994,862.6723022460938,24200,0.0,0
2007-09-20,865.2378297741009,865.2378297741009,843.4305012253096,849.8444213867188,11900,0.0,0
2007-09-21,853.6926658575483,896.0245335860218,853.6926658575483,891.5347900390625,21400,0.0,0
2007-09-25,885.1207478096997,908.8522461205393,875.499870116116,876.7826538085938,6600,0.0,0
2007-09-26,856.2582397460938,856.2582397460938,856.2582397460938,856.2582397460938,6600,0.0,0
2007-09-27,861.3894776772553,865.8792217902418,846.6374613060142,849.8444213867188,30500,0.0,0
2007-09-28,875.4998984703651,881.9138171404777,863.3134529971512,867.1618041992188,18400,0.0,0
2007-10-01,865.8792316212374,885.7623843473547,865.8792316212374,872.2931518554688,11600,0.0,0
2007-10-02,896.0247982352121,897.948974609375,885.1211321149553,897.948974609375,9100,0.0,0
2007-10-03,930.0185326816273,942.8463745117188,910.7767699364903,942.8463745117188,14800,0.0,0
2007-10-04,911.4180399719495,949.2601683029453,910.1352559607293,914.625,12300,0.0,0
2007-10-05,917.8319579561972,917.8319579561972,907.569685889601,910.13525390625,7700,0.0,0
2007-10-09,924.2457885742186,924.2457885742186,924.2457885742186,924.2457885742188,7700,0.0,0
2007-10-10,931.3012065108672,942.8462627899277,924.8872863558338,926.8114624023438,13600,0.0,0
2007-10-11,929.3769442637223,946.0531351200761,916.5491051434501,945.4117431640625,15200,0.0,0
2007-10-12,933.2252644527296,962.0879014976593,933.2252644527296,950.5428466796875,14300,0.0,0
2007-10-15,936.4322866586538,936.4322866586538,822.2645147235577,833.8095703125,215300,0.0,0
2007-10-16,833.8096824852196,836.3752507390203,827.3957618507179,830.6027221679688,64400,0.0,0
2007-10-17,831.2440551195276,844.7132874941495,828.6784870481711,835.0924072265625,29300,0.0,0
2007-10-18,837.0165507775226,849.202998643249,833.8095908128578,840.2235107421875,19300,0.0,0
2007-10-19,854.9753605277239,856.8995361328125,854.9753605277239,856.8995361328125,19300,0.0,0
2007-10-22,824.1887794693164,862.6723022460938,824.1887794693164,862.6723022460938,11400,0.0,0
2007-10-23,853.69287109375,853.69287109375,853.69287109375,853.69287109375,11400,0.0,0
2007-10-24,853.6926296901275,858.182373046875,853.0512377820207,858.182373046875,7700,0.0,0
2007-10-25,842.1477661132812,842.1477661132812,842.1477661132812,842.1477661132812,7700,0.0,0
2007-10-26,854.9755369701313,854.9755369701313,835.733776948298,843.4304809570312,8500,0.0,0
2007-10-29,844.0716694291816,851.7683715820312,843.4302775831108,851.7683715820312,15000,0.0,0
2007-10-30,844.7132142500443,846.6373901367188,844.7132142500443,846.6373901367188,15000,0.0,0
2007-10-31,854.3342367760222,854.3342367760222,845.3547478008987,853.0514526367188,9800,0.0,0
2007-11-01,853.0511520813127,853.0511520813127,845.3544499572708,847.2786254882812,4300,0.0,0
2007-11-02,835.0924050154777,852.4099894512825,835.0924050154777,849.8444213867188,5800,0.0,0
2007-11-05,850.4856751516439,850.4856751516439,837.6578369140625,837.6578369140625,4300,0.0,0
2007-11-06,839.582065780593,839.582065780593,838.940673828125,838.940673828125,4300,0.0,0
2007-11-07,838.2992260986516,838.940618008444,833.1680908203125,833.1680908203125,8100,0.0,0
2007-11-08,804.9469059018551,804.9469059018551,784.42236328125,784.42236328125,8100,0.0,0
2007-11-09,792.1188669496091,792.1188669496091,776.7254638671875,776.7254638671875,8100,0.0,0
2007-11-12,776.7256977340672,776.7256977340672,773.5187377929688,773.5187377929688,8100,0.0,0
2007-11-13,763.2563210656605,763.2563210656605,762.6149291992188,762.6149291992188,8100,0.0,0
2007-11-14,795.9673456902966,795.9673456902966,781.21533203125,781.21533203125,8100,0.0,0
2007-11-15,769.6701541210776,776.7254638671875,769.6701541210776,776.7254638671875,2600,0.0,0
2007-11-16,769.6702986199239,769.6702986199239,758.125244140625,758.125244140625,2600,0.0,0
2007-11-19,758.7667170145426,760.0495009824454,745.2974853515625,745.2974853515625,8500,0.0,0
2007-11-20,703.6070648301196,726.0557861328125,703.6070648301196,726.0557861328125,8500,0.0,0
2007-11-21,726.6970949277774,726.6970949277774,700.4000244140625,700.4000244140625,8500,0.0,0
2007-11-22,734.3937940791474,736.9593619187251,723.4901307609416,725.414306640625,7000,0.0,0
2007-11-26,725.4143711200888,776.0843404556211,719.0004509510342,772.8773803710938,4800,0.0,0
2007-11-27,762.6150501616324,777.3670654296875,761.9736581934561,777.3670654296875,3700,0.0,0
2007-11-28,785.7054113572644,795.3262939453125,785.7054113572644,795.3262939453125,3700,0.0,0
2007-11-29,790.1948374155406,790.1948374155406,783.1395263671875,783.1395263671875,3700,0.0,0
2007-11-30,774.160148122076,778.0085001425667,769.6704040981699,775.4429321289062,13400,0.0,0
2007-12-03,765.1806599210136,765.8220519243002,750.4286438454199,756.201171875,16300,0.0,0
2007-12-04,744.6558571124899,747.8628160147831,740.8075064297379,744.0144653320312,7200,0.0,0
2007-12-05,744.0147137357592,752.9942016601562,744.0147137357592,752.9942016601562,7200,0.0,0
2007-12-06,752.9942791800214,752.9942791800214,750.4287109375,750.4287109375,7200,0.0,0
2007-12-07,763.2565521501069,763.2565521501069,747.2217506343484,750.4287109375,8900,0.0,0
2007-12-10,743.3730735515726,744.0144653320312,743.3730735515726,744.0144653320312,8900,0.0,0
2007-12-11,745.2973977679533,747.2215734936881,744.0146139507967,744.656005859375,5200,0.0,0
2007-12-12,742.0905377519598,753.6355936547561,738.242185784361,752.9942016601562,8000,0.0,0
2007-12-13,743.3732805962785,743.3732805962785,740.1663208007812,740.1663208007812,8000,0.0,0
2007-12-14,739.5248997873036,740.1662917212042,734.3937643160995,735.03515625,16900,0.0,0
2007-12-17,710.6622663547192,710.6622663547192,695.2688598632812,695.2688598632812,16900,0.0,0
2007-12-18,691.4205249508485,691.4205249508485,673.4615502768005,677.9512939453125,14800,0.0,0
2007-12-19,683.0824376689314,683.0824376689314,676.6685180664062,676.6685180664062,16900,0.0,0
2007-12-20,670.8960817777194,670.8960817777194,661.2752010638897,667.0477294921875,9700,0.0,0
2007-12-21,667.0476105925325,667.0476105925325,642.0333251953125,642.0333251953125,9700,0.0,0
2007-12-25,656.1439422305267,656.1439422305267,647.8058471679688,647.8058471679688,14600,0.0,0
2007-12-26,660.6336751153715,705.5311093465132,660.6336751153715,703.60693359375,11600,0.0,0
2007-12-27,715.152099890643,715.152099890643,695.9103393554688,695.9103393554688,11600,0.0,0
2007-12-28,692.7033081054688,692.7033081054688,692.7033081054688,692.7033081054688,11600,0.0,0
2008-01-04,673.4615478515625,673.4615478515625,673.4615478515625,673.4615478515625,11600,0.0,0
2008-01-07,648.4473266601562,651.0128947181588,648.4473266601562,648.4473266601562,10300,0.0,0
2008-01-08,641.3919067382812,641.3919067382812,641.3919067382812,641.3919067382812,10300,0.0,0
2008-01-09,650.3714334501095,650.3714334501095,636.902202579841,649.7300415039062,11500,0.0,0
2008-01-10,638.1849975585938,647.8058769187736,638.1849975585938,638.1849975585938,4700,0.0,0
2008-01-11,634.9780619035959,640.750589739083,625.3571821777838,634.336669921875,15000,0.0,0
2008-01-15,637.5436401367188,637.5436401367188,637.5436401367188,637.5436401367188,15000,0.0,0
2008-01-16,628.5640622402759,629.2054541405212,602.9083862304688,602.9083862304688,18800,0.0,0
2008-01-17,603.5499085383628,615.0949652372901,600.9843403830457,601.625732421875,9100,0.0,0
2008-01-18,590.0805454724343,599.701423931224,584.9494102944132,598.4186401367188,14200,0.0,0
2008-01-21,583.0253439310665,586.232304018696,575.9700317382812,575.9700317382812,15000,0.0,0
2008-01-22,531.0725991281025,558.0110643012672,531.0725991281025,536.2037353515625,14200,0.0,0
2008-01-23,568.273440519407,568.273440519407,544.5419311523438,544.5419311523438,14200,0.0,0
2008-01-24,563.7835371324954,568.9146728515625,561.8593612378453,568.9146728515625,3400,0.0,0
2008-01-25,602.9084705171131,633.0538940429688,602.9084705171131,633.0538940429688,3400,0.0,0
2008-01-28,626.6399804372636,646.5231323242188,626.6399804372636,646.5231323242188,3400,0.0,0
2008-01-29,646.5230363764579,647.8058201787921,628.5640631437785,632.4124145507812,6600,0.0,0
2008-01-30,649.7300122920553,649.7300122920553,644.598876953125,644.598876953125,6600,0.0,0
2008-01-31,660.6337890625,660.6337890625,660.6337890625,660.6337890625,6600,0.0,0
2008-02-01,660.6337769513983,660.6337769513983,652.9370727539062,652.9370727539062,6600,0.0,0
2008-02-04,674.1030420156625,674.1030420156625,667.0477294921875,667.0477294921875,6600,0.0,0
2008-02-05,652.9370727539062,652.9370727539062,652.9370727539062,652.9370727539062,6600,0.0,0
2008-02-06,641.3919877032844,641.3919877032844,628.5641479492188,628.5641479492188,4400,0.0,0
2008-02-07,641.391970076651,641.391970076651,611.887939453125,611.887939453125,4400,0.0,0
2008-02-08,622.1502722763433,631.1297607421875,611.8879997439501,631.1297607421875,4200,0.0,0
2008-02-12,631.7711072419819,631.7711072419819,609.3223876953125,609.3223876953125,4200,0.0,0
2008-02-13,621.5087890625,621.5087890625,621.5087890625,621.5087890625,4200,0.0,0
2008-02-14,617.0191253280273,667.0477030573268,617.0191253280273,666.4063110351562,5300,0.0,0
2008-02-15,667.0477093446602,667.0477093446602,660.6337890625,660.6337890625,3900,0.0,0
2008-02-18,674.7444130951503,679.8755493164062,666.4063167356095,679.8755493164062,1800,0.0,0
2008-02-19,673.4615526701275,682.4410400390625,673.4615526701275,682.4410400390625,1800,0.0,0
2008-02-20,657.42681686911,660.6337769513983,652.9370727539062,652.9370727539062,1600,0.0,0
2008-02-21,668.9718017578125,668.9718017578125,668.9718017578125,668.9718017578125,1600,0.0,0
2008-02-22,660.63365906708,661.9164428710938,660.63365906708,661.9164428710938,1500,0.0,0
2008-02-25,660.6336985318854,679.875456741552,658.0681307705966,670.2545776367188,6100,0.0,0
2008-02-26,669.280870870942,675.7724409084875,668.6317138671875,668.6317138671875,4800,12.5,0
2008-02-27,668.631617819616,669.929931640625,668.631617819616,669.929931640625,1000,0.0,0
2008-02-28,661.4909797219668,662.14013671875,661.4909797219668,662.14013671875,1000,0.0,0
2008-02-29,649.1568603515625,649.1568603515625,649.1568603515625,649.1568603515625,5100,0.0,0
2008-03-03,649.1568603515625,662.1399975585938,648.5077034912109,649.1568603515625,7200,0.0,0
2008-03-04,631.6298089047027,631.6298089047027,630.9806518554688,630.9806518554688,7200,0.0,0
2008-03-05,662.1402074841486,671.8775634765625,662.1402074841486,671.8775634765625,7200,0.0,0
2008-03-06,680.9655673035189,686.1588223449185,680.9655673035189,683.5621948242188,5000,0.0,0
2008-03-07,649.1569750236742,649.1569750236742,642.6654052734375,642.6654052734375,5000,0.0,0
2008-03-10,633.577060953776,633.577060953776,623.1905517578125,623.1905517578125,2200,0.0,0
2008-03-11,624.4888957079032,636.8228759765625,624.4888957079032,636.8228759765625,800,0.0,0
2008-03-12,632.9281005859375,632.9281005859375,632.9281005859375,632.9281005859375,3100,0.0,0
2008-03-13,649.1568603515625,651.7534877929688,649.1568603515625,649.1568603515625,20300,0.0,0
2008-03-14,630.3314948062347,630.9806518554688,619.9449820184904,630.9806518554688,12100,0.0,0
2008-03-17,616.6992058869533,616.6992058869533,604.3652217692143,616.050048828125,6100,0.0,0
2008-03-18,648.5078769395076,651.753662109375,648.5078769395076,651.753662109375,6100,0.0,0
2008-03-19,649.1569932458436,660.8418191242688,649.1569932458436,658.8943481445312,7500,0.0,0
2008-03-21,645.2620626772897,647.2095336914062,645.2620626772897,647.2095336914062,7500,0.0,0
2008-03-24,649.1568603515625,649.1568603515625,649.1568603515625,649.1568603515625,7500,0.0,0
2008-03-25,656.2977237477022,662.14013671875,656.2977237477022,662.14013671875,7500,0.0,0
2008-03-26,685.5098172169811,688.1064453125,685.5098172169811,688.1064453125,7500,0.0,0
2008-03-27,680.965772123791,681.6149291992188,680.965772123791,681.6149291992188,7500,0.0,0
2008-03-28,682.9131856764662,684.8606567382812,682.9131856764662,684.8606567382812,7500,0.0,0
2008-03-31,680.3164840785105,684.21142578125,680.3164840785105,684.21142578125,7500,0.0,0
2008-04-01,682.9131118803368,684.21142578125,681.6147979794237,684.21142578125,3600,0.0,0
2008-04-02,694.5980216479097,694.5980216479097,681.61488105636,682.2640380859375,5400,0.0,0
2008-04-03,682.2640355069873,691.3522338867188,682.2640355069873,691.3522338867188,5400,0.0,0
2008-04-04,672.526645002694,672.526645002694,658.8943481445312,658.8943481445312,5400,0.0,0
2008-04-07,649.1569953484016,649.80615234375,649.1569953484016,649.80615234375,5400,0.0,0
2008-04-08,647.2095683363617,649.1570394547259,632.278956428903,633.5772705078125,17200,0.0,0
2008-04-09,619.9449600610977,632.9281005859375,619.9449600610977,632.9281005859375,17200,0.0,0
2008-04-10,639.4196166992188,639.4196166992188,639.4196166992188,639.4196166992188,17200,0.0,0
2008-04-11,640.0689117092899,643.314697265625,640.0689117092899,643.314697265625,17200,0.0,0
2008-04-14,643.9637928401492,643.9637928401492,630.9806518554688,630.9806518554688,17200,0.0,0
2008-04-15,627.7348986373664,627.7348986373664,626.4365844726562,626.4365844726562,17200,0.0,0
2008-04-16,626.4364416094446,626.4364416094446,619.2957153320312,619.2957153320312,17200,0.0,0
2008-04-17,623.840001270346,623.840001270346,622.5416870117188,622.5416870117188,17200,0.0,0
2008-04-18,625.1381135327123,627.7347412109375,625.1381135327123,627.7347412109375,17200,0.0,0
2008-04-21,634.2264111705663,634.8755681932587,629.6823120117188,629.6823120117188,7500,0.0,0
2008-04-22,623.1907443122385,623.1907443122385,620.5941162109375,620.5941162109375,7500,0.0,0
2008-04-23,634.2264111705663,634.8755681932587,625.1382128528713,629.6823120117188,17100,0.0,0
2008-04-24,630.3314819335938,630.3314819335938,630.3314819335938,630.3314819335938,17100,0.0,0
2008-04-25,641.3671393630718,642.0162963867188,641.3671393630718,642.0162963867188,17100,0.0,0
2008-04-28,641.3670472907254,646.560302734375,641.3670472907254,646.560302734375,17100,0.0,0
2008-04-30,643.963733756188,655.6485595703125,643.963733756188,655.6485595703125,17100,0.0,0
2008-05-01,647.2095040986032,654.3502308238636,642.6654052734375,642.6654052734375,5800,0.0,0
2008-05-02,640.0688124436599,642.6654404860277,638.770498422476,641.3671264648438,4100,0.0,0
2008-05-07,644.6129043672713,644.6129043672713,629.6822932892782,634.8755493164062,2800,0.0,0
2008-05-08,635.5247286909055,635.5247286909055,632.9281005859375,632.9281005859375,2800,0.0,0
2008-05-09,636.1738668695956,649.1570070097914,633.5772388415564,638.121337890625,8800,0.0,0
2008-05-12,635.5248413085938,635.5248413085938,635.5248413085938,635.5248413085938,8800,0.0,0
2008-05-13,634.2263274550561,634.2263274550561,630.9805427700251,631.6296997070312,2400,0.0,0
2008-05-14,616.6992728478966,630.9807296927953,614.1026443306423,622.5416870117188,23400,0.0,0
2008-05-15,623.8397996935997,627.7347412109375,620.5940150958182,627.7347412109375,12300,0.0,0
2008-05-16,627.5752640008425,627.5752640008425,626.4365844726562,626.4365844726562,12300,0.0,0
2008-05-19,636.1737982660746,636.1737982660746,625.1381303369693,631.6296997070312,8900,0.0,0
2008-05-20,623.8397085825602,626.4363358815511,623.1905517578125,623.1905517578125,7100,0.0,0
2008-05-21,629.6822288960127,631.6296997070312,629.6822288960127,631.6296997070312,7100,0.0,0
2008-05-22,622.5413949330648,623.1905517578125,622.5413949330648,623.1905517578125,7100,0.0,0
2008-05-23,638.1211721239675,638.1211721239675,623.8397216796875,623.8397216796875,7100,0.0,0
2008-05-26,618.6466994843952,626.4365844726562,618.6466994843952,626.4365844726562,7100,0.0,0
2008-05-27,626.4365620258426,628.384033203125,623.1907767303719,628.384033203125,2600,0.0,0
2008-05-28,621.8924753289474,624.489103618421,612.155119243421,616.69921875,3900,0.0,0
2008-05-29,616.6990875947901,621.2431861349621,616.6990875947901,619.2957153320312,2000,0.0,0
2008-05-30,632.2787473042806,632.2787473042806,623.1905517578125,623.1905517578125,2000,0.0,0
2008-06-02,629.0331014827806,636.173828125,623.1906887755101,636.173828125,7600,0.0,0
2008-06-03,635.5247608531605,638.7705461486312,623.1907767303719,628.384033203125,5200,0.0,0
2008-06-04,636.823071947894,638.7705431159305,636.823071947894,637.4722290039062,2500,0.0,0
2008-06-05,636.8230686402492,638.7705397981704,626.4365557980025,634.2264404296875,1900,0.0,0
2008-06-06,627.0855842913812,627.7347412109375,627.0855842913812,627.7347412109375,1900,0.0,0
2008-06-09,623.8397216796875,629.6821332250748,623.8397216796875,623.8397216796875,2000,0.0,0
2008-06-10,623.8398269413653,623.8398269413653,619.9448852539062,619.9448852539062,2000,0.0,0
2008-06-11,618.6465583977209,619.2957153320312,618.6465583977209,619.2957153320312,2000,0.0,0
2008-06-12,635.5246711575255,636.173828125,634.875514190051,636.173828125,14100,0.0,0
2008-06-13,617.3482924758574,618.6466064453125,617.3482924758574,618.6466064453125,14100,0.0,0
2008-06-16,623.8398457429846,636.173828125,619.2957469706632,636.173828125,7100,0.0,0
2008-06-17,635.5246823126462,635.5246823126462,624.489013671875,624.489013671875,7100,0.0,0
2008-06-18,623.8398566930061,624.489013671875,623.8398566930061,624.489013671875,7100,0.0,0
2008-06-19,619.9449204147675,619.9449204147675,618.6466064453125,618.6466064453125,7100,0.0,0
2008-06-20,615.4008401537698,616.699154162533,613.453369140625,613.453369140625,4500,0.0,0
2008-06-23,611.5059814453125,612.1551385381418,611.5059814453125,611.5059814453125,1500,0.0,0
2008-06-24,612.8042121362433,615.4008401537698,611.5058981274801,613.453369140625,3900,0.0,0
2008-06-25,611.50587961331,618.6466064453125,611.50587961331,618.6466064453125,3900,0.0,0
2008-06-26,612.1549682617188,612.8041251739794,612.1549682617188,612.1549682617188,1700,0.0,0
2008-06-27,598.5225924173991,623.1905517578125,598.5225924173991,623.1905517578125,1700,0.0,0
2008-06-30,621.89239136895,621.89239136895,618.6466064453125,618.6466064453125,1700,0.0,0
2008-07-01,618.6465583977209,619.2957153320312,618.6465583977209,619.2957153320312,1700,0.0,0
2008-07-02,619.2958082060123,619.2958082060123,614.751708984375,614.751708984375,1700,0.0,0
2008-07-03,594.6277709437031,605.0142822265625,594.6277709437031,605.0142822265625,4600,0.0,0
2008-07-04,605.6635193267426,605.6635193267426,599.8211059570312,599.8211059570312,4600,0.0,0
2008-07-07,608.9092369938203,608.9092369938203,602.4176673030546,605.6634521484375,3700,0.0,0
2008-07-08,605.6635680028186,605.6635680028186,599.1719970703125,599.1719970703125,5800,0.0,0
2008-07-09,597.224365234375,597.224365234375,597.224365234375,597.224365234375,5800,0.0,0
2008-07-10,603.715885590742,606.961669921875,603.715885590742,606.961669921875,5800,0.0,0
2008-07-11,597.87353515625,603.7159475519137,597.87353515625,597.87353515625,5400,0.0,0
2008-07-14,608.9092783234901,608.9092783234901,598.5227661132812,598.5227661132812,2100,0.0,0
2008-07-15,595.2770545108089,599.1719970703125,595.2770545108089,599.1719970703125,2100,0.0,0
2008-07-16,593.329411661559,593.329411661559,586.1886857006431,587.4869995117188,3800,0.0,0
2008-07-17,584.8905127246306,594.6278686523438,584.8905127246306,594.6278686523438,3800,0.0,0
2008-07-18,594.6278686523438,594.6278686523438,594.6278686523438,594.6278686523438,3800,0.0,0
2008-07-22,603.7161254882812,603.7161254882812,603.7161254882812,603.7161254882812,3800,0.0,0
2008-07-23,606.9618821893198,606.9618821893198,599.1719970703125,599.1719970703125,3800,0.0,0
2008-07-24,605.6635968608241,605.6635968608241,603.7161254882812,603.7161254882812,3800,0.0,0
2008-07-25,597.2243782233985,597.87353515625,597.2243782233985,597.87353515625,3800,0.0,0
2008-07-28,597.8736150434479,597.8736150434479,592.6803588867188,592.6803588867188,2700,0.0,0
2008-07-29,589.4346375974435,595.9262084960938,589.4346375974435,595.9262084960938,2900,0.0,0
2008-07-30,598.5227346430554,603.0668334960938,598.5227346430554,603.0668334960938,2900,0.0,0
2008-07-31,597.2244777927151,603.7160482035055,592.6803785051619,599.8211059570312,3400,0.0,0
2008-08-01,600.4701926790434,602.4176635742188,600.4701926790434,602.4176635742188,3400,0.0,0
2008-08-04,588.1362881845693,593.9787016433563,584.8905029296875,584.8905029296875,4600,0.0,0
2008-08-05,581.6447143554688,581.6447143554688,581.6447143554688,581.6447143554688,4600,0.0,0
2008-08-06,582.2938326059236,582.2938326059236,579.6972045898438,579.6972045898438,4600,0.0,0
2008-08-07,580.9954926461884,580.9954926461884,578.3988647460938,578.3988647460938,3000,0.0,0
2008-08-08,569.9597517736427,569.9597517736427,568.6614379882812,568.6614379882812,3000,0.0,0
2008-08-11,558.9241849513412,561.5208129882812,558.9241849513412,561.5208129882812,4100,0.0,0
2008-08-12,555.6783963935319,558.2750244140625,555.6783963935319,558.2750244140625,4100,0.0,0
2008-08-13,556.3275031227963,556.3275031227963,546.5901489257812,546.5901489257812,4100,0.0,0
2008-08-14,545.2918050617515,545.2918050617515,542.0460205078125,542.0460205078125,4100,0.0,0
2008-08-15,540.0987421028881,540.0987421028881,539.4495849609375,539.4495849609375,4100,0.0,0
2008-08-18,545.2919793839392,545.9411365022534,544.642822265625,544.642822265625,2200,0.0,0
2008-08-19,537.5020939641686,544.642822265625,537.5020939641686,544.642822265625,2200,0.0,0
2008-08-20,544.642822265625,544.642822265625,544.642822265625,544.642822265625,2200,0.0,0
2008-08-21,540.0986647727273,540.0986647727273,535.5545654296875,535.5545654296875,5700,0.0,0
2008-08-22,536.20361328125,536.20361328125,536.20361328125,536.20361328125,5700,0.0,0
2008-08-25,543.9935853275808,549.8359985351562,538.8003291430693,549.8359985351562,4800,0.0,0
2008-08-26,530.3613090376421,535.5545654296875,530.3613090376421,535.5545654296875,1900,0.0,0
2008-08-27,523.8696677879051,525.817138671875,523.8696677879051,525.817138671875,1900,0.0,0
2008-08-28,525.8171702915823,525.8171702915823,521.2730712890625,521.2730712890625,1900,0.0,0
2008-08-29,521.273039942612,525.817138671875,521.273039942612,525.817138671875,1900,0.0,0
2008-09-01,522.5713852897825,522.5713852897825,521.2730712890625,521.2730712890625,3400,0.0,0
2008-09-02,520.6239224947416,520.6239224947416,506.3424682617188,506.34246826171875,3900,0.0,0
2008-09-03,513.4831489562988,519.3255615234375,503.0966377258301,519.3255615234375,4200,0.0,0
2008-09-04,519.3255615234375,519.3255615234375,519.3255615234375,519.3255615234375,4200,0.0,0
2008-09-05,500.5001075774086,504.39505004882807,500.5001075774086,504.3950500488281,4200,0.0,0
2008-09-08,515.4307348323774,515.4307348323774,512.8341064453125,512.8341064453125,4200,0.0,0
2008-09-09,501.1491523930203,501.7983093261719,501.1491523930203,501.7983093261719,2300,0.0,0
2008-09-10,505.6932732520166,506.3424302138292,499.8508605957032,499.8508605957031,2100,0.0,0
2008-09-11,509.5882150228922,509.5882150228922,499.8508605957032,499.8508605957031,2100,0.0,0
2008-09-12,499.8508981557993,506.3424682617188,499.8508981557993,506.34246826171875,2100,0.0,0
2008-09-16,464.1472473144532,464.1472473144532,464.1472473144532,464.1472473144531,2100,0.0,0
2008-09-17,470.63882086012103,470.63882086012103,467.3930358886719,467.3930358886719,2100,0.0,0
2008-09-18,467.3931068371815,509.5883178710937,467.3931068371815,509.58831787109375,2100,0.0,0
2008-09-19,516.7289758059057,525.1680168680625,510.2374057580929,524.5188598632812,8600,0.0,0
2008-09-22,519.3254874256884,519.3254874256884,518.6763305664062,518.6763305664062,8600,0.0,0
2008-09-24,506.3423722601302,507.6406860351562,506.3423722601302,507.64068603515625,8600,0.0,0
2008-09-25,495.30675972889014,495.30675972889014,487.5168762207031,487.5168762207031,2000,0.0,0
2008-09-26,481.02531664049303,481.6744736130173,469.98964810758025,480.37615966796875,10400,0.0,0
2008-09-29,470.6387111118862,470.6387111118862,468.0420837402344,468.0420837402344,10400,0.0,0
2008-09-30,468.69130561765564,471.2879333496094,468.04214868466715,471.2879333496094,8000,0.0,0
2008-10-01,471.2879248654694,471.2879248654694,469.3404541015625,469.3404541015625,8000,0.0,0
2008-10-02,468.04219288296173,468.04219288296173,467.3930358886719,467.3930358886719,8000,0.0,0
2008-10-03,469.9896638658312,475.1829198201498,467.3930358886719,467.3930358886719,5600,0.0,0
2008-10-06,464.79636728642816,464.79636728642816,448.5674438476562,448.56744384765625,5600,0.0,0
2008-10-07,442.7250191058805,443.3741760253906,442.7250191058805,443.3741760253906,5600,0.0,0
2008-10-08,443.3741286722819,443.3741286722819,389.4941101074219,389.4941101074219,5600,0.0,0
2008-10-09,396.63493228628613,403.12650237280474,392.739990234375,392.739990234375,12300,0.0,0
2008-10-10,382.3536102294922,382.3536102294922,370.0196228027344,370.0196228027344,9200,0.0,0
2008-10-14,408.3196846613808,408.9688415527344,408.3196846613808,408.9688415527344,9200,0.0,0
2008-10-15,421.9519958496094,421.9519958496094,421.9519958496094,421.9519958496094,9200,0.0,0
2008-10-16,401.17916358209425,402.47747802734375,401.17916358209425,402.47747802734375,9200,0.0,0
2008-10-17,394.6875913558468,402.47747802734375,393.3892769105973,402.47747802734375,7100,0.0,0
2008-10-20,402.4773961847478,402.4773961847478,399.8807678222656,399.8807678222656,7100,0.0,0
2008-10-21,403.7756263843838,403.7756263843838,401.8281555175781,401.8281555175781,7100,0.0,0
2008-10-22,394.038344549855,394.038344549855,390.1434020996094,390.1434020996094,7100,0.0,0
2008-10-23,397.2841153341227,397.2841153341227,394.038330078125,394.038330078125,7100,0.0,0
2008-10-24,394.0382355314114,394.0382355314114,377.16015625,377.16015625,7100,0.0,0
2008-10-27,383.651725204389,383.651725204389,377.16015625,377.16015625,7100,0.0,0
2008-10-28,370.6687800357216,370.6687800357216,370.0196228027344,370.0196228027344,7100,0.0,0
2008-10-29,370.01945609477025,370.01945609477025,347.9481201171875,347.9481201171875,7100,0.0,0
2008-10-30,367.4229938707854,370.0196228027344,367.4229938707854,370.0196228027344,7100,0.0,0
2008-10-31,370.6687800357216,370.6687800357216,370.0196228027344,370.0196228027344,7100,0.0,0
2008-11-04,392.7399834035483,403.1264953613281,392.7399834035483,403.1264953613281,34900,0.0,0
2008-11-05,403.7755562918527,468.0420837402344,403.7755562918527,468.0420837402344,34900,0.0,0
2008-11-06,491.41192499967235,491.41192499967235,483.62203979492193,483.6220397949219,34900,0.0,0
2008-11-07,499.20178865131584,518.02734375,499.20178865131584,518.02734375,34900,0.0,0
2008-11-10,555.6784570095003,582.9430541992188,555.6784570095003,582.9430541992188,36400,0.0,0
2008-11-11,536.8529242103594,543.99365234375,536.8529242103594,543.99365234375,36400,0.0,0
2008-11-12,493.35942532153837,493.35942532153837,488.1661682128906,488.1661682128906,36400,0.0,0
2008-11-13,429.09277343750006,429.09277343750006,429.09277343750006,429.0927734375,36400,0.0,0
2008-11-14,429.74201246239676,451.8133544921875,429.74201246239676,451.8133544921875,36400,0.0,0
2008-11-17,416.75879325375536,453.7607421875,416.75879325375536,453.7607421875,5500,0.0,0
2008-11-18,436.2335381543405,436.2335381543405,435.5843811035156,435.5843811035156,5500,0.0,0
2008-11-19,432.98771174361065,432.98771174361065,425.84698486328125,425.84698486328125,5500,0.0,0
2008-11-20,426.496050567627,426.496050567627,389.4941101074219,389.4941101074219,5500,0.0,0
2008-11-21,394.03839030011693,414.1622619628906,394.03839030011693,414.1622619628906,5500,0.0,0
2008-11-25,414.1623080345892,414.1623080345892,402.47747802734375,402.47747802734375,22300,0.0,0
2008-11-26,414.8112812227416,414.8112812227416,401.1789855957031,401.1789855957031,22300,0.0,0
2008-11-27,405.723131619967,405.723131619967,405.073974609375,405.073974609375,22300,0.0,0
2008-11-28,405.7230964636269,406.37225341796875,405.7230964636269,406.37225341796875,22300,0.0,0
2008-12-01,406.37221398732015,408.9688415527344,406.37221398732015,408.9688415527344,22300,0.0,0
2008-12-02,409.6181384452007,409.6181384452007,408.31982421875,408.31982421875,22300,0.0,0
2008-12-03,416.1096209901752,416.1096209901752,407.02142333984375,407.02142333984375,22300,0.0,0
2008-12-04,399.23158982220815,399.23158982220815,397.28411865234375,397.28411865234375,22300,0.0,0
2008-12-05,397.9332321841276,397.9332321841276,396.6349182128906,396.6349182128906,22300,0.0,0
2008-12-08,397.2840218513635,407.6705322265625,397.2840218513635,407.6705322265625,22300,0.0,0
2008-12-09,401.82821804869405,401.82821804869405,397.28411865234375,397.28411865234375,22300,0.0,0
2008-12-10,397.9332486590072,400.5298767089844,397.9332486590072,400.5298767089844,22300,0.0,0
2008-12-11,394.68746243990387,405.073974609375,394.68746243990387,405.073974609375,22300,0.0,0
2008-12-12,421.9520280945976,421.9520280945976,412.86383056640625,412.86383056640625,22300,0.0,0
2008-12-15,404.42486572265625,404.42486572265625,404.42486572265625,404.42486572265625,22300,0.0,0
2008-12-16,403.77562934887584,409.6180419921875,403.77562934887584,409.6180419921875,5100,0.0,0
2008-12-17,401.8281694073078,401.8281694073078,397.9332275390625,397.9332275390625,10700,0.0,0
2008-12-18,395.9857752776343,395.9857752776343,392.739990234375,392.739990234375,8900,0.0,0
2008-12-19,392.09088530264887,392.09088530264887,370.668701171875,370.668701171875,10900,0.0,0
2008-12-22,377.80936038067637,381.0551452636719,374.56357549768086,381.0551452636719,10000,0.0,0
2008-12-24,381.0551710663101,382.3534851074219,381.0551710663101,382.3534851074219,3200,0.0,0
2008-12-25,380.40589673272495,380.40589673272495,375.21264216982087,376.5109558105469,7400,0.0,0
2008-12-26,380.406057170286,383.6518426410222,380.406057170286,383.002685546875,4100,0.0,0
2008-12-29,389.494240224658,392.0908684928224,388.19592609057577,391.44171142578125,13100,0.0,0
2008-12-30,402.47747802734375,402.47747802734375,402.47747802734375,402.47747802734375,6100,0.0,0
2009-01-05,408.96889142292304,408.96889142292304,399.2315368652344,399.2315368652344,2400,0.0,0
2009-01-06,393.3891495715471,400.5298767089844,393.3891495715471,400.5298767089844,9600,0.0,0
2009-01-07,399.88074687882965,399.88074687882965,397.28411865234375,397.28411865234375,18100,0.0,0
2009-01-08,391.44160649341904,395.9857047445864,391.44160649341904,395.3365478515625,3800,0.0,0
2009-01-09,390.14326695760093,392.7398943583171,389.4941101074219,389.4941101074219,3000,0.0,0
2009-01-13,383.0025764891339,383.6517333984375,383.0025764891339,383.6517333984375,6500,0.0,0
2009-01-14,378.4585876464844,378.4585876464844,378.4585876464844,378.4585876464844,1500,0.0,0
2009-01-15,377.809428793697,383.002685546875,377.809428793697,383.002685546875,7000,0.0,0
2009-01-16,375.21280216066543,378.4585876464844,375.21280216066543,378.4585876464844,4800,0.0,0
2009-01-19,376.51099935456114,380.4059407271945,376.51099935456114,377.16015625,3500,0.0,0
2009-01-20,373.2652458164335,373.2652458164335,372.6160888671875,372.6160888671875,2600,0.0,0
2009-01-21,370.6686437394884,373.9144287109375,370.6686437394884,373.9144287109375,19200,0.0,0
2009-01-22,373.91447208080587,374.5636291503906,373.91447208080587,374.5636291503906,1700,0.0,0
2009-01-23,376.5110566880968,376.5110566880968,373.9144287109375,373.9144287109375,3200,0.0,0
2009-01-26,381.0551452636719,381.0551452636719,373.91441852108176,381.0551452636719,3200,0.0,0
2009-01-27,377.16015625,385.5991958907057,376.51099935456114,377.16015625,14500,0.0,0
2009-01-28,377.8094305493206,378.4585876464844,377.8094305493206,378.4585876464844,1500,0.0,0
2009-01-29,381.0551322963051,381.0551322963051,380.4059753417969,380.4059753417969,3800,0.0,0
2009-01-30,380.4059753417969,380.4059753417969,380.4059753417969,380.4059753417969,3300,0.0,0
2009-02-02,377.160190569256,380.4059753417969,377.160190569256,380.4059753417969,2900,0.0,0
2009-02-03,383.651725204389,383.651725204389,377.16015625,377.16015625,1200,0.0,0
2009-02-04,377.80936038067637,381.0551452636719,377.80936038067637,381.0551452636719,2400,0.0,0
2009-02-05,382.35352845272774,383.002685546875,382.35352845272774,383.002685546875,4800,0.0,0
2009-02-06,383.0025764891339,383.6517333984375,383.0025764891339,383.6517333984375,2500,0.0,0
2009-02-09,385.59923097786236,385.59923097786236,380.4059753417969,380.4059753417969,1400,0.0,0
2009-02-10,375.2127166641714,386.89754175059886,372.6160888671875,372.6160888671875,1100,0.0,0
2009-02-12,370.66861417800556,370.66861417800556,369.37030029296875,369.37030029296875,5400,0.0,0
2009-02-13,373.26524884220686,380.4059753417969,373.26524884220686,380.4059753417969,3600,0.0,0
2009-02-16,379.3332268964403,379.3332268964403,376.5109558105469,376.5109558105469,2400,0.0,0
2009-02-17,366.7736425433719,366.7736425433719,364.826171875,364.826171875,3000,0.0,0
2009-02-18,371.9669861489154,371.9669861489154,366.12457275390625,366.12457275390625,1000,0.0,0
2009-02-19,378.4585565878144,378.4585565878144,366.12457275390625,366.12457275390625,2400,0.0,0
2009-02-20,364.1770900479323,366.77371814096574,360.9313049316406,360.9313049316406,6300,0.0,0
2009-02-23,369.3703402088807,369.3703402088807,366.7737121582031,366.7737121582031,600,0.0,0
2009-02-24,360.28216552734375,360.931322582348,358.9838514173353,360.28216552734375,2500,0.0,0
2009-02-25,366.7737168740633,366.7737168740633,365.47540283203125,365.47540283203125,3000,0.0,0
2009-02-26,357.0363850102071,358.9838562011719,357.0363850102071,358.9838562011719,4200,0.0,0
2009-02-27,366.7737121582031,366.7737121582031,366.7737121582031,366.7737121582031,900,0.0,0
2009-03-02,366.7737458881579,366.7737458881579,357.685546875,357.685546875,3200,0.0,0
2009-03-03,357.6854735316493,357.6854735316493,352.4922180175781,352.4922180175781,4400,0.0,0
2009-03-04,347.29898344664076,355.0888671875,347.29898344664076,355.0888671875,900,0.0,0
2009-03-05,374.56354665173706,374.56354665173706,364.17703582603895,371.9669189453125,5400,0.0,0
2009-03-06,370.66868832236844,370.66868832236844,357.685546875,357.685546875,2500,0.0,0
2009-03-09,378.4585682795598,378.4585682795598,371.3178405761719,371.3178405761719,1700,0.0,0
2009-03-10,371.3177620187064,371.9669189453125,371.3177620187064,371.9669189453125,4000,0.0,0
2009-03-11,373.9143897251309,373.9143897251309,371.9669189453125,371.9669189453125,2600,0.0,0
2009-03-12,373.2652712735263,373.2652712735263,357.0363464355469,357.0363464355469,3700,0.0,0
2009-03-13,344.05323411452287,349.2464904785156,344.05323411452287,349.2464904785156,12300,0.0,0
2009-03-16,362.87874812811197,368.7211608886719,362.87874812811197,368.7211608886719,2900,0.0,0
2009-03-17,371.96699764011623,371.96699764011623,371.3178405761719,371.3178405761719,1600,0.0,0
2009-03-18,371.9669730421917,371.9669730421917,365.47540283203125,365.47540283203125,1800,0.0,0
2009-03-19,366.12460150777144,370.668701171875,366.12460150777144,370.668701171875,2400,0.0,0
2009-03-23,375.2126855636833,377.16015625,375.2126855636833,377.16015625,3100,0.0,0
2009-03-24,368.72118767574807,382.3534851074219,368.72118767574807,382.3534851074219,7800,0.0,0
2009-03-25,384.95008351395774,399.2315368652344,384.95008351395774,399.2315368652344,8500,0.0,0
2009-03-26,398.5823845171034,398.5823845171034,397.9332275390625,397.9332275390625,8800,0.0,0
2009-03-27,391.44171142578125,391.44171142578125,391.44171142578125,391.44171142578125,1800,0.0,0
2009-03-30,403.1264694287819,403.1264694287819,401.8281555175781,401.8281555175781,5100,0.0,0
2009-03-31,396.63497121710526,396.63497121710526,394.6875,394.6875,1500,0.0,0
2009-04-01,393.38916015625,393.38916015625,393.38916015625,393.38916015625,2600,0.0,0
2009-04-02,389.4942543723366,399.8807678222656,389.4942543723366,399.8807678222656,1300,0.0,0
2009-04-03,392.0908508300781,392.0908508300781,392.0908508300781,392.0908508300781,2200,0.0,0
2009-04-06,393.3891495715471,400.5298767089844,393.3891495715471,400.5298767089844,800,0.0,0
2009-04-07,400.5298767089844,400.5298767089844,400.5298767089844,400.5298767089844,3800,0.0,0
2009-04-08,392.09083322572315,392.739990234375,392.09083322572315,392.739990234375,1000,0.0,0
2009-04-09,390.14326695760093,390.14326695760093,389.4941101074219,389.4941101074219,4900,0.0,0
2009-04-10,392.739990234375,392.739990234375,392.739990234375,392.739990234375,700,0.0,0
2009-04-13,388.8450149613327,388.8450149613327,384.30091628899663,384.9500732421875,4100,0.0,0
2009-04-14,379.7567399123619,379.7567399123619,376.5109558105469,376.5109558105469,2200,0.0,0
2009-04-15,376.5109558105469,376.5109558105469,376.5109558105469,376.5109558105469,1700,0.0,0
2009-04-16,376.51109708772674,376.51109708772674,371.3178405761719,371.3178405761719,3600,0.0,0
2009-04-17,376.5110566880968,376.5110566880968,372.61611472235785,373.9144287109375,2200,0.0,0
2009-04-20,373.91447690217393,374.5636339801291,373.26531982421875,373.26531982421875,1800,0.0,0
2009-04-21,366.77369458094086,368.0720085440592,366.77369458094086,367.4228515625,5400,0.0,0
2009-04-22,366.124584064617,372.6161547040606,366.124584064617,371.3178405761719,3400,0.0,0
2009-04-23,366.7737168740633,366.7737168740633,365.47540283203125,365.47540283203125,6000,0.0,0
2009-04-24,363.52789306640625,365.47536392211913,363.52789306640625,363.52789306640625,3000,0.0,0
2009-04-27,366.77367782592773,366.77367782592773,363.52789306640625,363.52789306640625,3100,0.0,0
2009-04-28,364.82622090143417,364.82622090143417,359.6329650878906,359.6329650878906,4500,0.0,0
2009-04-30,366.12455514553375,366.7737121582031,366.12455514553375,366.7737121582031,2600,0.0,0
2009-05-01,358.98385318709006,368.0720520019531,358.98385318709006,368.0720520019531,2500,0.0,0
2009-05-07,375.2127862199753,379.1077286374837,374.5636291503906,374.5636291503906,2500,0.0,0
2009-05-08,382.3534554812507,382.3534554812507,377.8093566894531,377.8093566894531,2800,0.0,0
2009-05-11,383.0027491465336,395.98589318539916,383.0027491465336,386.24853515625,3200,0.0,0
2009-05-12,386.24838714856924,386.24838714856924,384.9500732421875,384.9500732421875,2100,0.0,0
2009-05-13,384.30094318000636,384.30094318000636,379.75684418970224,381.7043151855469,1600,0.0,0
2009-05-14,379.75685001037283,379.75685001037283,375.8619079589844,375.8619079589844,3100,0.0,0
2009-05-15,377.8092694512729,377.8092694512729,376.5109558105469,376.5109558105469,2500,0.0,0
2009-05-18,373.9144287109375,373.9144287109375,373.9144287109375,373.9144287109375,2900,0.0,0
2009-05-19,377.80928680419925,389.4941101074219,373.914345703125,389.4941101074219,3500,0.0,0
2009-05-20,381.7043151855469,381.7043151855469,381.7043151855469,381.7043151855469,1300,0.0,0
2009-05-21,382.35352845272774,383.002685546875,382.35352845272774,383.002685546875,1500,0.0,0
2009-05-22,384.95011318964544,384.95011318964544,382.3534851074219,382.3534851074219,2600,0.0,0
2009-05-25,383.00264212797777,386.2484272307573,382.3534851074219,382.3534851074219,2300,0.0,0
2009-05-26,379.7568183872887,383.65176011433783,379.7568183872887,380.4059753417969,2900,0.0,0
2009-05-27,382.35341957983024,387.5466748542592,382.35341957983024,383.6517333984375,1800,0.0,0
2009-05-28,387.5467529296875,387.5467529296875,387.5467529296875,387.5467529296875,2300,0.0,0
2009-05-29,384.9502207523634,386.24853515625,384.9502207523634,386.24853515625,5000,0.0,0
2009-06-01,395.985793056867,395.985793056867,392.0908508300781,392.0908508300781,5100,0.0,0
2009-06-02,392.09085892452634,394.038330078125,392.09085892452634,394.038330078125,8200,0.0,0
2009-06-03,402.4773489529969,402.4773489529969,395.98577880859375,395.98577880859375,5500,0.0,0
2009-06-04,396.6349453060541,399.8807304558581,393.38916015625,393.38916015625,2300,0.0,0
2009-06-05,396.634935823034,399.2315638807953,395.98577880859375,395.98577880859375,3600,0.0,0
2009-06-08,399.23158982220815,399.23158982220815,397.28411865234375,397.28411865234375,2800,0.0,0
2009-06-09,395.98577880859375,395.98577880859375,395.98577880859375,395.98577880859375,10100,0.0,0
2009-06-10,397.9332965504039,399.8807678222656,397.9332965504039,399.8807678222656,8300,0.0,0
2009-06-11,408.96898133197533,408.96898133197533,405.7231957658486,408.31982421875,16500,0.0,0
2009-06-12,406.3722886305589,407.6706026517428,403.1265035775992,405.073974609375,16300,0.0,0
2009-06-15,415.4605183223173,418.05714656183176,415.4605183223173,417.4079895019531,13100,0.0,0
2009-06-16,405.0739495998476,405.72310657036013,399.2315368652344,399.2315368652344,14400,0.0,0
2009-06-17,404.42486572265625,408.9689653375176,402.4773944591443,404.42486572265625,5000,0.0,0
2009-06-18,399.2315238927785,399.8806808421977,397.2840530445211,398.5823669433594,7200,0.0,0
2009-06-19,397.9332757089652,397.9332757089652,397.28411865234375,397.28411865234375,5400,0.0,0
2009-06-22,399.23161073164505,403.1265532753684,397.9332965504039,399.8807678222656,7100,0.0,0
2009-06-23,397.9332965504039,399.8807678222656,397.2841394597834,399.8807678222656,3700,0.0,0
2009-06-24,398.5824163959365,401.1790445157797,393.38916015625,393.38916015625,6400,0.0,0
2009-06-25,406.37242136309226,406.37242136309226,395.9859058010963,402.47747802734375,5000,0.0,0
2009-06-26,403.1265047589616,406.3722898214331,399.2315626839958,400.5298767089844,2700,0.0,0
2009-06-29,397.93337746897055,402.47747802734375,396.63506302372105,402.47747802734375,4000,0.0,0
2009-06-30,405.07393950928514,408.9688812353359,403.1264686462597,406.37225341796875,2600,0.0,0
2009-07-01,402.47734656700726,405.073974609375,401.8281895564153,405.073974609375,1300,0.0,0
2009-07-02,404.42486572265625,405.72317989833095,404.42486572265625,404.42486572265625,1500,0.0,0
2009-07-03,408.3198930309665,408.3198930309665,401.17916358209425,402.47747802734375,4400,0.0,0
2009-07-06,407.67059434285676,407.67059434285676,401.1790243692444,403.1264953613281,4800,0.0,0
2009-07-07,401.8281555175781,402.47731247318,400.5298416063743,401.8281555175781,4900,0.0,0
2009-07-08,400.5299039354511,400.5299039354511,397.28411865234375,397.28411865234375,6500,0.0,0
2009-07-09,398.582406866355,398.582406866355,391.4416797075115,395.98577880859375,8900,0.0,0
2009-07-10,414.16215006510413,414.16215006510413,403.7756384647254,407.02142333984375,10900,0.0,0
2009-07-13,406.3722910396388,408.9689190974001,395.3366217941534,395.98577880859375,7500,0.0,0
2009-07-14,396.6349182128906,401.8281740978385,395.9857612272722,396.6349182128906,2300,0.0,0
2009-07-15,397.2840530445211,401.8281516904552,397.2840530445211,398.5823669433594,1400,0.0,0
2009-07-16,399.23148413085937,405.7230529785156,399.23148413085937,405.7230529785156,1500,0.0,0
2009-07-17,405.72313280893883,405.72313280893883,399.2315626839958,400.5298767089844,1400,0.0,0
2009-07-21,402.4773217177973,405.72310657036013,398.58237989472184,399.2315368652344,3300,0.0,0
2009-07-22,404.4247833399857,407.67056811799523,401.8281555175781,401.8281555175781,2200,0.0,0
2009-07-23,410.2671989525555,410.91635591292345,408.9688850318196,409.6180419921875,3100,0.0,0
2009-07-24,412.2146791400331,433.6368593158144,408.96889426491475,428.443603515625,9800,0.0,0
2009-07-27,454.40997314453125,460.9015441894531,433.63694580078123,454.40997314453125,14600,0.0,0
2009-07-28,453.7607721216538,453.7607721216538,428.4436474968405,441.4267883300781,5400,0.0,0
2009-07-29,415.46042798913044,447.91827392578125,415.46042798913044,447.91827392578125,5300,0.0,0
2009-07-30,434.93521655664347,447.9183573493791,434.93521655664347,445.97088623046875,5100,0.0,0
2009-07-31,444.6725798150644,444.6725798150644,434.9352240526907,435.5843811035156,4200,0.0,0
2009-08-03,435.5842679093803,435.5842679093803,425.8469146774269,432.9876403808594,2700,0.0,0
2009-08-04,432.9877379629025,434.9352090481929,426.4961676786011,427.14532470703125,7400,0.0,0
2009-08-05,433.6368773523038,444.67254638671875,421.95205131586454,444.67254638671875,6000,0.0,0
2009-08-06,436.8826209680358,438.18093484907007,430.3910515628644,434.9351501464844,1700,0.0,0
2009-08-07,440.7776375101149,443.37426571341456,432.3385958493911,435.5843811035156,1900,0.0,0
2009-08-10,448.5675157883588,448.5675157883588,434.9352179134593,441.4267883300781,6100,0.0,0
2009-08-11,441.4268600109012,447.9184314816497,441.4268600109012,446.6201171875,5400,0.0,0
2009-08-12,444.67255928773574,447.2691873711678,444.67255928773574,445.32171630859375,5600,0.0,0
2009-08-13,447.9181692181547,453.76058012100015,444.6723853832405,447.2690124511719,3800,0.0,0
2009-08-14,452.4623808977752,452.4623808977752,449.8657531738281,449.8657531738281,1400,0.0,0
2009-08-17,460.90149957993447,460.90149957993447,441.42678833007807,441.4267883300781,9800,0.0,0
2009-08-18,429.0927414731626,440.1284095594618,428.4435845269097,438.1809387207031,3300,0.0,0
2009-08-19,443.37425945506374,443.37425945506374,439.47931720509246,441.4267883300781,1300,0.0,0
2009-08-20,443.3741749745701,453.1115287441434,442.72501805659857,452.4623718261719,1200,0.0,0
2009-08-21,458.953998178201,458.953998178201,442.7250732072604,453.7607421875,3800,0.0,0
2009-08-24,457.0065178253912,458.9539887820335,447.26916304217974,456.35736083984375,6700,0.0,0
2009-08-25,458.3047660232436,458.3047660232436,442.0758437136387,457.6556091308594,7500,0.0,0
2009-08-26,445.3217012026109,453.7607421875,445.3217012026109,453.7607421875,3300,0.0,0
2009-08-27,447.2690124511718,447.9181692181547,436.2333474124637,447.2690124511719,3700,0.0,0
2009-08-28,440.7775313181574,446.6199433680299,429.09270721841244,439.4792175292969,3700,0.0,0
2009-08-31,434.9351501464844,438.18093484907007,421.95201133614154,434.9351501464844,3100,0.0,0
2009-09-02,428.4435807413129,454.4098583619986,415.46044193097015,434.9351501464844,2900,0.0,0
2009-09-03,424.5486791028962,434.286034128192,424.5486791028962,427.7944641113281,1400,0.0,0
2009-09-04,427.7944663824037,427.7944663824037,418.7062683105469,418.7062683105469,4700,0.0,0
2009-09-07,414.16218330490756,421.30291060326806,413.51302627778387,414.81134033203125,1600,0.0,0
2009-09-08,415.46044846406494,420.0045471191407,412.86382066116454,420.0045471191406,1300,0.0,0
2009-09-09,413.51298375439535,420.004553358075,407.67057111108363,409.6180419921875,2600,0.0,0
2009-09-10,410.2672809270423,418.70632309800993,408.96896674689344,412.2147521972656,3100,0.0,0
2009-09-11,421.9520061830931,421.9520061830931,409.618024463895,410.2671813964844,5800,0.0,0
2009-09-14,416.7587507223781,416.7587507223781,407.67055366612686,410.2671813964844,2900,0.0,0
2009-09-15,407.6705673266523,407.6705673266523,406.37225341796875,406.37225341796875,1000,0.0,0
2009-09-16,406.3722098632812,406.3722098632812,405.7230529785156,405.7230529785156,2700,0.0,0
2009-09-17,405.7230529785156,405.7230529785156,405.07389609374997,405.7230529785156,1900,0.0,0
2009-09-18,403.7756384647254,408.96889426491475,402.477324514678,407.02142333984375,4700,0.0,0
2009-09-24,413.51298753270567,413.51298753270567,402.4773191056162,412.86383056640625,4400,0.0,0
2009-09-25,425.8471380418347,425.8471380418347,393.3892769105973,402.47747802734375,8100,0.0,0
2009-09-28,395.9858249454048,412.2147521972656,395.9858249454048,412.2147521972656,2100,0.0,0
2009-09-29,418.7062394373391,418.7062394373391,397.9332167055641,409.6180419921875,3100,0.0,0
2009-09-30,404.42486572265625,425.1978925334508,402.4773944591443,404.42486572265625,5500,0.0,0
2009-10-01,408.96883740234375,408.96883740234375,400.52979790039063,405.7230529785156,2500,0.0,0
2009-10-02,403.77565235868934,403.77565235868934,399.8807103745219,403.1264953613281,1200,0.0,0
2009-10-05,403.1265515469816,404.42486572265625,399.23160901995766,404.42486572265625,700,0.0,0
2009-10-06,405.72318163785064,405.72318163785064,399.23161073164505,399.8807678222656,700,0.0,0
2009-10-07,400.5298416063743,401.8281555175781,397.93321378396666,401.8281555175781,1200,0.0,0
2009-10-08,403.77566298187753,403.77566298187753,395.98577880859375,395.98577880859375,6900,0.0,0
2009-10-09,395.98577880859375,399.2315638807953,392.73999373639214,395.98577880859375,8200,0.0,0
2009-10-13,395.9857566049398,397.9332275390625,394.0382856708172,397.9332275390625,1200,0.0,0
2009-10-14,397.93317542365816,398.5823323166821,390.14329270737124,395.3365478515625,3900,0.0,0
2009-10-15,397.2840705610216,397.9332275390625,395.9857566049398,397.9332275390625,3000,0.0,0
2009-10-16,399.23154149514426,401.8281694073078,397.2840705610216,397.9332275390625,2500,0.0,0
2009-10-19,401.82814253032404,405.0739272034284,400.52982866108226,401.1789855957031,1900,0.0,0
2009-10-20,401.82820438402973,414.81134507495153,401.82820438402973,413.5130310058594,2200,0.0,0
2009-10-21,403.775675487668,414.16218804040545,403.775675487668,413.5130310058594,1900,0.0,0
2009-10-22,407.0214940740056,407.6706511618429,399.88076610779495,404.42486572265625,2800,0.0,0
2009-10-23,412.2146628811616,412.2146628811616,389.49416965149123,398.5823669433594,6200,0.0,0
2009-10-26,401.17901711222,403.12648806907544,395.9857612272722,396.6349182128906,2900,0.0,0
2009-10-27,392.74003982543945,399.8807678222656,392.0908827348189,399.8807678222656,6100,0.0,0
2009-10-28,405.72310657036013,405.72310657036013,394.68743807164634,399.2315368652344,2500,0.0,0
2009-10-29,394.68746243990387,405.073974609375,392.73999140812805,405.073974609375,7500,0.0,0
2009-10-30,400.52983779161684,405.0739364375509,397.2840530445211,398.5823669433594,2300,0.0,0
2009-11-02,398.58253469159524,402.47747802734375,396.63506302372105,402.47747802734375,1500,0.0,0
2009-11-04,397.28409283747436,397.9332498519147,392.73999373639214,395.98577880859375,4600,0.0,0
2009-11-05,395.98581089506894,396.63496796211007,390.1433972916991,391.44171142578125,2100,0.0,0
2009-11-06,390.7924496003951,395.9857047445864,390.7924496003951,395.3365478515625,4300,0.0,0
2009-11-09,390.143375006446,393.38916015625,389.4942179764852,393.38916015625,2800,0.0,0
2009-11-10,387.5467737994456,390.7925591746503,386.8976167244046,390.1434020996094,4600,0.0,0
2009-11-11,390.14326695760093,391.441580657959,388.8449532572428,389.4941101074219,1500,0.0,0
2009-11-12,389.4941101074219,391.441580657959,388.1957964070638,389.4941101074219,3100,0.0,0
2009-11-13,388.1957964070638,389.4941101074219,388.1957964070638,389.4941101074219,2000,0.0,0
2009-11-16,383.00260238261484,388.8450149613327,383.00260238261484,384.9500732421875,700,0.0,0
2009-11-17,378.4585301924725,384.95010017862126,378.4585301924725,381.7043151855469,4000,0.0,0
2009-11-18,376.51103361474776,384.300917068846,376.51103361474776,380.4059753417969,5400,0.0,0
2009-11-19,376.5110566880968,376.5110566880968,373.2652717166477,373.9144287109375,2100,0.0,0
2009-11-20,373.91444052419354,375.2127545537914,362.2296142578125,362.2296142578125,2500,0.0,0
2009-11-24,360.93133223684214,362.22964638157896,357.685546875,357.685546875,3800,0.0,0
2009-11-25,364.1770900479323,364.1770900479323,357.68551981534887,360.9313049316406,4100,0.0,0
2009-11-26,357.685546875,358.33470394736844,357.0363898026316,357.685546875,1800,0.0,0
2009-11-27,362.2296142578125,363.52792828741036,357.0363581394209,362.2296142578125,1700,0.0,0
2009-11-30,360.2821560281334,370.0195115964613,360.2821560281334,362.8787841796875,1900,0.0,0
2009-12-01,369.3703160761148,379.7568276002235,362.8787463735469,377.8093566894531,2300,0.0,0
2009-12-02,371.31783729297564,371.31783729297564,363.5279525945216,368.0720520019531,2300,0.0,0
2009-12-03,385.59931392346397,385.59931392346397,377.16027169954975,383.002685546875,3800,0.0,0
2009-12-04,383.00268597444176,387.5467856385453,370.01954407700305,370.668701171875,4700,0.0,0
2009-12-07,371.31785826674695,375.8619579308505,366.7737586026434,370.668701171875,4700,0.0,0
2009-12-08,370.66863647029595,372.6161074149735,367.4228515625,367.4228515625,2200,0.0,0
2009-12-09,370.66865423421945,370.66865423421945,366.7737121582031,366.7737121582031,1900,0.0,0
2009-12-10,366.1245598530473,370.01950197914357,365.47540283203125,365.47540283203125,2900,0.0,0
2009-12-11,371.96696825955826,371.96696825955826,365.47539813286437,366.7737121582031,7300,0.0,0
2009-12-14,373.26525970244074,373.26525970244074,363.5279051015075,368.7211608886719,2900,0.0,0
2009-12-15,368.72114335045035,370.01945723548715,358.33463227015596,369.37030029296875,3500,0.0,0
2009-12-16,363.5279051015075,370.66863180885855,362.87874812811197,368.7211608886719,5800,0.0,0
2009-12-17,368.7211608886719,371.96694575564965,368.7211608886719,368.7211608886719,4800,0.0,0
2009-12-18,369.37031786206745,369.37031786206745,363.5279051015075,368.7211608886719,4300,0.0,0
2009-12-21,370.01954407700305,374.5636437411066,370.01954407700305,370.668701171875,2700,0.0,0
2009-12-22,377.16027169954975,383.002685546875,370.6687007580773,383.002685546875,6100,0.0,0
2009-12-24,383.65177223899144,386.2484001390862,383.0026152639678,385.5992431640625,6600,0.0,0
2009-12-25,392.74003039977316,392.74003039977316,389.4942450245684,390.1434020996094,5200,0.0,0
2009-12-28,390.14329270737124,397.2840185306342,390.14329270737124,395.3365478515625,2600,0.0,0
2009-12-29,394.03831718621086,394.03831718621086,392.7400031262892,393.38916015625,2500,0.0,0
2009-12-30,391.44165593927556,401.8281675396543,376.51104551373106,385.5992431640625,4500,0.0,0
2010-01-04,383.6518047068379,399.2315734258973,383.6518047068379,393.38916015625,2000,0.0,0
2010-01-05,406.3722886305589,408.9689166729267,401.8281895564153,405.073974609375,2900,0.0,0
2010-01-06,408.9688415527344,408.9688415527344,405.0739002046131,408.9688415527344,3100,0.0,0
2010-01-07,412.21465478478126,427.145264328167,412.21465478478126,422.6011657714844,7200,0.0,0
2010-01-08,406.3722423547607,428.4435782015049,406.3722423547607,422.6011657714844,6100,0.0,0
2010-01-12,418.7062799474181,424.54869315598677,415.46049483154667,423.8995361328125,2700,0.0,0
2010-01-13,428.4436352950325,428.4436352950325,415.46049483154667,423.8995361328125,3100,0.0,0
2010-01-14,423.25026595904757,424.5485796583085,412.21459951533006,421.30279541015625,3300,0.0,0
2010-01-15,416.7587937355041,424.5486777305603,415.4604797363281,415.4604797363281,3200,0.0,0
2010-01-18,416.10960854082,416.10960854082,401.8281555175781,401.8281555175781,9500,0.0,0
2010-01-19,401.82821804869405,401.82821804869405,395.3366474824793,397.28411865234375,8300,0.0,0
2010-01-20,400.5298767089844,402.4773477464673,400.5298767089844,400.5298767089844,2100,0.0,0
2010-01-21,399.8806838745507,407.6705673266523,395.98574214849987,406.37225341796875,2600,0.0,0
2010-01-22,406.37225341796875,406.37225341796875,395.98574214849987,406.37225341796875,3400,0.0,0
2010-01-25,399.8806494451632,414.1621012110619,398.5823356482634,407.6705322265625,2900,0.0,0
2010-01-26,407.02142333984375,407.02142333984375,402.477324514678,407.02142333984375,2400,0.0,0
2010-01-27,407.02147450166586,407.67063155828737,397.28411865234375,397.28411865234375,3700,0.0,0
2010-01-28,399.23161073164505,406.3723387284712,399.23161073164505,399.8807678222656,4100,0.0,0
2010-01-29,396.63496796211007,398.58243916323335,391.44171142578125,391.44171142578125,4300,0.0,0
2010-02-01,397.9332593659757,405.7231437255054,392.7400031262892,393.38916015625,4200,0.0,0
2010-02-02,392.73992027946684,398.5823323166821,392.73992027946684,395.3365478515625,2100,0.0,0
2010-02-03,395.33664418052405,398.5824294365218,394.038330078125,394.038330078125,2100,0.0,0
2010-02-04,396.634887053357,403.12645639956577,396.634887053357,401.1789855957031,5300,0.0,0
2010-02-05,395.3366182689824,401.1790313468492,390.79251920841944,392.739990234375,4000,0.0,0
2010-02-08,393.3890771724908,397.93317542365816,393.3890771724908,395.3365478515625,1800,0.0,0
2010-02-09,392.73995439858703,399.8806808421977,392.73995439858703,398.5823669433594,3400,0.0,0
2010-02-10,400.5300063594695,403.77579247259325,399.88084913684474,402.47747802734375,4700,0.0,0
2010-02-12,408.96890093964174,408.96890093964174,395.3366042416537,396.6349182128906,4500,0.0,0
2010-02-15,401.1789985619762,402.47731247318,398.5823707395686,401.8281555175781,2200,0.0,0
2010-02-16,397.93317439972407,412.21462600950207,397.2840175083705,408.9688415527344,4200,0.0,0
2010-02-17,408.9689477235311,418.05714656183176,408.9689477235311,417.4079895019531,2700,0.0,0
2010-02-18,416.75881141340227,418.70628249477335,408.31977006079444,414.81134033203125,1600,0.0,0
2010-02-19,408.96905025359126,409.61820747621596,402.47747802734375,402.47747802734375,1900,0.0,0
2010-02-22,403.7756617714559,405.07397579644453,395.33662060903,400.5298767089844,3400,0.0,0
2010-02-23,399.23161073164505,400.52992491288614,397.9332965504039,399.8807678222656,3800,0.0,0
2010-02-24,399.5493518411123,399.5493518411123,398.8867492675781,398.8867492675781,2200,12.5,0
2010-02-25,398.8869003788118,410.8137512207031,398.8869003788118,410.8137512207031,3200,0.0,0
2010-02-26,398.88683091460683,410.8136796794954,398.88683091460683,404.1876525878906,700,0.0,0
2010-03-01,404.8501793517568,406.1753845214844,401.537166427438,406.1753845214844,1600,0.0,0
2010-03-02,401.5372619628906,412.801508585612,398.88685099283856,405.51287841796875,4000,0.0,0
2010-03-03,403.52501004413494,409.4884338378906,403.52501004413494,409.4884338378906,600,0.0,0
2010-03-04,408.8258039490251,409.4884065486183,400.87457275390625,400.87457275390625,4100,0.0,0
2010-03-05,400.8745994691324,410.15103648164126,400.8745994691324,409.4884338378906,4800,0.0,0
2010-03-08,410.81360261553067,414.12661553984947,406.1753845214844,406.1753845214844,6700,0.0,0
2010-03-09,414.1265548681404,414.1265548681404,407.50052999025013,410.15093994140625,500,0.0,0
2010-03-10,410.81368998477336,410.81368998477336,402.8624572753906,402.8624572753906,4400,0.0,0
2010-03-11,406.8381852979784,408.16339111328125,402.19996494441835,408.16339111328125,2200,0.0,0
2010-03-12,406.17558239032695,408.8259940209327,404.18777366737265,408.16339111328125,6400,0.0,0
2010-03-15,408.82594274705457,410.8137512207031,408.16333992250503,410.8137512207031,1700,0.0,0
2010-03-16,412.138905843099,412.138905843099,404.85027567545575,405.51287841796875,2300,0.0,0
2010-03-17,410.8136298328924,414.78924560546875,410.8136298328924,414.78924560546875,2100,0.0,0
2010-03-18,413.46408138635024,421.4153137207031,413.46408138635024,421.4153137207031,2000,0.0,0
2010-03-19,421.41536451955574,422.7405700683594,416.777145098743,422.7405700683594,1400,0.0,0
2010-03-23,428.0412537668499,428.0412537668499,424.7282409667968,424.7282409667969,2200,0.0,0
2010-03-24,424.0656550480769,431.35428349421574,424.0656550480769,430.6916809082031,2400,0.0,0
2010-03-25,431.35440613558296,431.35440613558296,420.0901589707521,422.7405700683594,5600,0.0,0
2010-03-26,420.7526919593109,432.0169372558594,420.7526919593109,432.0169372558594,3900,0.0,0
2010-03-29,434.0047302246094,434.0047302246094,430.69171701678795,434.0047302246094,3400,0.0,0
2010-03-30,428.04138694585754,434.00481184138806,427.3787841796875,427.3787841796875,2700,0.0,0
2010-03-31,430.0291143752237,434.6673328661737,430.0291143752237,434.0047302246094,5600,0.0,0
2010-04-01,426.05356343587243,433.3421936035156,426.05356343587243,433.3421936035156,2700,0.0,0
2010-04-02,434.6673130156961,437.3177234609138,432.6795051817829,436.6551208496094,3500,0.0,0
2010-04-05,449.24457707191584,449.24457707191584,436.6551272719654,443.9437561035156,3700,0.0,0
2010-04-06,430.69166400689227,431.3542665669029,422.74043328676504,424.7282409667969,29300,0.0,0
2010-04-07,424.72838758988814,437.3178405761719,421.41537364612924,437.3178405761719,11200,0.0,0
2010-04-08,424.0656502016129,434.00468887821324,420.7526373094128,431.3542785644531,7500,0.0,0
2010-04-09,431.3542785644531,432.01688114289317,430.69167598601314,431.3542785644531,2700,0.0,0
2010-04-12,433.3422187655127,437.9804382324219,430.0292048605776,437.9804382324219,9800,0.0,0
2010-04-13,438.6429639008879,440.63077189439645,430.69173192685366,432.0169372558594,7800,0.0,0
2010-04-14,439.96829422044306,439.96829422044306,427.3788400183521,428.04144287109375,2800,0.0,0
2010-04-15,436.65511420921047,438.64292201289425,424.72826738710756,429.3664855957031,3600,0.0,0
2010-04-16,433.3421012030708,435.9925116079825,429.3664855957031,429.3664855957031,2500,0.0,0
2010-04-19,422.74058583658336,430.0292166268693,416.11455784541437,416.77716064453125,5200,0.0,0
2010-04-20,418.10234055519106,424.0657653808594,418.10234055519106,424.0657653808594,22500,0.0,0
2010-04-21,424.72838842088936,432.0170191114194,424.72838842088936,425.3909912109375,3700,0.0,0
2010-04-22,432.0168910327788,432.0168910327788,424.0656599094761,430.0290832519531,3000,0.0,0
2010-04-23,430.0290783221905,435.9925015963041,430.0290783221905,430.6916809082031,5500,0.0,0
2010-04-26,433.34211416671525,443.9437561035156,420.7526643667648,443.9437561035156,6400,0.0,0
2010-04-27,445.26890993403816,445.26890993403816,440.63069212222524,442.6184997558594,800,0.0,0
2010-04-28,440.630762827647,441.2933654785156,433.34213366809195,441.2933654785156,6200,0.0,0
2010-04-30,440.6308442084091,441.95604975490056,438.64303588867193,438.6430358886719,2100,0.0,0
2010-05-06,437.3178405761719,439.3056489424272,426.71619595614345,437.3178405761719,6200,0.0,0
2010-05-07,423.40312180429135,425.39092988787957,418.1023002480561,421.4153137207031,3400,0.0,0
2010-05-10,418.76483435997596,433.3420912522536,418.76483435997596,430.6916809082031,3800,0.0,0
2010-05-11,431.35429339938696,442.6185376202619,429.3664855957031,429.3664855957031,3800,0.0,0
2010-05-12,442.61863199869794,442.61863199869794,432.6795908610026,433.3421936035156,1100,0.0,0
2010-05-13,430.69169887309636,444.6063537597656,430.69169887309636,444.6063537597656,8000,0.0,0
2010-05-14,437.98044336492364,440.6308545199307,432.67962105490943,437.3178405761719,2400,0.0,0
2010-05-17,437.31770562065975,449.90715472186054,427.3786668565538,447.2567443847656,4100,0.0,0
2010-05-18,437.3178405761719,437.98044336492364,431.3544154774059,437.3178405761719,4000,0.0,0
2010-05-19,433.34216813325514,437.31778435466117,430.69175731898446,432.6795654296875,4200,0.0,0
2010-05-20,430.691813531323,430.691813531323,424.72838842088936,425.3909912109375,1400,0.0,0
2010-05-21,424.0657653808594,424.0657653808594,417.43973779678345,424.0657653808594,6900,0.0,0
2010-05-24,430.69170939771436,430.69170939771436,418.7648620605469,418.7648620605469,2500,0.0,0
2010-05-25,429.3664202008929,429.3664202008929,416.7769726950025,417.4395751953125,4400,0.0,0
2010-05-26,410.8136044921875,420.7526433105469,410.8136044921875,414.1266174316406,6100,0.0,0
2010-05-27,407.5006761486899,410.81368977591495,394.24862163978935,394.9112243652344,5800,0.0,0
2010-05-28,400.8746541002626,404.1876677705127,394.2486267597624,398.2242431640625,5200,0.0,0
2010-05-31,398.2242432143386,402.1998596191407,391.59821587300183,402.1998596191406,8700,0.0,0
2010-06-01,400.8746541508733,402.1998596191407,398.8868459484723,402.1998596191406,2600,0.0,0
2010-06-02,404.1876042040089,420.09006732023215,404.1876042040089,418.7648620605469,2500,0.0,0
2010-06-03,420.09010833164433,423.40312180429135,408.163259830115,421.4153137207031,6000,0.0,0
2010-06-04,424.0658257546439,428.04144287109375,421.4154143436774,428.04144287109375,1300,0.0,0
2010-06-07,427.37865120683927,427.37865120683927,420.7526256067332,424.7282409667969,600,0.0,0
2010-06-08,408.1632688428535,410.8136796794954,404.1876525878906,404.1876525878906,4400,0.0,0
2010-06-09,414.1266987135637,418.10231502121394,407.5006715341467,411.4762878417969,2500,0.0,0
2010-06-10,412.13890057911294,412.13890057911294,398.2242431640625,398.2242431640625,3800,0.0,0
2010-06-11,410.81360261553067,411.4762052003944,404.8501793517568,406.1753845214844,6700,0.0,0
2010-06-14,406.1754760239427,406.1754760239427,402.1998596191407,402.1998596191406,1400,0.0,0
2010-06-15,400.21205141673965,402.86246235327434,397.5616404802049,402.1998596191406,4300,0.0,0
2010-06-16,404.1876475432501,407.5006610477029,402.19983944057833,404.8502502441406,2400,0.0,0
2010-06-17,409.4884637511602,410.8136691354682,401.5372314453125,401.5372314453125,5700,0.0,0
2010-06-18,402.1998647054037,405.51287841796875,400.8746592203776,405.51287841796875,2400,0.0,0
2010-06-21,404.85027055567537,408.1632842263437,400.8746541508733,402.1998596191406,3900,0.0,0
2010-06-22,398.8869219647338,400.2121276855469,398.22431910432726,400.2121276855469,5200,0.0,0
2010-06-23,400.21207176195844,400.87467452977626,398.8868662263228,399.5494689941406,1700,0.0,0
2010-06-24,401.5371556775323,404.8501685131555,401.5371556775323,403.52496337890625,3200,0.0,0
2010-06-25,408.1632688428535,410.1510769703349,401.5372417512487,404.1876525878906,5400,0.0,0
2010-06-28,400.8745638425743,406.1753845214844,400.8745638425743,406.1753845214844,500,0.0,0
2010-06-29,401.5371753534995,404.8501883514657,398.8867649551266,400.87457275390625,900,0.0,0
2010-06-30,398.88679476373386,398.88679476373386,396.23638416729705,396.89898681640625,2500,0.0,0
2010-07-01,396.23638416729705,397.56158946551545,396.23638416729705,396.89898681640625,1200,0.0,0
2010-07-02,400.8746541002626,401.5372568343126,397.56164043001246,398.2242431640625,1800,0.0,0
2010-07-05,394.24862163978935,397.5616352670145,394.24862163978935,394.9112243652344,4900,0.0,0
2010-07-06,394.9111435953776,397.5615539550781,392.92333582560224,397.5615539550781,5100,0.0,0
2010-07-07,394.9111169618861,394.9111169618861,392.2607067809338,392.9233093261719,2100,0.0,0
2010-07-08,394.9111534297267,397.5615638554296,394.9111534297267,396.2363586425781,1600,0.0,0
2010-07-09,423.4030465986519,423.4030465986519,406.8379821777344,406.8379821777344,10000,0.0,0
2010-07-12,413.4639601934524,420.75258769686263,413.4639601934524,417.4395751953125,2700,0.0,0
2010-07-13,410.15100914821153,410.81361174780477,400.87457275390625,400.87457275390625,4800,0.0,0
2010-07-14,402.19983413746644,402.19983413746644,401.5372314453125,401.5372314453125,1800,0.0,0
2010-07-15,401.5372772975941,401.5372772975941,398.224263458505,399.5494689941406,3800,0.0,0
2010-07-16,398.22414669404395,398.8867492675781,397.5615441205098,398.8867492675781,2700,0.0,0
2010-07-21,394.9111169618861,394.9111169618861,392.9233093261719,392.9233093261719,1300,0.0,0
2010-07-22,392.2607067809338,393.58591187140996,391.59810423569576,392.9233093261719,3900,0.0,0
2010-07-23,402.86234750474284,402.86234750474284,391.59810423569576,392.9233093261719,4200,0.0,0
2010-07-26,392.9234161888993,396.89903254156945,392.9234161888993,394.9112243652344,2400,0.0,0
2010-07-27,394.9112243652344,397.5616352670145,394.9112243652344,394.9112243652344,1500,0.0,0
2010-07-28,396.2363487752279,400.8745669047038,395.57374618530275,397.5615539550781,2700,0.0,0
2010-07-29,397.5615995014133,400.87461283059173,395.57379150390625,395.57379150390625,4200,0.0,0
2010-07-30,394.91125508971135,395.5738578667075,390.9356384277344,390.9356384277344,4300,0.0,0
2010-08-02,390.93552805582686,397.5615539550781,390.93552805582686,397.5615539550781,2300,0.0,0
2010-08-03,397.5615539550781,397.5615539550781,397.5615539550781,397.5615539550781,2400,0.0,0
2010-08-04,391.59819046174636,397.561614681976,391.59819046174636,393.58599853515625,2000,0.0,0
2010-08-05,392.2607682726419,396.89898681640625,392.2607682726419,396.89898681640625,2200,0.0,0
2010-08-06,392.9234161888993,396.2364298161244,392.26081346345427,394.9112243652344,1300,0.0,0
2010-08-09,394.248550823301,396.2363586425781,394.248550823301,396.2363586425781,800,0.0,0
2010-08-10,394.9112905806854,396.89909909031974,394.2486877441406,394.2486877441406,2300,0.0,0
2010-08-11,393.58597801827096,394.91118333146375,392.2607727050781,392.2607727050781,4200,0.0,0
2010-08-12,391.5981700484817,395.5737859880602,390.9355673918853,392.2607727050781,1500,0.0,0
2010-08-13,392.9233808405635,395.57379150390625,392.9233808405635,395.57379150390625,900,0.0,0
2010-08-16,396.89909909031974,396.89909909031974,394.2486877441406,394.2486877441406,900,0.0,0
2010-08-17,396.2364298161244,396.2364298161244,392.9234161888993,394.9112243652344,1000,0.0,0
2010-08-18,396.89909909031974,396.89909909031974,394.2486877441406,394.2486877441406,1300,0.0,0
2010-08-19,396.2363220523622,398.2241296880764,392.9233093261719,392.9233093261719,2300,0.0,0
2010-08-20,392.92344675872283,394.2486523127152,390.9356384277344,390.9356384277344,2500,0.0,0
2010-08-23,390.9355723837709,395.57379103917157,390.9355723837709,391.5981750488281,2900,0.0,0
2010-08-24,390.9355723837709,391.5981750488281,390.2729697187136,391.5981750488281,3000,0.0,0
2010-08-25,390.2729285790933,392.26073636472535,388.9477233886719,388.9477233886719,4400,0.0,0
2010-08-26,390.27300528711925,394.9112243652344,390.27300528711925,394.9112243652344,1800,0.0,0
2010-08-27,381.71361229456767,393.89596162311767,379.00642355488986,391.8655700683594,5100,12.5,0
2010-08-30,395.2495163490032,395.2495163490032,389.1583422956795,392.5423278808594,4000,0.0,0
2010-08-31,385.7744333195814,392.54240583396,379.6832580566406,379.6832580566406,1800,0.0,0
2010-09-01,376.9761227719419,386.4512856423318,363.440175814242,375.6225280761719,5200,0.0,0
2010-09-02,379.0065204599591,381.713709891816,372.238546880317,372.91534423828125,2900,0.0,0
2010-09-03,375.62245814920334,376.29925537109375,372.23847203975106,376.29925537109375,1200,0.0,0
2010-09-06,379.00650925201256,379.00650925201256,376.9761172381625,378.3297119140625,2200,0.0,0
2010-09-07,378.3297174677119,378.3297174677119,373.5921360325169,375.6225280761719,900,0.0,0
2010-09-08,379.00650217563293,379.00650217563293,374.2689208984375,374.2689208984375,1200,0.0,0
2010-09-09,378.3297174677119,379.00651481559686,374.9457307282869,375.6225280761719,1000,0.0,0
2010-09-10,389.1584287370954,389.1584287370954,379.0064697265625,379.0064697265625,7500,0.0,0
2010-09-13,376.299337883612,379.00652736478906,376.299337883612,376.97613525390625,1400,0.0,0
2010-09-14,376.2992133246528,376.2992133246528,362.0864732530382,365.470458984375,4800,0.0,0
2010-09-16,370.2080078125,370.88480490173674,367.500819455553,370.2080078125,4700,0.0,0
2010-09-17,370.8849307528409,374.94571466619317,370.8849307528409,372.238525390625,2400,0.0,0
2010-09-21,379.0064442586556,385.7744164775602,376.29925537109375,376.29925537109375,1700,0.0,0
2010-09-22,372.9152358058608,377.6528159340659,366.1472641941392,369.53125,2900,0.0,0
2010-09-24,379.00648755198705,379.00648755198705,366.1473388671875,366.1473388671875,3100,0.0,0
2010-09-27,372.2385145599873,372.2385145599873,365.47054156798754,366.1473388671875,2500,0.0,0
2010-09-28,374.2688956616789,383.7440575771645,368.1777201445811,371.56170654296875,1800,0.0,0
2010-09-29,372.2385164717553,385.09766522259775,372.2385164717553,384.4208679199219,3200,0.0,0
2010-09-30,376.9761192764061,376.9761192764061,373.5921325683594,373.5921325683594,1100,0.0,0
2010-10-01,371.5616414835165,374.26883012820514,369.53125,369.53125,1700,0.0,0
2010-10-04,369.53131999444525,370.2081172838123,368.8545227050781,368.8545227050781,1500,0.0,0
2010-10-05,368.8544136340265,371.5616019909735,368.8544136340265,370.2080078125,1400,0.0,0
2010-10-06,367.5008585164835,369.53125,366.1472641941392,369.53125,1900,0.0,0
2010-10-07,369.5313361150568,372.238525390625,368.8545387961648,372.238525390625,2600,0.0,0
2010-10-08,366.1473388671875,370.2081226623874,366.1473388671875,366.1473388671875,3000,0.0,0
2010-10-12,370.20808014833835,370.20808014833835,359.3793246046941,360.0561218261719,4100,0.0,0
2010-10-13,361.40973039370107,362.08652764162935,356.6721496582031,356.6721496582031,1300,0.0,0
2010-10-14,357.3489302711925,357.3489302711925,353.28814697265625,353.28814697265625,2100,0.0,0
2010-10-15,353.9649672988773,357.34895360192587,348.5505892139997,349.2273864746094,1200,0.0,0
2010-10-18,349.9041608905427,353.96494418907895,347.87376924127454,353.28814697265625,2700,0.0,0
2010-10-19,353.96490415177254,368.17764408903304,353.96490415177254,358.7024841308594,1800,0.0,0
2010-10-20,349.9042496396251,349.9042496396251,339.7522888183594,339.7522888183594,5400,0.0,0
2010-10-21,340.42898162841794,340.42898162841794,338.3985900878906,338.3985900878906,4200,0.0,0
2010-10-22,337.7217938343845,338.39859101641736,332.30741637812184,333.6610107421875,4400,0.0,0
2010-10-25,339.07531719207765,339.07531719207765,324.8625793457031,324.8625793457031,7400,0.0,0
2010-10-26,324.8627214371019,324.8627214371019,318.77154541015625,318.77154541015625,6200,0.0,0
2010-10-27,324.1858480758026,328.24663114147023,321.4786593653575,322.15545654296875,3100,0.0,0
2010-10-28,320.12514008281084,320.80193741913814,318.77154541015625,318.77154541015625,5600,0.0,0
2010-10-29,320.1251640073715,320.8019613942792,314.7107849121094,314.7107849121094,4000,0.0,0
2010-11-01,319.44829049617687,319.44829049617687,318.0946960449219,318.0946960449219,2400,0.0,0
2010-11-02,317.41790261782756,321.4786860201878,317.41790261782756,320.1250915527344,3400,0.0,0
2010-11-04,318.09475925519706,322.1555434159017,311.3267856540227,313.357177734375,3100,0.0,0
2010-11-05,320.80190516515756,323.50909423828125,320.12510789687667,323.50909423828125,2300,0.0,0
2010-11-08,328.92341445637345,328.92341445637345,324.18583441276314,325.5394287109375,2600,0.0,0
2010-11-09,320.12516265489256,326.89313649537655,320.12516265489256,326.2163391113281,2700,0.0,0
2010-11-10,326.89311293304945,330.277099609375,326.89311293304945,330.277099609375,1400,0.0,0
2010-11-11,332.98421264648437,338.3985900878906,332.3074154663086,338.3985900878906,3000,0.0,0
2010-11-12,338.3986078591711,339.07540507488943,337.0450134277344,337.0450134277344,2200,0.0,0
2010-11-15,343.13624897941213,343.13624897941213,327.5699102683146,330.277099609375,1800,0.0,0
2010-11-16,328.92352294921875,331.6307124385127,328.24672557689524,328.92352294921875,2100,0.0,0
2010-11-17,329.6002440548326,338.3986078591711,329.6002440548326,337.0450134277344,1700,0.0,0
2010-11-18,333.6610560048925,341.7826232910156,333.6610560048925,341.7826232910156,1400,0.0,0
2010-11-19,333.6610011178814,348.55053869312155,333.6610011178814,339.07537841796875,3000,0.0,0
2010-11-22,340.4289591793015,342.4593505859375,340.4289591793015,342.4593505859375,1000,0.0,0
2010-11-24,341.7826232910156,345.16660966023363,341.7826232910156,341.7826232910156,2200,0.0,0
2010-11-25,341.7826232910156,341.7826232910156,339.07543419564126,341.7826232910156,2100,0.0,0
2010-11-26,340.42902874332844,341.7826232910156,340.42902874332844,341.7826232910156,1100,0.0,0
2010-11-29,344.48987053495006,344.48987053495006,339.7522888183594,339.7522888183594,3700,0.0,0
2010-11-30,341.78268098261253,341.78268098261253,339.7522888183594,339.7522888183594,2100,0.0,0
2010-12-01,338.3986105130413,343.81298828125,337.72181329201527,343.81298828125,1800,0.0,0
2010-12-02,345.1665609687038,351.25773557403386,343.13616943359375,343.13616943359375,2800,0.0,0
2010-12-03,343.8129626077319,344.48975977821954,340.4289767552936,341.10577392578125,2000,0.0,0
2010-12-06,341.78259661817174,355.3185410386934,341.78259661817174,343.81298828125,4700,0.0,0
2010-12-07,342.4594246419271,355.3185729980469,342.4594246419271,355.3185729980469,3700,0.0,0
2010-12-08,348.5505892139997,351.2577782564385,344.4898056503414,349.2273864746094,5900,0.0,0
2010-12-09,354.641870209665,357.34906005859375,351.93468036073625,357.34906005859375,5800,0.0,0
2010-12-10,352.61133698683517,353.96493137066176,351.9345397949219,351.9345397949219,12000,0.0,0
2010-12-13,353.28816341856174,360.7329331457728,353.28816341856174,356.6721496582031,4200,0.0,0
2010-12-14,355.9953634916846,362.7633361816406,355.9953634916846,362.7633361816406,3900,0.0,0
2010-12-15,362.7633272593692,363.44012451171875,360.0561382499709,363.44012451171875,4500,0.0,0
2010-12-16,362.76334513726636,363.4401424229702,361.40975056585864,362.0865478515625,2300,0.0,0
2010-12-17,361.40975056585864,363.4401424229702,361.40975056585864,362.0865478515625,4300,0.0,0
2010-12-20,358.02576413733937,362.0865478515625,358.02576413733937,362.0865478515625,2900,0.0,0
2010-12-21,362.0865351979325,362.0865351979325,360.7329406738281,360.7329406738281,6800,0.0,0
2010-12-22,359.37929011382766,360.7328844268741,356.6721014877348,358.02569580078125,9200,0.0,0
2010-12-24,359.37933349609375,360.73292797253856,359.37933349609375,359.37933349609375,5200,0.0,0
2010-12-27,358.70254140198796,360.0561358978445,355.99535241027485,356.6721496582031,5200,0.0,0
2010-12-28,357.34894178142656,360.73292797253856,357.34894178142656,359.37933349609375,1400,0.0,0
2010-12-29,359.37933219143895,364.1169128417969,358.7025349556735,364.1169128417969,3500,0.0,0
2010-12-30,363.44012972203694,363.44012972203694,360.7329406738281,360.7329406738281,1800,0.0,0
2011-01-04,366.8240223663163,370.2080078125,363.44003692013257,370.2080078125,7500,0.0,0
2011-01-05,369.53121072326326,370.2080078125,366.8240223663163,370.2080078125,4800,0.0,0
2011-01-06,370.2080078125,374.26879034792046,370.2080078125,370.2080078125,5700,0.0,0
2011-01-07,368.85445283882785,371.5616414835165,365.470467032967,369.53125,8500,0.0,0
2011-01-11,374.2688356303004,387.8047790527344,370.8848497746919,387.8047790527344,16800,0.0,0
2011-01-12,385.7744661187541,388.4816553546752,383.7440741918133,386.4512634277344,8600,0.0,0
2011-01-13,385.09766880977384,388.4816553546752,383.7440741918133,386.4512634277344,5500,0.0,0
2011-01-14,384.4209412691886,386.45133356462446,382.39054897375274,385.7745361328125,5900,0.0,0
2011-01-17,385.7745361328125,387.1281309964364,384.4209412691886,385.7745361328125,2600,0.0,0
2011-01-18,385.7745361328125,387.80492842824833,385.7745361328125,385.7745361328125,3400,0.0,0
2011-01-19,387.12806073671464,387.8048580456949,385.7744661187541,386.4512634277344,5300,0.0,0
2011-01-20,385.0976219042451,385.0976219042451,383.0672302246094,383.0672302246094,4600,0.0,0
2011-01-21,383.06722637603383,383.06722637603383,372.2384708601035,381.0368347167969,4900,0.0,0
2011-01-24,374.94574314302344,380.36012210537757,373.59214840243493,376.97613525390625,4300,0.0,0
2011-01-25,380.36005530807853,382.39044706239207,379.6832580566406,379.6832580566406,2400,0.0,0
2011-01-26,379.6832580566406,381.0368525595164,378.32966355376493,379.6832580566406,3800,0.0,0
2011-01-27,380.3600642613002,380.3600642613002,379.0064697265625,379.0064697265625,1800,0.0,0
2011-01-28,379.0064442586556,381.03683592432697,376.29925537109375,376.29925537109375,5200,0.0,0
2011-01-31,372.9152943202427,380.3600642613002,372.23849705287387,379.0064697265625,7500,0.0,0
2011-02-01,375.6225119850852,375.6225119850852,372.238525390625,372.238525390625,5300,0.0,0
2011-02-02,373.5921325683594,375.62252459318745,372.9153352267501,373.5921325683594,2700,0.0,0
2011-02-03,373.59202338814305,374.94561767578125,372.23842910050485,374.94561767578125,1900,0.0,0
2011-02-04,381.71371684596613,385.09770369743745,376.97613525390625,376.97613525390625,3900,0.0,0
2011-02-07,376.9760320001315,391.8655700683593,376.29923481521206,391.8655700683594,5700,0.0,0
2011-02-08,391.8655307638234,392.5423278808594,383.0671682423559,392.5423278808594,2400,0.0,0
2011-02-09,379.6832440918831,386.45121635733557,379.6832440918831,383.0672302246094,4300,0.0,0
2011-02-10,387.12795094457164,392.5423278808594,385.09755959346376,392.5423278808594,9100,0.0,0
2011-02-14,392.5424534583378,395.92644012608207,392.5424534583378,394.5728454589844,4800,0.0,0
2011-02-15,397.2800473465879,397.2800473465879,395.92645263671875,395.92645263671875,3400,0.0,0
2011-02-16,398.6335239640201,399.9871182728963,393.2191467285156,393.2191467285156,10400,0.0,0
2011-02-17,397.2800273959484,402.0176086425781,394.57283811216,402.0176086425781,3800,0.0,0
2011-02-18,401.3407681954874,402.0175654437091,399.31037645082216,400.6639709472656,2600,0.0,0
2011-02-21,399.98713439632627,406.0783090318033,399.98713439632627,401.3407287597656,800,0.0,0
2011-02-22,402.6944114555747,402.6944114555747,399.3104248046875,399.3104248046875,4100,0.0,0
2011-02-23,392.54246586204596,399.3104394113916,392.54246586204596,395.92645263671875,4000,0.0,0
2011-02-24,385.898647876496,401.113289907469,385.898647876496,390.048095703125,5400,12.5,0
2011-02-25,396.9637656798337,396.9637656798337,387.9732971191406,387.9732971191406,2400,0.0,0
2011-02-28,387.9732799732222,395.5805991883834,387.9732799732222,391.43115234375,4100,0.0,0
2011-03-01,391.4311985792312,392.8143476908186,389.3564749118501,390.7396240234375,1000,0.0,0
2011-03-02,388.664934853463,391.43123332217095,385.2070617675781,385.2070617675781,3800,0.0,0
2011-03-03,392.12274169921875,392.12274169921875,392.12274169921875,392.12274169921875,400,0.0,0
2011-03-04,392.12277592913193,392.12277592913193,386.5901794433594,386.5901794433594,1500,0.0,0
2011-03-07,386.59016550187584,386.59016550187584,384.51544189453125,384.51544189453125,1800,0.0,0
2011-03-08,384.5154270481419,386.59015057538005,383.8238525390625,383.8238525390625,1100,0.0,0
2011-03-09,383.8239156788793,383.8239156788793,381.0576171875,381.0576171875,2800,0.0,0
2011-03-10,381.05758761491063,381.05758761491063,378.29128933821437,379.6744384765625,2100,0.0,0
2011-03-11,373.4502572552422,378.9828536590236,372.0671081542969,372.0671081542969,11500,0.0,0
2011-03-14,316.7411721788881,359.6187981070346,316.7411721788881,327.8063659667969,10500,0.0,0
2011-03-15,319.5073914399018,319.5073914399018,273.17190393671257,307.0590515136719,11100,0.0,0
2011-03-16,301.526458043486,327.8062869555329,301.526458043486,302.90960693359375,13100,0.0,0
2011-03-17,298.06858445939974,311.2084988555218,275.2466278766615,305.6759033203125,31200,0.0,0
2011-03-18,311.2085669263066,326.4232079760372,310.51699233313707,318.8158874511719,6200,0.0,0
2011-03-22,337.48838666306006,356.852474422416,329.88106647188454,339.5631103515625,6300,0.0,0
2011-03-23,356.1608323270451,356.1608323270451,346.4787902832031,346.4787902832031,4300,0.0,0
2011-03-24,345.7872165228895,346.47879095593527,345.09564208984375,345.09564208984375,2800,0.0,0
2011-03-25,364.4597164789835,364.4597164789835,331.9557189941406,331.9557189941406,5700,0.0,0
2011-03-28,348.55355666753815,352.7030037707231,339.5630879439707,351.3198547363281,3600,0.0,0
2011-03-29,350.62823486328125,350.62823486328125,338.8714695917314,350.62823486328125,2700,0.0,0
2011-03-30,356.160887786452,357.5440368652344,346.47884423497567,357.5440368652344,4400,0.0,0
2011-03-31,355.46923828125,358.23553585542317,348.5534943458171,355.46923828125,1700,0.0,0
2011-04-01,348.55358505249023,362.38507652282715,348.55358505249023,354.086181640625,1300,0.0,0
2011-04-04,361.0019226074219,361.0019226074219,354.08617696360153,361.0019226074219,700,0.0,0
2011-04-05,354.08622572815534,356.16094970703125,349.9367777704035,356.16094970703125,2300,0.0,0
2011-04-06,356.16083301857617,356.16083301857617,343.7124932237522,345.09564208984375,1100,0.0,0
2011-04-07,356.16085970705035,356.16085970705035,353.3945617675781,353.3945617675781,400,0.0,0
2011-04-08,349.9366624417181,349.9366624417181,343.02091812468814,346.4787902832031,2300,0.0,0
2011-04-11,352.7029594891588,352.7029594891588,345.7872151854498,347.8619384765625,1800,0.0,0
2011-04-12,340.9461975097656,352.70296294113683,340.9461975097656,340.9461975097656,2200,0.0,0
2011-04-13,340.9461975097656,347.8619418811605,338.8714741983472,340.9461975097656,2200,0.0,0
2011-04-14,340.9461801147461,349.2450729370117,340.9461801147461,345.7872009277344,1300,0.0,0
2011-04-15,338.87152012770736,344.4041163746904,338.87152012770736,340.2546691894531,2400,0.0,0
2011-04-18,340.2546197424826,347.8619384765625,340.2546197424826,347.8619384765625,400,0.0,0
2011-04-19,336.1052531339684,338.8715515136719,336.1052531339684,338.8715515136719,2200,0.0,0
2011-04-20,348.5535958426339,348.5535958426339,338.8715515136719,338.8715515136719,900,0.0,0
2011-04-21,340.2546203978761,346.4787902832031,340.2546203978761,346.4787902832031,500,0.0,0
2011-04-22,347.86193914660913,347.86193914660913,343.7124925563911,346.4787902832031,900,0.0,0
2011-04-25,345.78726368565714,345.78726368565714,343.0209655761719,343.0209655761719,1900,0.0,0
2011-04-26,340.94627529844945,340.94627529844945,338.8715515136719,338.8715515136719,1200,0.0,0
2011-04-27,338.8715555657984,344.40415239136246,332.64738413703884,333.3389587402344,1900,0.0,0
2011-04-28,345.78722137765783,345.78722137765783,334.7220302935728,335.4136047363281,1100,0.0,0
2011-05-02,345.0956882951729,345.78726282081453,343.020964718248,344.40411376953125,3200,0.0,0
2011-05-06,345.78726368565714,345.78726368565714,338.871518411944,343.0209655761719,1600,0.0,0
2011-05-09,348.5534943458171,355.46923828125,347.17034555873056,355.46923828125,2300,0.0,0
2011-05-10,359.61875697544644,369.3008004324777,359.61875697544644,363.0766296386719,3600,0.0,0
2011-05-11,360.3103192303632,365.8429153029983,354.777723157728,358.235595703125,2900,0.0,0
2011-05-12,358.2355965311213,358.2355965311213,356.1608729990878,356.8524475097656,1200,0.0,0
2011-05-13,369.9923891009706,369.9923891009706,342.32940673828125,342.32940673828125,3900,0.0,0
2011-05-16,347.86193982202684,351.3198119872557,345.09564208984375,345.09564208984375,3600,0.0,0
2011-05-17,350.62832066270175,350.62832066270175,337.4884033203125,337.4884033203125,3100,0.0,0
2011-05-18,337.48832332634015,345.7872165228895,337.48832332634015,345.09564208984375,2100,0.0,0
2011-05-19,339.5631103515625,349.93672879407455,339.5631103515625,339.5631103515625,2200,0.0,0
2011-05-20,339.5631040063235,349.2451477050781,339.5631040063235,349.2451477050781,1900,0.0,0
2011-05-23,349.2450729370117,349.2450729370117,343.02090332031247,345.7872009277344,3300,0.0,0
2011-05-24,346.47877532958984,350.6282217407226,345.7872009277344,345.7872009277344,4100,0.0,0
2011-05-25,338.87153578872835,343.0209831657332,336.7968121002259,339.5631103515625,5100,0.0,0
2011-05-26,340.2546849143966,345.7872814170697,339.5631103515625,339.5631103515625,1400,0.0,0
2011-05-27,343.0209655761719,343.71254010354323,342.3293910488006,343.0209655761719,1100,0.0,0
2011-05-30,343.02090332031247,345.7872009277344,338.87145690917964,345.7872009277344,2500,0.0,0
2011-05-31,349.2451477050781,349.2451477050781,345.7872749555229,349.2451477050781,1900,0.0,0
2011-06-01,347.17036471490616,347.17036471490616,345.78721585150015,346.4787902832031,600,0.0,0
2011-06-02,345.7872009277344,345.7872009277344,345.7872009277344,345.7872009277344,800,0.0,0
2011-06-03,344.4040989098654,345.7872479014713,343.7125244140625,343.7125244140625,1100,0.0,0
2011-06-06,347.1703497314453,347.1703497314453,339.5630313110351,345.7872009277344,3700,0.0,0
2011-06-07,345.7872009277344,348.5534985351562,343.71247772216793,345.7872009277344,1600,0.0,0
2011-06-08,346.47877532958984,346.47877532958984,345.7872009277344,345.7872009277344,1500,0.0,0
2011-06-09,346.47877532958984,346.47877532958984,345.7872009277344,345.7872009277344,800,0.0,0
2011-06-10,345.7872151854498,347.8619384765625,345.7872151854498,347.8619384765625,6000,0.0,0
2011-06-13,345.7872009277344,349.93664733886715,345.7872009277344,345.7872009277344,2600,0.0,0
2011-06-14,350.6282949990983,352.0114440917969,346.4788477210024,352.0114440917969,1000,0.0,0
2011-06-15,352.0113705444336,352.0113705444336,345.7872009277344,345.7872009277344,7600,0.0,0
2011-06-16,345.7872009277344,351.3197961425781,345.7872009277344,345.7872009277344,1900,0.0,0
2011-06-17,345.7872009277344,347.1703497314453,345.7872009277344,345.7872009277344,2700,0.0,0
2011-06-20,345.7872009277344,348.5534985351562,345.7872009277344,345.7872009277344,1100,0.0,0
2011-06-21,345.7872749555229,349.2451477050781,345.7872749555229,349.2451477050781,1100,0.0,0
2011-06-22,349.93672045274894,352.0114440917969,346.4788477210024,352.0114440917969,1900,0.0,0
2011-06-23,352.7030029296875,352.7030029296875,349.2451303519454,352.7030029296875,1800,0.0,0
2011-06-24,354.08605677480915,369.3006920268518,354.08605677480915,362.38494873046875,6300,0.0,0
2011-06-27,360.31034619001383,369.9923900415689,360.31034619001383,363.7682189941406,2800,0.0,0
2011-06-28,361.0019226074219,365.15136999371407,361.0019226074219,361.0019226074219,5800,0.0,0
2011-06-29,365.1513662662146,369.3008136101489,361.00191892228037,366.5345153808594,2400,0.0,0
2011-06-30,369.9923881674713,369.9923881674713,365.1513662662146,366.5345153808594,2700,0.0,0
2011-07-01,373.45033087124483,378.29135367883504,367.917733376856,375.5250549316406,5900,0.0,0
2011-07-04,380.36598081399046,385.8985768985576,376.908108261136,382.4407043457031,7500,0.0,0
2011-07-05,381.7491290118243,385.8985760663007,379.67440548458615,383.8238525390625,11400,0.0,0
2011-07-06,383.8238500911284,388.66487162380935,383.13227558645974,387.9732971191406,3500,0.0,0
2011-07-07,387.28175400408094,387.9733285648025,385.2070303219162,386.5901794433594,9900,0.0,0
2011-07-08,380.3659964298856,384.5154436636662,366.53450565061706,381.7491455078125,10500,0.0,0
2011-07-11,378.9828309755068,383.8238525390625,378.9828309755068,383.8238525390625,4800,0.0,0
2011-07-12,383.1323113224328,383.1323113224328,379.6744384765625,379.6744384765625,4300,0.0,0
2011-07-13,382.4407632988702,387.28178561910903,380.36603944733923,385.2070617675781,5000,0.0,0
2011-07-14,385.2069843292236,387.2817077636719,383.13226089477536,387.2817077636719,3500,0.0,0
2011-07-15,387.281797152039,390.048095703125,385.2070732387245,390.048095703125,4700,0.0,0
2011-07-19,398.3468627929687,398.3468627929687,392.1226930618286,398.34686279296875,1500,0.0,0
2011-07-20,399.73014887077557,399.73014887077557,397.65542491469887,399.03857421875,4100,0.0,0
2011-07-21,398.3468627929687,399.03843720753986,395.5805651346842,398.34686279296875,2300,0.0,0
2011-07-22,399.0384481070604,413.56151120974374,396.272150373216,407.33734130859375,18800,0.0,0
2011-07-25,407.33741621069004,414.94473637761297,407.33741621069004,409.4121398925781,8700,0.0,0
2011-07-26,410.1036511679557,414.94467234531777,409.41207671404686,413.5615234375,16400,0.0,0
2011-07-27,412.870087849593,412.870087849593,408.02906504398635,411.4869384765625,9600,0.0,0
2011-07-28,408.720477715854,408.720477715854,400.42158476730873,401.1131591796875,6700,0.0,0
2011-07-29,401.8048928653493,413.5616625361082,397.6554447462579,411.4869384765625,11400,0.0,0
2011-08-01,411.48680007577343,414.25309789140886,408.720502260138,413.5615234375,7700,0.0,0
2011-08-02,413.56158632220644,413.56158632220644,410.7952880859375,410.7952880859375,1900,0.0,0
2011-08-03,411.4868211173684,414.25311907445996,401.1132037782751,403.18792724609375,5700,0.0,0
2011-08-04,399.0384641263265,408.0289321222403,399.0384641263265,405.26263427734375,2500,0.0,0
2011-08-05,394.1974150558998,403.1878824168238,387.2816709321121,401.1131591796875,13900,0.0,0
2011-08-08,394.19750596412734,412.8700194045334,387.97333481732534,399.7301025390625,11800,0.0,0
2011-08-09,392.81431459336693,397.65533607603163,387.28171861317867,394.8890380859375,8300,0.0,0
2011-08-10,411.4869384765625,411.4869384765625,411.4869384765625,411.4869384765625,6000,0.0,0
2011-08-11,404.57104837168816,408.72049502165424,397.6553039550781,397.6553039550781,3800,0.0,0
2011-08-12,397.6553039550781,397.6553039550781,397.6553039550781,397.6553039550781,7300,0.0,0
2011-08-15,409.41207671404686,414.94467234531777,404.5710555366848,413.5615234375,4800,0.0,0
2011-08-16,414.2530971781413,420.4772672526042,412.178373819987,414.9446716308594,10000,0.0,0
2011-08-17,419.0941162109375,419.0941162109375,413.56152061739374,419.0941162109375,4300,0.0,0
2011-08-18,419.0941162109375,419.0941162109375,419.0941162109375,419.0941162109375,6700,0.0,0
2011-08-19,408.0289144017443,412.1783609888807,405.95419110817613,410.1036376953125,9200,0.0,0
2011-08-22,404.5710598161196,411.4868044283609,404.5710598161196,405.26263427734375,10300,0.0,0
2011-08-23,410.79527414389673,411.48684867949254,404.57110332353466,408.7205505371094,3700,0.0,0
2011-08-24,414.94472135747145,414.94472135747145,404.57110332353466,408.7205505371094,6000,0.0,0
2011-08-25,404.5710746596172,410.1036705523983,404.5710746596172,405.9542236328125,5000,0.0,0
2011-08-26,408.02889830314075,413.5614935343698,408.02889830314075,412.1783447265625,6200,0.0,0
2011-08-29,416.06362008048103,416.06362008048103,395.57831450775785,404.05499267578125,8200,12.5,0
2011-08-30,402.6422129811107,406.88055206512234,399.1102637444343,404.05499267578125,7100,0.0,0
2011-08-31,396.9910015052473,401.2293395996094,396.9910015052473,401.2293395996094,5000,0.0,0
2011-09-01,400.5229764782237,400.5229764782237,395.5782483735543,396.99102783203125,4400,0.0,0
2011-09-02,394.1655284336635,395.57830810546875,382.8632910592215,395.57830810546875,3100,0.0,0
2011-09-05,388.51434192518246,390.6335110629562,387.1015625,387.1015625,3600,0.0,0
2011-09-06,382.8632437783221,382.8632437783221,356.72682307758794,375.09295654296875,14600,0.0,0
2011-09-07,379.33124664126063,379.33124664126063,358.1395568847656,358.1395568847656,12400,0.0,0
2011-09-08,363.79071044921875,367.3226590943568,353.19486451380465,363.79071044921875,8200,0.0,0
2011-09-09,360.2586959478423,362.3778647475355,344.7181247500923,358.8459167480469,13800,0.0,0
2011-09-12,348.2501456232981,348.9565353710127,339.06707890300834,340.4798583984375,9200,0.0,0
2011-09-13,341.1862643678437,365.20351693203975,341.1862643678437,359.5523986816406,14400,0.0,0
2011-09-14,351.78209759910004,357.4332156328205,339.067082023229,344.0118103027344,6500,0.0,0
2011-09-15,345.4245612319635,348.25012001504706,334.12232609962933,346.1309509277344,8600,0.0,0
2011-09-16,346.13095229234153,357.4331874692343,343.30539349811835,347.5437316894531,4900,0.0,0
2011-09-20,346.1309516114276,350.3692897944247,344.71817221709523,346.83734130859375,8000,0.0,0
2011-09-21,352.4884595793437,352.4884595793437,347.5437316894531,347.5437316894531,4300,0.0,0
2011-09-22,346.1309801945921,346.1309801945921,341.18625190609794,344.71820068359375,5000,0.0,0
2011-09-26,342.5989948185103,344.0117741785866,335.5350980181286,338.36065673828125,1900,0.0,0
2011-09-27,335.5350987116496,340.47982648213707,335.5350987116496,339.0670471191406,3200,0.0,0
2011-09-28,344.71817690684617,351.7820739746094,344.71817690684617,351.7820739746094,4300,0.0,0
2011-09-29,351.07568493921434,353.1948540635959,348.2501261067056,352.48846435546875,3000,0.0,0
2011-09-30,349.6628774209801,354.60760498046875,349.6628774209801,354.60760498046875,5300,0.0,0
2011-10-03,361.6715044466403,365.20345273225206,356.7267768467839,357.43316650390625,6800,0.0,0
2011-10-04,355.314090683881,364.4971586339614,355.314090683881,360.2588195800781,2700,0.0,0
2011-10-05,359.5523354752733,361.6715044466403,356.7267768467839,357.43316650390625,3600,0.0,0
2011-10-06,363.0843475881401,363.0843475881401,358.1396191190409,359.5523986816406,1600,0.0,0
2011-10-07,362.3778941037627,363.084283760885,353.9012182182945,357.43316650390625,6100,0.0,0
2011-10-11,359.5523362018653,359.5523362018653,357.4331672262158,358.1395568847656,7500,0.0,0
2011-10-12,357.4331635858908,359.5523325399573,354.60760498046875,354.60760498046875,4700,0.0,0
2011-10-13,354.60760498046875,358.8459428886018,354.60760498046875,354.60760498046875,1500,0.0,0
2011-10-14,354.60762867501114,358.1395771677901,346.83734199089736,347.5437316894531,3100,0.0,0
2011-10-17,353.90130282315346,353.90130282315346,341.89267578125003,349.6629638671875,1600,0.0,0
2011-10-18,353.1948771075302,353.1948771075302,340.4798615316591,344.0118103027344,3700,0.0,0
2011-10-19,344.71820005694946,348.95653858223983,343.30542054851935,344.0118103027344,1300,0.0,0
2011-10-20,346.13098082123116,348.95653984834325,341.892642280563,345.4245910644531,2700,0.0,0
2011-10-21,345.4245619142614,350.3692897944247,345.4245619142614,346.83734130859375,800,0.0,0
2011-10-24,349.66289940658885,352.4884581896724,340.4798333615673,346.1309509277344,2600,0.0,0
2011-10-25,346.1309576416015,354.60763415527344,346.1309576416015,353.1948547363281,1800,0.0,0
2011-10-26,353.90126750508296,357.43321628257877,344.71820068359375,344.71820068359375,1600,0.0,0
2011-10-27,350.3692392481436,356.72674560546875,345.4245120813351,356.72674560546875,1400,0.0,0
2011-10-28,358.1395271481491,359.5523063479446,354.6075791486605,358.8459167480469,2800,0.0,0
2011-10-31,360.9651415405273,362.37792095947265,353.1948547363281,353.1948547363281,2300,0.0,0
2011-11-01,353.1948547363281,353.1948547363281,353.1948547363281,353.1948547363281,500,0.0,0
2011-11-02,351.7820746473416,352.48846435546875,351.7820746473416,352.48846435546875,1000,0.0,0
2011-11-04,353.1948547363281,354.60763415527344,353.1948547363281,353.1948547363281,700,0.0,0
2011-11-07,353.1948285611722,357.43316650390625,353.1948285611722,357.43316650390625,1000,0.0,0
2011-11-08,353.1948533881621,353.1948533881621,351.7820739746094,351.7820739746094,1300,0.0,0
2011-11-09,357.4331923123591,357.4331923123591,348.2501261067056,352.48846435546875,1500,0.0,0
2011-11-10,346.83740456321027,349.6629638671875,341.89267578125003,349.6629638671875,2500,0.0,0
2011-11-11,349.66292960512123,349.66292960512123,345.4245910644531,345.4245910644531,400,0.0,0
2011-11-14,345.4245659503899,351.07568359375,345.4245659503899,351.07568359375,200,0.0,0
2011-11-15,346.8373378549584,346.8373378549584,341.89261002403225,343.3053894042969,2500,0.0,0
2011-11-16,341.8926093347294,342.5989990234375,341.8926093347294,342.5989990234375,600,0.0,0
2011-11-17,339.7734772466844,350.36932373046875,339.7734772466844,350.36932373046875,4200,0.0,0
2011-11-18,344.71820377868283,348.2501525878906,342.5990344931581,348.2501525878906,1300,0.0,0
2011-11-21,342.5989677492252,342.5989677492252,341.892578125,341.892578125,1900,0.0,0
2011-11-22,340.4798583984375,341.8926378938667,340.4798583984375,340.4798583984375,1700,0.0,0
2011-11-24,340.47988948466616,344.0118385457104,338.36072004803964,341.186279296875,2200,0.0,0
2011-11-25,349.66289234161377,349.66289234161377,339.0670471191406,339.0670471191406,2200,0.0,0
2011-11-28,339.06707827117987,339.7734680175781,338.36068852478155,339.7734680175781,900,0.0,0
2011-11-29,349.6629638671875,349.6629638671875,340.47989612926136,349.6629638671875,2100,0.0,0
2011-11-30,350.3692891023597,350.3692891023597,344.71817153619264,346.1309509277344,500,0.0,0
2011-12-01,351.07567599575214,351.07567599575214,338.3606615733708,343.3053894042969,7500,0.0,0
2011-12-02,344.01181401684124,353.1948809207816,344.01181401684124,348.2501525878906,2600,0.0,0
2011-12-05,345.4245953713694,350.36932373046875,345.4245953713694,350.36932373046875,2600,0.0,0
2011-12-06,348.9564913236178,358.1395568847656,348.9564913236178,358.1395568847656,5400,0.0,0
2011-12-07,354.6076713905409,360.9651794433594,354.6076713905409,360.9651794433594,6100,0.0,0
2011-12-08,360.965209422392,360.965209422392,359.55242973776427,360.2588195800781,1500,0.0,0
2011-12-09,363.0842519627939,363.0842519627939,356.02035601021043,356.72674560546875,8100,0.0,0
2011-12-12,360.2586959478423,360.2586959478423,358.8459167480469,358.8459167480469,2500,0.0,0
2011-12-13,353.1948292749168,358.1395568847656,351.07566029926727,358.1395568847656,1400,0.0,0
2011-12-14,356.72680396043853,358.84597309287676,353.9012451171875,353.9012451171875,4200,0.0,0
2011-12-15,351.07568359375,353.1948527100101,351.07568359375,351.07568359375,2700,0.0,0
2011-12-16,351.07572591696766,367.3226911002478,350.36933612639024,365.2035217285156,3400,0.0,0
2011-12-19,355.3140045875727,364.4970703125,353.1948355741279,364.4970703125,2000,0.0,0
2011-12-20,355.3140611741874,362.3779590106524,355.3140611741874,360.9651794433594,1200,0.0,0
2011-12-21,358.1395271481491,358.8459167480469,357.4331375482514,358.8459167480469,800,0.0,0
2011-12-22,366.61629340762187,366.61629340762187,356.02044677734375,356.02044677734375,4600,0.0,0
2011-12-26,356.7268395564411,359.5523986816406,356.02044977514123,359.5523986816406,800,0.0,0
2011-12-27,358.84597309287676,358.84597309287676,353.9012451171875,353.9012451171875,1700,0.0,0
2011-12-28,353.9012182182945,357.43316650390625,353.9012182182945,357.43316650390625,900,0.0,0
2011-12-29,354.60760498046875,354.60760498046875,354.60760498046875,354.60760498046875,200,0.0,0
2011-12-30,353.9011872244354,358.1395247959855,353.9011872244354,356.72674560546875,900,0.0,0
2012-01-04,357.43323403216425,365.90991151909304,357.43323403216425,365.2035217285156,3000,0.0,0
2012-01-05,365.2034956953908,370.1482238769531,365.2034956953908,370.1482238769531,1200,0.0,0
2012-01-06,374.3865623182923,374.3865623182923,370.1482238769531,370.1482238769531,1700,0.0,0
2012-01-10,372.26733247302826,375.0928909737723,370.85455322265625,370.85455322265625,4800,0.0,0
2012-01-11,370.1481905423678,370.1481905423678,365.2034628061148,367.3226318359375,1200,0.0,0
2012-01-12,365.20345998364826,365.20345998364826,363.79068064135174,364.4970703125,1300,0.0,0
2012-01-13,370.1481905423678,370.1481905423678,363.0842937762921,367.3226318359375,1500,0.0,0
2012-01-16,364.49715971946716,365.9099394083023,360.25882065296173,361.6716003417969,4200,0.0,0
2012-01-17,361.6716003417969,361.6716003417969,358.139651119709,361.6716003417969,3300,0.0,0
2012-01-18,363.0843597987913,377.9185457049676,363.0843597987913,374.3865966796875,5700,0.0,0
2012-01-19,372.2673943813309,374.38656360930815,371.5610046386719,371.5610046386719,2200,0.0,0
2012-01-20,364.49704435501974,374.3864990468226,364.49704435501974,368.7353820800781,2500,0.0,0
2012-01-23,375.09288866766565,375.09288866766565,368.7353820800781,368.7353820800781,3200,0.0,0
2012-01-24,371.56096989558296,371.56096989558296,367.3226318359375,367.3226318359375,2500,0.0,0
2012-01-25,367.3226318359375,370.8545802189754,367.3226318359375,367.3226318359375,4700,0.0,0
2012-01-26,374.38656360930815,374.38656360930815,368.7354456680356,371.5610046386719,4300,0.0,0
2012-01-27,371.5610046386719,372.97378412399,370.14822515335374,371.5610046386719,1600,0.0,0
2012-01-30,371.56098028165155,380.0376566378869,370.14820088894567,377.9184875488281,6400,0.0,0
2012-01-31,372.2674272645195,377.2121558999116,370.8546476544075,374.3865966796875,3500,0.0,0
2012-02-01,374.3865131935218,384.27596825901105,374.3865131935218,382.15679931640625,4100,0.0,0
2012-02-02,381.4505027322208,385.68884165146767,380.74411291234634,384.27606201171875,3500,0.0,0
2012-02-03,388.51430614422077,388.51430614422077,382.15679931640625,382.15679931640625,3900,0.0,0
2012-02-06,384.98235790654604,388.51430614422077,382.15679931640625,382.15679931640625,2300,0.0,0
2012-02-07,381.45040893554693,384.27596752025465,381.45040893554693,381.4504089355469,1300,0.0,0
2012-02-08,386.3951372016159,386.3951372016159,382.15679931640625,382.15679931640625,1800,0.0,0
2012-02-09,386.3952001638395,387.8079796891186,381.45047182536257,383.56964111328125,3900,0.0,0
2012-02-10,383.56966879465324,387.1016178627439,380.0377197265625,380.0377197265625,4400,0.0,0
2012-02-13,380.74401928937,384.9823571664316,380.74401928937,381.4504089355469,1900,0.0,0
2012-02-14,384.98248291015625,384.98248291015625,381.4505335256594,384.98248291015625,2300,0.0,0
2012-02-15,384.9823946866122,389.9271226917614,384.2760049715909,388.51434326171875,11300,0.0,0
2012-02-16,388.5144322946531,389.22082217155247,382.1569234025588,384.98248291015625,7500,0.0,0
2012-02-17,384.98242063856037,384.98242063856037,382.8632513506417,383.56964111328125,2400,0.0,0
2012-02-20,383.5696126078512,385.68878173828125,383.5696126078512,385.68878173828125,16600,0.0,0
2012-02-21,385.68887278705563,387.1016525408544,384.98248291015625,384.98248291015625,4600,0.0,0
2012-02-22,384.9823920281379,386.39517144842466,384.9823920281379,385.68878173828125,4900,0.0,0
2012-02-23,385.68884165146767,386.3952314713422,384.27606201171875,384.27606201171875,7500,0.0,0
2012-02-24,386.39517144842466,386.39517144842466,382.1568331875644,385.68878173828125,10000,0.0,0
2012-02-27,390.3879110321744,395.4484950640729,376.6520400884497,378.82086181640625,19300,12.5,0
2012-02-28,378.8208677377274,387.49615478515625,378.8208677377274,387.49615478515625,5900,0.0,0
2012-02-29,387.49618398584073,387.49618398584073,383.15854013525296,385.3273620605469,4400,0.0,0
2012-03-01,388.94204279245184,389.6649833924378,380.2667555926202,382.4355773925781,5200,0.0,0
2012-03-02,388.9420639325988,388.9420639325988,380.2667762612397,383.1585388183594,2600,0.0,0
2012-03-05,387.49618265403893,387.49618265403893,381.7126575397996,383.1585388183594,3900,0.0,0
2012-03-06,387.49618265403893,387.49618265403893,383.1585388183594,383.1585388183594,2000,0.0,0
2012-03-07,380.98966897269275,386.773193359375,380.98966897269275,386.773193359375,2800,0.0,0
2012-03-08,386.7732224428564,389.6649848536441,381.71263822397793,384.6044006347656,3000,0.0,0
2012-03-09,390.38785927410055,391.83374023437494,388.9419783138261,391.833740234375,10800,0.0,0
2012-03-12,391.8338304848751,392.55677113152615,386.77324595831766,389.6650085449219,5900,0.0,0
2012-03-13,388.94201500438083,394.00259884272776,386.773193359375,386.773193359375,2300,0.0,0
2012-03-14,391.11086605903796,391.11086605903796,383.8814600320687,384.6044006347656,2600,0.0,0
2012-03-15,390.3879465528993,390.3879465528993,385.3273620605469,385.3273620605469,5600,0.0,0
2012-03-16,383.8814697265625,385.32735096847045,383.8814697265625,383.8814697265625,1900,0.0,0
2012-03-19,383.88147945763933,385.3273607361992,383.1585388183594,383.1585388183594,4300,0.0,0
2012-03-21,386.05029158942443,388.94205407324034,381.71264786370057,383.8814697265625,6800,0.0,0
2012-03-22,383.8814518487276,387.49615478515625,383.15851126144184,387.49615478515625,2600,0.0,0
2012-03-23,387.49613390771026,387.49613390771026,382.4355500693633,386.773193359375,1800,0.0,0
2012-03-26,384.6044103475165,387.4961728313324,383.8814697265625,383.8814697265625,1800,0.0,0
2012-03-27,388.21905687120227,390.3878784179688,386.0502353244358,390.38787841796875,4100,0.0,0
2012-03-28,390.38794919157294,390.38794919157294,385.3273646650155,389.6650085449219,1800,0.0,0
2012-03-29,389.66502688975817,392.5567896125022,386.0503234863281,386.0503234863281,2000,0.0,0
2012-03-30,392.55678096048007,392.55678096048007,388.94207763671875,388.94207763671875,1700,0.0,0
2012-04-02,388.94206789827086,391.8338304848751,383.1585427250624,389.6650085449219,6900,0.0,0
2012-04-03,393.2796582943925,393.2796582943925,386.773193359375,386.773193359375,2100,0.0,0
2012-04-04,392.55677113152615,392.55677113152615,389.6650085449219,389.6650085449219,2900,0.0,0
2012-04-05,389.6649283305114,391.1108093261719,387.4961068370206,391.1108093261719,1500,0.0,0
2012-04-06,390.38786882834165,391.83374982400215,383.88140434786925,391.1108093261719,2300,0.0,0
2012-04-09,384.6044200969192,386.0503013754791,382.4355981790795,383.1585388183594,3700,0.0,0
2012-04-10,390.3878784179688,390.3878784179688,383.8814137776693,390.38787841796875,4300,0.0,0
2012-04-11,390.3879074011435,390.3879074011435,382.4355611392683,388.2190856933594,3000,0.0,0
2012-04-12,388.21911345228636,388.21911345228636,383.8814697265625,383.8814697265625,3400,0.0,0
2012-04-13,388.21913697196646,388.94207763671875,386.77325564246195,388.94207763671875,1400,0.0,0
2012-04-16,386.77326416701413,386.77326416701413,383.8815014442701,386.0503234863281,3600,0.0,0
2012-04-17,386.0503234863281,391.8338489318162,386.0503234863281,386.0503234863281,5200,0.0,0
2012-04-18,386.0502736105848,395.4485012452994,383.15851126144184,387.49615478515625,5700,0.0,0
2012-04-19,388.94207763671875,395.44854361948916,388.94207763671875,388.94207763671875,1300,0.0,0
2012-04-20,395.4485426221575,404.8467712402344,391.83383930751256,404.8467712402344,8200,0.0,0
2012-04-23,409.1844053761419,411.3532273127646,399.7861769841104,405.5697021484375,6300,0.0,0
2012-04-24,398.34030527387347,404.8467712402344,397.6173646109445,404.8467712402344,5100,0.0,0
2012-04-25,410.6303818016721,412.0762634277344,408.4615593625788,412.0762634277344,7800,0.0,0
2012-04-26,418.5827307450144,418.5827307450144,411.35332261470325,412.0762634277344,4100,0.0,0
2012-04-27,404.84676150289664,408.46146473060105,404.84676150289664,405.5697021484375,3600,0.0,0
2012-05-01,405.56969950907944,405.56969950907944,401.2320556640625,401.2320556640625,1300,0.0,0
2012-05-02,401.23206792558943,404.8467712402344,401.23206792558943,404.8467712402344,1700,0.0,0
2012-05-07,404.8466646498528,404.8466646498528,398.3402003965516,399.0631408691406,1800,0.0,0
2012-05-08,398.34024676632924,408.46141456075503,397.6173062095845,407.0155334472656,2300,0.0,0
2012-05-09,394.7256019592285,404.8467712402344,391.83383930751256,404.8467712402344,2900,0.0,0
2012-05-10,390.3879460515203,406.29264014991554,390.3879460515203,401.2320556640625,800,0.0,0
2012-05-11,394.0026102474504,404.12377821710965,388.2190856933594,388.2190856933594,2500,0.0,0
2012-05-14,383.8814230111929,383.8814230111929,375.9290771484375,375.9290771484375,5800,0.0,0
2012-05-15,386.0503013754791,386.0503013754791,376.65207306484007,383.1585388183594,2500,0.0,0
2012-05-16,384.604384878089,384.604384878089,376.65203857421875,376.65203857421875,2700,0.0,0
2012-05-17,380.2667541503906,380.2667541503906,373.7602887751938,380.2667541503906,1500,0.0,0
2012-05-18,382.4355419452374,383.15848247821515,375.9290771484375,375.9290771484375,4000,0.0,0
2012-05-21,375.9290391816868,379.54374148151066,367.2537536621094,367.2537536621094,4000,0.0,0
2012-05-22,372.3144330252964,389.6650085449219,372.3144330252964,389.6650085449219,800,0.0,0
2012-05-23,389.664940792424,389.664940792424,370.14554672675524,380.9896545410156,3300,0.0,0
2012-05-24,380.9896932860861,380.9896932860861,373.0373467469079,378.0979309082031,2200,0.0,0
2012-05-25,392.55677939022286,392.55677939022286,367.97679688696763,368.6997375488281,8200,0.0,0
2012-05-28,378.09785863290915,378.09785863290915,361.47022813853647,365.0849304199219,4500,0.0,0
2012-05-29,367.2537517887531,367.2537517887531,360.02434722598235,365.0849304199219,3000,0.0,0
2012-05-30,365.0849513479844,365.8078918457031,362.19318935710925,365.8078918457031,2100,0.0,0
2012-05-31,363.63911473611915,375.2061641114231,363.63911473611915,371.5914611816406,1900,0.0,0
2012-06-01,364.36204585103155,372.31439208984375,364.36204585103155,372.31439208984375,800,0.0,0
2012-06-04,365.08496891714617,365.08496891714617,361.4702662546002,362.1932067871094,2900,0.0,0
2012-06-05,361.4702646033352,361.4702646033352,354.2408593112685,360.0243835449219,3800,0.0,0
2012-06-06,365.08491913018196,375.2060852050781,365.08491913018196,375.2060852050781,1400,0.0,0
2012-06-07,375.2060852050781,375.2060852050781,375.2060852050781,375.2060852050781,1000,0.0,0
2012-06-08,381.71262412034827,381.71262412034827,370.86851548056563,378.82086181640625,5400,0.0,0
2012-06-11,371.59151124954224,379.5438587665558,370.1456298828125,370.1456298828125,2500,0.0,0
2012-06-12,367.97669412207415,374.48315826175724,367.2537536621094,367.2537536621094,900,0.0,0
2012-06-13,365.8078727421798,373.03727734182763,365.8078727421798,367.2537536621094,1600,0.0,0
2012-06-14,367.97676785415143,370.8685302734375,367.97676785415143,370.8685302734375,1000,0.0,0
2012-06-15,371.59145152267905,372.31439208984375,370.8685109555143,372.31439208984375,2900,0.0,0
2012-06-18,371.59145152267905,373.76027322417326,370.8685109555143,372.31439208984375,1500,0.0,0
2012-06-19,375.92909492566747,375.92909492566747,372.31439208984375,372.31439208984375,400,0.0,0
2012-06-20,375.9290771484375,380.2667203463041,373.7602555495042,375.9290771484375,3500,0.0,0
2012-06-21,387.49614872823236,388.94202988020334,378.82086181640625,378.82086181640625,300,0.0,0
2012-06-22,393.27963081966266,393.27963081966266,391.1108093261719,391.1108093261719,1800,0.0,0
2012-06-25,418.5825922955822,418.5825922955822,404.84672139123666,406.2926025390625,5100,0.0,0
2012-06-26,404.1238554508314,404.84679615825684,390.3879820097477,394.002685546875,1600,0.0,0
2012-06-27,391.1108986445836,404.8467712402344,386.05031400408063,404.8467712402344,3200,0.0,0
2012-06-28,404.84671986806796,405.569660439261,398.34025472733117,404.123779296875,700,0.0,0
2012-06-29,398.3402003965516,405.5696051224419,394.7254980336065,399.0631408691406,1300,0.0,0
2012-07-02,409.9073558807373,411.3532372065953,404.8467712402344,404.8467712402344,5300,0.0,0
2012-07-03,397.6173141561382,404.123779296875,395.44849244255926,404.123779296875,5200,0.0,0
2012-07-04,401.23199167385906,410.6302185058594,401.23199167385906,410.6302185058594,2400,0.0,0
2012-07-05,410.6302853382616,411.3532259814628,400.5091163334453,403.40087890625,2200,0.0,0
2012-07-06,403.4008552011258,407.738498805439,398.34027099609375,398.34027099609375,1100,0.0,0
2012-07-09,398.34018137136525,403.4007644377891,398.34018137136525,400.5090026855469,1400,0.0,0
2012-07-10,398.34029310071793,404.8467588682433,397.6173524598818,401.2320556640625,2600,0.0,0
2012-07-11,398.34018137136525,402.67782399972856,398.34018137136525,400.5090026855469,800,0.0,0
2012-07-12,414.9678547811165,416.4137358082284,398.3402229693296,401.9549255371094,6700,0.0,0
2012-07-13,390.3878784179688,393.2796404803241,380.26671119972514,390.38787841796875,11400,0.0,0
2012-07-17,390.38789289711167,396.8943577787302,386.7731901851013,396.1714172363281,1400,0.0,0
2012-07-18,390.38792438818626,398.34027099609375,387.49616198531083,398.34027099609375,2300,0.0,0
2012-07-19,385.32733302329905,387.49615478515625,383.15851126144184,387.49615478515625,3300,0.0,0
2012-07-20,389.6649765470135,389.6649765470135,384.6043924360133,387.49615478515625,600,0.0,0
2012-07-23,383.15846470424106,389.6649291992187,379.5437622070312,379.54376220703125,2300,0.0,0
2012-07-24,394.0026622899846,394.0026622899846,380.9897303244438,388.94207763671875,2900,0.0,0
2012-07-25,390.3879239924238,390.3879239924238,380.9896961926062,382.4355773925781,7500,0.0,0
2012-07-26,388.94206789827086,389.6650085449219,381.71266143176024,389.6650085449219,2600,0.0,0
2012-07-27,390.38794919157294,390.38794919157294,381.71266143176024,389.6650085449219,5300,0.0,0
2012-07-30,382.4355706741561,388.219095372442,379.5438083250131,387.49615478515625,5200,0.0,0
2012-07-31,387.49615478515625,387.49615478515625,379.5438083250131,387.49615478515625,1800,0.0,0
2012-08-01,380.98973872152607,386.77326416701413,380.98973872152607,386.0503234863281,1600,0.0,0
2012-08-02,386.77326416701413,386.77326416701413,380.98973872152607,386.0503234863281,2200,0.0,0
2012-08-03,380.989651715314,391.1108189335576,380.26671119972514,390.38787841796875,2800,0.0,0
2012-08-06,390.38789289711167,396.1714172363281,388.94201181230756,396.1714172363281,3500,0.0,0
2012-08-07,390.3879460515203,401.2320556640625,390.3879460515203,401.2320556640625,3900,0.0,0
2012-08-08,400.5090026855469,400.5090026855469,397.6172409333047,400.5090026855469,1700,0.0,0
2012-08-09,400.5090428054009,400.5090428054009,386.7731731062987,399.7861022949219,3600,0.0,0
2012-08-10,398.3402003965516,399.7860813417297,394.0025575610175,399.0631408691406,3100,0.0,0
2012-08-13,398.34022408944594,399.06316460503473,390.3878784179688,390.38787841796875,8700,0.0,0
2012-08-14,390.3879820097477,394.72562625430044,390.3879820097477,394.002685546875,3700,0.0,0
2012-08-15,395.4484620270906,397.6172835738571,390.3878784179688,390.38787841796875,2400,0.0,0
2012-08-16,391.11081616917306,399.7861022949218,391.11081616917306,399.7861022949219,3300,0.0,0
2012-08-17,401.2320569766465,404.1238195494511,392.5567692582325,403.40087890625,4000,0.0,0
2012-08-20,403.40087758657097,403.40087758657097,399.0632337415541,401.2320556640625,1500,0.0,0
2012-08-21,401.23206792558943,406.2926525660924,400.50912726266046,404.8467712402344,3300,0.0,0
2012-08-22,407.7384821528399,407.7384821528399,398.34025472733117,404.123779296875,3800,0.0,0
2012-08-23,400.50914888855414,407.7385559082031,400.50914888855414,407.7385559082031,2800,0.0,0
2012-08-24,407.73844964555695,407.73844964555695,401.9549255371094,401.9549255371094,4000,0.0,0
2012-08-27,399.06316348288556,402.67786605066533,399.06316348288556,401.9549255371094,2100,0.0,0
2012-08-28,400.5091150232264,401.2320556640625,399.0632337415541,401.2320556640625,3400,0.0,0
2012-08-29,397.9038628726695,397.9038628726695,385.3306924844996,394.20587158203125,8000,12.5,0
2012-08-30,398.64341575374567,398.64341575374567,386.8098449707031,386.8098449707031,1100,0.0,0
2012-08-31,386.8098200432608,395.68499755859375,385.3306237907053,395.68499755859375,1100,0.0,0
2012-09-03,395.68500606830304,395.68500606830304,382.3722395089957,384.5910339355469,2300,0.0,0
2012-09-04,381.63271915211396,381.63271915211396,374.9763345157399,377.19512939453125,2300,0.0,0
2012-09-05,374.9763345157399,377.9347276874617,374.23673622280944,377.19512939453125,1800,0.0,0
2012-09-06,370.53871997710195,370.53871997710195,366.8407287597656,366.8407287597656,2300,0.0,0
2012-09-07,372.75746017730165,372.75746017730165,370.5386657714844,370.5386657714844,500,0.0,0
2012-09-10,369.7990630252428,371.27825927734375,369.7990630252428,371.27825927734375,1200,0.0,0
2012-09-11,374.97625458311893,374.97625458311893,366.84067509512226,370.5386657714844,3000,0.0,0
2012-09-12,371.2782639067568,372.0178620420292,369.79906763621193,370.5386657714844,11200,0.0,0
2012-09-13,370.5386704101562,371.2782685546875,366.1010815429687,369.799072265625,6900,0.0,0
2012-09-14,377.19512939453125,377.9347276874617,372.75753963694854,377.19512939453125,4200,0.0,0
2012-09-18,377.19509669712613,377.19509669712613,371.27831086658296,372.75750732421875,4000,0.0,0
2012-09-19,372.75746484375,377.1950537109375,369.799072265625,369.799072265625,6100,0.0,0
2012-09-20,369.799072265625,374.97625927734373,369.05947412109373,369.799072265625,16500,0.0,0
2012-09-21,370.53868694570855,372.7574814783176,370.53868694570855,372.01788330078125,2100,0.0,0
2012-09-24,374.9762222410187,375.7158203125,373.4970260980561,375.7158203125,1900,0.0,0
2012-09-25,376.4554865727415,379.41387939453125,372.7574955455044,379.41387939453125,5600,0.0,0
2012-09-26,372.0179413440181,377.9347276874617,372.0179413440181,377.19512939453125,2700,0.0,0
2012-09-27,376.4555311016008,377.19512939453125,375.71593280867035,377.19512939453125,1700,0.0,0
2012-09-28,377.9345975063815,378.67419554455444,373.49700927734375,373.49700927734375,1900,0.0,0
2012-10-01,374.23663330078125,375.71582947983575,373.497035211254,374.23663330078125,1500,0.0,0
2012-10-02,374.2366073155167,384.5909798499381,373.49700927734375,373.49700927734375,6800,0.0,0
2012-10-03,373.4970306456677,377.9346191285865,373.4970306456677,374.9762268066406,2200,0.0,0
2012-10-04,377.9345975063815,377.9345975063815,373.49700927734375,373.49700927734375,600,0.0,0
2012-10-05,373.4970796558539,377.934668721072,370.53868694570855,372.01788330078125,1400,0.0,0
2012-10-09,364.621880689305,370.5386657714844,364.621880689305,370.5386657714844,4100,0.0,0
2012-10-10,369.05947875976557,369.7990769135928,367.58028245211125,369.0594787597656,1400,0.0,0
2012-10-11,366.1010543159817,374.9762313903085,366.1010543159817,374.23663330078125,2800,0.0,0
2012-10-12,368.31988525390625,372.0178760697085,368.31988525390625,368.31988525390625,900,0.0,0
2012-10-15,369.0594902817084,369.0594902817084,356.4863212741151,362.4031066894531,11300,0.0,0
2012-10-16,368.3198921047911,368.3198921047911,362.4031066894531,362.4031066894531,2900,0.0,0
2012-10-17,362.4031066894531,369.0594902817084,360.92391033561864,362.4031066894531,10100,0.0,0
2012-10-18,361.66349001741605,368.3198732692703,361.66349001741605,365.3614807128906,2500,0.0,0
2012-10-19,365.3615322728311,366.8407287597656,363.88233578589654,366.8407287597656,9400,0.0,0
2012-10-22,372.01785740339426,372.01785740339426,369.0594648991923,371.27825927734375,5400,0.0,0
2012-10-23,372.0178620420292,372.0178620420292,370.5386657714844,370.5386657714844,700,0.0,0
2012-10-24,369.79908158022715,369.79908158022715,363.88229627494354,368.31988525390625,3000,0.0,0
2012-10-25,371.27825927734375,371.27825927734375,367.5802686470913,371.27825927734375,2100,0.0,0
2012-10-26,371.2782151628249,374.2366073155167,370.5386171246519,373.49700927734375,2300,0.0,0
2012-10-29,373.497137929879,377.19512939453125,371.27834305108763,377.19512939453125,3700,0.0,0
2012-10-30,369.7990769135928,373.4970676827287,369.05947875976557,369.0594787597656,5000,0.0,0
2012-10-31,369.05947875976557,377.1950584518646,368.3198806059384,369.0594787597656,14800,0.0,0
2012-11-01,368.3198806059384,373.4970676827287,368.3198806059384,369.0594787597656,8500,0.0,0
2012-11-02,373.4970536554952,373.4970536554952,368.3198667731418,371.27825927734375,1300,0.0,0
2012-11-05,369.79908876817217,372.01788330078125,369.79908876817217,372.01788330078125,2900,0.0,0
2012-11-06,369.799072265625,372.75746484375,369.05947412109373,369.799072265625,4200,0.0,0
2012-11-07,369.7990630252428,371.27825927734375,368.3198667731418,371.27825927734375,5700,0.0,0
2012-11-08,374.2366658365559,374.2366658365559,369.05947875976557,369.0594787597656,1300,0.0,0
2012-11-09,373.49706298828124,373.49706298828124,369.05947412109373,369.799072265625,1800,0.0,0
2012-11-12,368.31988525390625,373.4970723960294,368.31988525390625,368.31988525390625,1700,0.0,0
2012-11-13,368.31988992057813,369.05948809310945,366.1010954029843,367.5802917480469,2100,0.0,0
2012-11-14,365.3614921019249,366.10109026407457,358.7051086425781,358.7051086425781,11100,0.0,0
2012-11-15,360.9238918783211,365.3614807128906,359.4446956001313,365.3614807128906,1700,0.0,0
2012-11-16,369.79906763621193,372.0178620420292,369.05946950093954,370.5386657714844,2500,0.0,0
2012-11-19,371.27831086658296,375.71590023949034,369.79911440894716,372.75750732421875,2800,0.0,0
2012-11-20,377.1951198577881,379.41391468048096,377.1951198577881,378.67431640625,3600,0.0,0
2012-11-21,379.41381528955947,379.41381528955947,373.4970306456677,374.9762268066406,3500,0.0,0
2012-11-22,377.9347276874617,377.9347276874617,374.23673622280944,377.19512939453125,4300,0.0,0
2012-11-26,378.6742487980769,384.5910339355469,378.6742487980769,384.5910339355469,6900,0.0,0
2012-11-27,384.59104581643606,389.02863480662575,384.59104581643606,387.5494384765625,3300,0.0,0
2012-11-28,387.5494265042819,389.02862278864933,380.1534450824444,384.5910339355469,2800,0.0,0
2012-11-29,384.59102187045784,384.59102187045784,381.63262939453125,381.63262939453125,1300,0.0,0
2012-11-30,383.8514686272158,383.8514686272158,378.67428118908384,379.41387939453125,3800,0.0,0
2012-12-03,391.2474506816901,391.2474506816901,378.67428118908384,379.41387939453125,3900,0.0,0
2012-12-04,377.9346945668558,382.3722839355469,377.9346945668558,382.3722839355469,2300,0.0,0
2012-12-05,378.67419315992294,383.85137939453125,378.67419315992294,383.85137939453125,1800,0.0,0
2012-12-06,383.8514357933631,384.5910339355469,380.8930432246282,384.5910339355469,1600,0.0,0
2012-12-07,391.9869749573456,391.9869749573456,383.1117981658585,386.0701904296875,5200,0.0,0
2012-12-10,391.9869749573456,391.9869749573456,385.33059236373026,386.0701904296875,2100,0.0,0
2012-12-11,391.9870274667522,391.9870274667522,385.3306439814677,387.5494384765625,1700,0.0,0
2012-12-12,390.50777882543105,391.2473768913883,386.0701904296875,386.0701904296875,1500,0.0,0
2012-12-13,391.24745062186236,391.9870488271967,387.54945959519074,389.0286560058594,6100,0.0,0
2012-12-14,385.33069902724935,399.3830661702777,385.33069902724935,397.90386962890625,13000,0.0,0
2012-12-17,396.42462158203125,397.90381793121793,389.02863983609785,396.42462158203125,2600,0.0,0
2012-12-18,397.9038628726695,399.3830593889247,390.50788029139306,394.20587158203125,1900,0.0,0
2012-12-19,394.2058224242937,399.38300958558835,389.76823342889827,397.1642150878906,7700,0.0,0
2012-12-20,399.38299560546875,399.38299560546875,391.9870142053675,399.38299560546875,4900,0.0,0
2012-12-21,400.86225792030234,401.6018561821479,396.4246683492289,398.6434631347656,5600,0.0,0
2012-12-25,403.08101479706426,404.5602111816406,400.12262202791146,404.5602111816406,14100,0.0,0
2012-12-26,404.5602818480325,405.2998801695097,403.0810852050781,403.0810852050781,2000,0.0,0
2012-12-27,403.82068352655534,405.2998801695097,402.3414868836009,403.0810852050781,6100,0.0,0
2012-12-28,404.5602111816406,405.29980937392884,401.6018184124879,404.5602111816406,4200,0.0,0
2013-01-04,406.7789366324449,407.5185346990494,394.20576950016937,400.8621520996094,15300,0.0,0
2013-01-07,402.34140269886365,407.5185898659446,402.34140269886365,406.77899169921875,7400,0.0,0
2013-01-08,408.2581481933594,408.2581481933594,406.778952004253,408.2581481933594,4200,0.0,0
2013-01-09,408.99775838508884,411.95615085080374,406.77896403580263,411.216552734375,7100,0.0,0
2013-01-10,411.21659968449524,413.43539428710943,408.25820688100964,413.4353942871094,7600,0.0,0
2013-01-11,412.6958312988281,414.17502782678093,411.9562330348517,412.6958312988281,7000,0.0,0
2013-01-15,414.1750183105469,417.13341129847936,412.69582181658063,414.1750183105469,9700,0.0,0
2013-01-16,414.17497380800404,416.3937683105469,412.6957774729754,416.3937683105469,3000,0.0,0
2013-01-17,416.3937729804966,417.13337115630566,414.1749784530694,415.6541748046875,6200,0.0,0
2013-01-18,416.39385504756416,418.6126500122936,414.91465840441117,417.1334533691406,5400,0.0,0
2013-01-21,417.1333571712528,419.35215162429137,417.1333571712528,417.8729553222656,5000,0.0,0
2013-01-22,421.5709302819294,428.9669115149457,421.5709302819294,425.2689208984375,9700,0.0,0
2013-01-23,423.78972465183426,431.18570588485056,420.83133215862773,425.2689208984375,3900,0.0,0
2013-01-24,420.8313201530176,428.96689927724117,420.8313201530176,422.3105163574219,4000,0.0,0
2013-01-25,429.70651708142515,430.44611521753774,422.3105357202991,428.9669189453125,6400,0.0,0
2013-01-28,428.9670902720669,428.9670902720669,421.57110595703125,421.57110595703125,6500,0.0,0
2013-01-29,421.5710353184413,431.18581331693207,421.5710353184413,423.05023193359375,3300,0.0,0
2013-01-30,423.0500992530389,429.70648193359375,417.8729127237185,429.70648193359375,4600,0.0,0
2013-01-31,423.78972465183426,428.22731339164403,423.05012652853264,425.2689208984375,3400,0.0,0
2013-02-01,425.2689981955558,429.7065877419442,425.2689981955558,427.48779296875,7600,0.0,0
2013-02-04,428.2274282465259,431.1858215332031,425.2690349598487,431.1858215332031,7200,0.0,0
2013-02-05,423.7897504170736,430.4461339314779,423.7897504170736,426.008544921875,3200,0.0,0
2013-02-06,424.5293625969746,425.2689607896522,421.57096982626393,423.7897644042969,15100,0.0,0
2013-02-07,423.050114459624,427.4877030728369,418.6125258464112,422.3105163574219,5800,0.0,0
2013-02-08,423.78983826332905,423.78983826332905,414.17506008283465,417.1334533691406,6500,0.0,0
2013-02-12,414.9145766288785,420.09176385954186,414.9145766288785,415.6541748046875,6100,0.0,0
2013-02-13,414.1749784530694,421.57096021115996,414.1749784530694,415.6541748046875,3800,0.0,0
2013-02-14,416.3938082934701,416.3938082934701,414.91461181640625,414.91461181640625,2600,0.0,0
2013-02-15,414.17494520008995,414.17494520008995,408.2581602686601,411.216552734375,5200,0.0,0
2013-02-18,410.4770365068989,412.6958312988281,410.4770365068989,412.6958312988281,4400,0.0,0
2013-02-19,411.9561817993808,428.2273415831983,411.9561817993808,420.83135986328125,12700,0.0,0
2013-02-20,420.83136023033114,434.1441273377933,415.65417302187365,430.4461364746094,7900,0.0,0
2013-02-21,437.1025997775418,437.1025997775418,421.5710353184413,423.05023193359375,10200,0.0,0
2013-02-22,425.26892552392405,428.96691618065387,414.9145516850807,424.5293273925781,8700,0.0,0
2013-02-25,431.9252761604454,434.14407038729695,428.96688385797654,429.70648193359375,9700,0.0,0
2013-02-26,422.52590391446,429.32864655351216,421.770043621232,427.0610656738281,8300,12.5,0
2013-02-27,419.5024043840371,429.3285868290686,419.5024043840371,425.5492858886719,10900,0.0,0
2013-02-28,426.3051460767512,429.3285868290686,425.5492858886719,425.5492858886719,5400,0.0,0
2013-03-01,425.54934970310757,425.54934970310757,421.0141878945487,423.2817687988281,5600,0.0,0
2013-03-04,427.06106659368425,428.5727871833964,424.03762541425994,426.3052062988281,6500,0.0,0
2013-03-05,426.3052291336593,438.39899449915316,426.3052291336593,432.35211181640625,12700,0.0,0
2013-03-06,433.8637911652865,442.17825406218225,433.8637911652865,441.4223937988281,8600,0.0,0
2013-03-07,449.73679772738757,452.0043782201307,433.86373427818563,438.3988952636719,15500,0.0,0
2013-03-08,444.44583664726963,445.2016969136765,439.15481478242117,439.9106750488281,15000,0.0,0
2013-03-11,452.76029957774574,452.76029957774574,438.39895451601427,439.9106750488281,15200,0.0,0
2013-03-12,439.91067863913145,441.4223991842831,436.1313772762523,436.8872375488281,8200,0.0,0
2013-03-13,436.1313772762523,439.91067863913145,436.1313772762523,436.8872375488281,3900,0.0,0
2013-03-14,440.6664749644504,441.4223351273397,438.3988944757826,439.1547546386719,5400,0.0,0
2013-03-15,438.3988944757826,442.178195290229,438.3988944757826,439.1547546386719,5200,0.0,0
2013-03-18,438.3989580939798,438.3989580939798,435.37551700367646,436.8872375488281,6200,0.0,0
2013-03-19,436.1313147709288,442.17819608491044,436.1313147709288,438.3988952636719,6500,0.0,0
2013-03-21,436.8872339832004,442.1782558480489,436.8872339832004,439.9106750488281,7100,0.0,0
2013-03-22,437.6430350994242,442.9340562491582,436.88717493517646,438.3988952636719,11300,0.0,0
2013-03-25,439.1547546386719,442.178195290229,439.1547546386719,439.1547546386719,16500,0.0,0
2013-03-26,442.17819608491044,442.17819608491044,438.39889526367193,438.3988952636719,10600,0.0,0
2013-03-27,439.15490305321845,443.6900655632345,438.39904263488245,442.1783447265625,9700,0.0,0
2013-03-28,442.9342051448985,444.4459259815705,442.1783447265625,442.1783447265625,4300,0.0,0
2013-03-29,442.178195290229,443.68991561600757,438.3988944757826,439.1547546386719,5800,0.0,0
2013-04-01,439.15481478242117,445.9575571800835,439.15481478242117,439.9106750488281,4600,0.0,0
2013-04-02,439.91061559216735,442.17819608491044,434.61959444243337,438.3988952636719,3100,0.0,0
2013-04-03,434.61964968528355,445.2016933297948,433.8637894249613,442.9341125488281,10200,0.0,0
2013-04-04,436.8872261370096,446.7134094238282,436.8872261370096,446.7134094238281,4800,0.0,0
2013-04-05,447.4692374578415,449.73681805306705,440.66649567216484,448.22509765625,11000,0.0,0
2013-04-08,458.8071954254303,459.56305571443426,450.49273224638625,454.27203369140625,31800,0.0,0
2013-04-09,455.0278642781575,458.05130523681635,452.7602835591634,453.5161437988281,10800,0.0,0
2013-04-10,453.51614553394126,454.27200577649785,447.46926359348873,452.0044250488281,11800,0.0,0
2013-04-11,452.0044250488281,457.2954467467241,449.73684432115846,452.0044250488281,7100,0.0,0
2013-04-12,453.5161140964107,453.5161140964107,450.49267333576796,452.76025390625,6100,0.0,0
2013-04-15,452.0044483147045,463.34235253664525,452.0044483147045,458.05133056640625,17300,0.0,0
2013-04-16,455.0278695360177,458.0513105296125,442.9341055616385,448.9809875488281,17200,0.0,0
2013-04-17,448.9810699918377,468.6334400588205,448.9810699918377,455.7838134765625,9500,0.0,0
2013-04-18,457.295372928781,487.5297777505185,456.53951280823753,464.0981140136719,21400,0.0,0
2013-04-19,470.90099515444905,478.4595986079715,458.8072296288131,475.4361572265625,11200,0.0,0
2013-04-22,475.43609185925794,483.75055451498423,475.43609185925794,479.21539306640625,14600,0.0,0
2013-04-23,483.750606560559,488.2857684970642,479.97130494680465,486.7740478515625,12600,0.0,0
2013-04-24,489.04164770172866,498.8678322768793,475.4361613669047,495.8443908691406,21700,0.0,0
2013-04-25,509.4498300084742,512.473271136121,498.86778606171066,508.6939697265625,12700,0.0,0
2013-04-26,506.42633720467103,506.42633720467103,497.35601474727395,500.37945556640625,10400,0.0,0
2013-04-30,501.13542132907446,504.15886278505684,486.01821404916274,489.7975158691406,21300,0.0,0
2013-05-01,489.04156494140625,502.6470489737792,487.5298444933648,489.04156494140625,11600,0.0,0
2013-05-02,488.2856694874318,495.84427118228365,488.2856694874318,493.5766906738281,5500,0.0,0
2013-05-07,500.37942270838226,504.914583639274,498.86770239808504,502.6470031738281,4700,0.0,0
2013-05-08,506.42644569475857,529.1022566960164,503.40300422792416,511.71746826171875,26900,0.0,0
2013-05-09,520.0318603515625,526.8346027108126,517.0084193030069,520.0318603515625,22500,0.0,0
2013-05-10,518.5202065744708,521.5436480122228,515.4967651367188,515.4967651367188,9100,0.0,0
2013-05-13,515.4966438730382,520.7876651444624,513.9849235097741,514.7407836914062,11000,0.0,0
2013-05-14,517.7642725802016,529.1021763593301,516.2525520763178,526.0787353515625,22900,0.0,0
2013-05-15,529.1021853077168,535.9049276902447,516.2525608073865,518.5201416015625,20400,0.0,0
2013-05-16,517.7642786831572,522.2994402482651,509.4498158137926,520.7877197265625,18600,0.0,0
2013-05-17,520.787596948596,523.811037279212,510.9614158740942,521.54345703125,14400,0.0,0
2013-05-20,515.4966406606409,526.8345433144674,515.4966406606409,517.7642211914062,11500,0.0,0
2013-05-21,520.0318594657111,526.0787415525217,520.0318594657111,520.7877197265625,6300,0.0,0
2013-05-22,520.78760194569,520.78760194569,513.2290010466234,516.25244140625,10200,0.0,0
2013-05-23,516.25256616929,525.3228894401999,513.9849853515625,513.9849853515625,17900,0.0,0
2013-05-24,513.2290453459087,526.0786679834351,501.8911430186795,502.6470031738281,16400,0.0,0
2013-05-27,498.86775665043666,498.86775665043666,470.90092786851824,481.48297119140625,12300,0.0,0
2013-05-28,485.26232158954326,496.6002262995793,476.9478581355168,491.3092041015625,6200,0.0,0
2013-05-29,491.3091109574207,498.86771266445794,491.3091109574207,492.8208312988281,4100,0.0,0
2013-05-30,491.30911016537254,504.15873304662074,490.5532499958873,493.5766906738281,13800,0.0,0
2013-05-31,493.5767850435697,501.8912484975961,491.3092041015625,491.3092041015625,1600,0.0,0
2013-06-03,498.11188762965486,498.11188762965486,489.04156494140625,489.04156494140625,3200,0.0,0
2013-06-04,485.2622749978435,485.2622749978435,476.19195210068756,479.21539306640625,3500,0.0,0
2013-06-05,476.1918640136719,490.55320594424296,476.1918640136719,476.1918640136719,3200,0.0,0
2013-06-06,474.68033559310834,477.7037772210899,468.63345233714523,469.3893127441406,5900,0.0,0
2013-06-07,461.83069657409567,462.58655696128733,445.95762844307114,455.7838134765625,10500,0.0,0
2013-06-10,467.12164306640625,467.12164306640625,464.8540622748218,467.12164306640625,1200,0.0,0
2013-06-11,462.58648148323726,467.12164306640625,462.58648148323726,467.12164306640625,3100,0.0,0
2013-06-12,460.318910501345,463.34235162122246,455.78374882152883,458.80718994140625,2200,0.0,0
2013-06-13,453.5161734024023,455.0278939804103,449.7368719573822,454.27203369140625,3400,0.0,0
2013-06-14,442.9341293563462,460.3189160034383,442.9341293563462,454.27203369140625,11900,0.0,0
2013-06-17,453.51617067854926,462.5864940921203,453.51617067854926,456.53961181640625,2100,0.0,0
2013-06-18,458.0513069892807,461.07474795950696,444.4458226232625,452.0044250488281,4900,0.0,0
2013-06-19,455.78372451782224,457.29544499715166,452.7602835591634,453.5161437988281,1800,0.0,0
2013-06-20,461.07465167378274,461.07465167378274,455.0277709960938,455.02777099609375,2200,0.0,0
2013-06-21,456.53967386375416,461.07483618690407,452.0045115406043,455.7838134765625,5100,0.0,0
2013-06-24,463.3422875576332,463.3422875576332,454.2719654521004,461.07470703125,5800,0.0,0
2013-06-25,476.19197638070176,476.19197638070176,457.29546938146757,458.80718994140625,7200,0.0,0
2013-06-26,458.80711866809474,471.6567414314516,458.80711866809474,468.63330078125,6200,0.0,0
2013-06-27,466.3657103142279,479.9711929490028,462.586409582346,478.45947265625,5700,0.0,0
2013-06-28,482.9947824986377,483.7506428781348,476.19203908316393,482.2389221191406,4700,0.0,0
2013-07-01,479.2154217606071,483.750583480739,476.1919806138525,480.7271423339844,9600,0.0,0
2013-07-02,485.2621772278117,486.0180373169516,480.72701669297237,484.5063171386719,2700,0.0,0
2013-07-03,487.5298172875103,487.5298172875103,484.5063765601459,486.0180969238281,3800,0.0,0
2013-07-04,486.7738974060915,486.7738974060915,482.2387368712522,484.5063171386719,8000,0.0,0
2013-07-05,487.5299081743134,488.2857684970642,482.99474623780816,486.7740478515625,3200,0.0,0
2013-07-08,491.30923858737054,495.088540422658,486.7740763850256,488.2857971191406,4300,0.0,0
2013-07-09,495.08850567157447,495.08850567157447,489.7974834735577,491.3092041015625,3200,0.0,0
2013-07-10,489.79742516542694,491.3091456134684,484.5064035972819,489.04156494140625,4300,0.0,0
2013-07-11,488.2856175843713,495.0883583866304,484.5063171386719,484.5063171386719,9600,0.0,0
2013-07-12,529.8580455724422,530.6139058371675,502.647076042331,518.5201416015625,50700,0.0,0
2013-07-16,519.2759312845575,530.6138337143512,518.5200711225713,527.5903930664062,35000,0.0,0
2013-07-17,528.3463169893772,529.102177242581,523.0552952169514,525.3228759765625,10100,0.0,0
2013-07-18,521.5435729717764,529.1021754786137,517.7642717183577,526.8345947265625,13900,0.0,0
2013-07-19,529.102182595927,530.6139031176297,514.7408376397518,520.7877197265625,17100,0.0,0
2013-07-22,524.5670157233588,528.3463169893772,520.7877144573404,525.3228759765625,3400,0.0,0
2013-07-23,513.9849653827347,532.8814714629823,513.9849653827347,531.3697509765625,22100,0.0,0
2013-07-24,535.9048995759163,544.975222276778,525.3228564249108,542.7076416015625,17500,0.0,0
2013-07-25,542.7075828712303,544.2193031577798,534.3931212952087,540.4400024414062,10300,0.0,0
2013-07-26,540.4400094440233,543.4634500562976,529.1021071479948,533.6372680664062,15000,0.0,0
2013-07-29,529.1022272393254,541.9518527579947,525.3229256161874,534.3932495117188,9600,0.0,0
2013-07-30,516.2524845458292,535.9048485256119,516.2524845458292,533.6372680664062,13300,0.0,0
2013-07-31,539.6842737076131,539.6842737076131,531.3698101070756,532.8815307617188,8200,0.0,0
2013-08-01,522.2993590028136,543.4634430145051,522.2993590028136,540.4400024414062,11800,0.0,0
2013-08-02,531.3697382254853,543.4635018266343,531.3697382254853,542.7076416015625,9400,0.0,0
2013-08-05,545.7310570995703,583.5240665940004,545.7310570995703,566.1392822265625,50500,0.0,0
2013-08-06,566.1393232592646,586.5475498654064,564.6276027699208,583.5241088867188,49100,0.0,0
2013-08-07,584.2800388961132,585.7917595659609,572.1862735373321,576.721435546875,24600,0.0,0
2013-08-08,576.7213753928037,581.2565369293133,572.942074112379,575.9655151367188,10100,0.0,0
2013-08-09,575.9654033477293,575.9654033477293,555.5571803944633,565.3833618164062,16700,0.0,0
2013-08-12,563.8718463487862,565.3835671164774,547.242917904184,548.754638671875,10200,0.0,0
2013-08-13,547.9986337515024,572.186159655017,547.9986337515024,569.9185791015625,7500,0.0,0
2013-08-14,572.1863403320312,574.4539216015108,566.895317369912,572.1863403320312,7500,0.0,0
2013-08-15,572.1861621028733,572.9420222905918,560.8482592870964,567.6510009765625,6100,0.0,0
2013-08-16,572.942070624847,579.7448128882027,566.8951886129753,578.9889526367188,28100,0.0,0
2013-08-19,581.2565833241284,597.1296499688706,581.2565833241284,588.059326171875,35200,0.0,0
2013-08-20,594.8620690196217,594.8620690196217,582.768303956961,588.059326171875,21600,0.0,0
2013-08-21,589.57106124058,589.57106124058,566.8952511928653,576.721435546875,13500,0.0,0
2013-08-22,585.035892476664,585.035892476664,573.6979875837054,582.012451171875,8300,0.0,0
2013-08-23,582.0123259472908,591.8385080736737,578.2330251294513,585.0357666015625,22200,0.0,0
2013-08-26,591.0826479101058,591.0826479101058,583.5240462744267,585.0357666015625,16000,0.0,0
2013-08-27,585.7917452226262,588.059326171875,575.2097007927981,588.059326171875,14300,0.0,0
2013-08-28,553.8743663519201,566.9338174309529,545.4241333007812,545.4241333007812,41900,12.5,0
2013-08-29,545.423978816318,553.1060066869703,526.2189091396871,543.8875732421875,18000,0.0,0
2013-08-30,558.4835233261747,558.4835233261747,526.9872035787563,532.3646240234375,16700,0.0,0
2013-09-02,530.0599373582648,531.5963429737961,501.6364334709376,505.4774475097656,24000,0.0,0
2013-09-03,513.1594755874216,517.7686924340153,501.6364334709376,505.4774475097656,12800,0.0,0
2013-09-04,513.1594216771064,533.1326925807062,508.55020531473707,523.1460571289062,12300,0.0,0
2013-09-05,520.8414822823661,556.947012765067,520.8414822823661,537.741943359375,26200,0.0,0
2013-09-06,531.5964243381233,546.9604828450055,531.5964243381233,535.4374389648438,10500,0.0,0
2013-09-09,558.4834252894356,558.4834252894356,529.2917194283647,530.828125,8600,0.0,0
2013-09-10,533.901029864775,533.901029864775,523.9143918960814,532.3646240234375,20200,0.0,0
2013-09-11,526.9871970517793,534.6692261633212,523.1461824960082,526.218994140625,5800,0.0,0
2013-09-12,524.6825722588433,556.9470935397677,524.6825722588433,553.1060791015625,12800,0.0,0
2013-09-13,546.1922928434268,548.4969016739898,542.3512781258218,547.7286987304688,11300,0.0,0
2013-09-17,572.3110168128001,583.0658547126379,564.6289897414873,570.0064086914062,38400,0.0,0
2013-09-18,576.1520406446108,583.0658651323462,565.397202552578,566.1654052734375,19200,0.0,0
2013-09-19,574.6157659133809,583.8342006606543,566.1655340617135,572.3111572265625,10600,0.0,0
2013-09-20,572.3111829125348,573.8475887727027,566.1655594718634,567.7019653320312,5600,0.0,0
2013-09-24,560.019990389112,560.019990389112,537.7421032542914,545.4241333007812,21200,0.0,0
2013-09-25,539.278370729093,548.4968044167698,530.8281398487226,543.119384765625,10900,0.0,0
2013-09-26,543.1194699428207,551.5697021484375,541.5830640872541,551.5697021484375,7000,0.0,0
2013-09-27,552.3378693655636,564.6291154154231,546.1922463406338,546.96044921875,10200,0.0,0
2013-09-30,546.1922463406338,559.2516952686096,545.4240434625176,546.96044921875,4300,0.0,0
2013-10-01,558.4834951111923,564.629118166061,546.9604518833135,563.0927124023438,20000,0.0,0
2013-10-02,566.9337163282333,566.9337163282333,544.6558331662837,553.874267578125,9200,0.0,0
2013-10-03,553.8741171429266,560.0197384149702,551.5695091659103,555.4105224609375,7700,0.0,0
2013-10-04,555.4106911506442,557.7152998276179,550.0332709043724,556.1788940429688,7200,0.0,0
2013-10-07,573.8474509574271,579.9930729221653,560.7880042823585,568.4700317382812,38500,0.0,0
2013-10-08,568.4700317382812,569.2382344838735,558.4833960455817,568.4700317382812,5200,0.0,0
2013-10-09,572.3110454662426,572.3110454662426,562.324409773543,568.4700317382812,4100,0.0,0
2013-10-10,572.3111975031494,573.8476034024867,557.7153414594449,566.9337768554688,6900,0.0,0
2013-10-11,575.3838564486117,576.152059194204,565.3972207559121,568.4700317382812,8400,0.0,0
2013-10-15,538.5102671200467,550.0333113522875,518.5369904508296,521.6098022460938,102200,0.0,0
2013-10-16,526.2188680371524,527.7552734912755,520.8414489477217,523.1460571289062,35200,0.0,0
2013-10-17,527.7552918551261,527.7552918551261,522.3778725785819,525.45068359375,29000,0.0,0
2013-10-18,525.4507590164029,526.987164744521,522.3779475601666,524.6825561523438,13900,0.0,0
2013-10-21,522.3778276585821,522.3778276585821,511.62299003031717,514.69580078125,71300,0.0,0
2013-10-22,514.6959049161943,514.6959049161943,509.3184850140848,512.3912963867188,56400,0.0,0
2013-10-23,515.4640279563076,516.2322306805346,510.08660888671875,510.08660888671875,20700,0.0,0
2013-10-24,510.85493053089493,510.85493053089493,502.40469859730115,507.013916015625,42200,0.0,0
2013-10-25,507.782144715662,507.782144715662,501.63652117901256,502.40472412109375,21800,0.0,0
2013-10-28,503.17286226881674,513.9277020730358,503.17286226881674,512.3912963867188,26300,0.0,0
2013-10-29,528.5235523897059,529.2917552274816,514.6959013097427,522.3779296875,97600,0.0,0
2013-10-30,530.0599222141824,547.7285862879885,523.1460971418235,530.828125,145000,0.0,0
2013-10-31,530.828125,530.828125,530.828125,530.828125,0,0.0,0
2013-11-01,530.8282492436712,530.8282492436712,507.0139573094399,517.768798828125,37100,0.0,0
2013-11-05,522.3779808546968,523.9143866807401,511.6231400723943,513.1595458984375,13800,0.0,0
2013-11-06,513.9277020730358,517.7687162888283,510.85489070040177,512.3912963867188,10900,0.0,0
2013-11-07,514.6958941505069,522.37792242141,513.9276913234165,516.2322998046875,8400,0.0,0
2013-11-08,515.464091487117,517.7686999438403,510.8548745736703,511.6230773925781,7900,0.0,0
2013-11-11,518.5368863442786,522.3779003171993,510.0866556038534,510.8548583984375,22300,0.0,0
2013-11-12,518.5368285585412,518.5368285585412,513.1594095957118,513.9276123046875,8800,0.0,0
2013-11-13,517.0005604635456,517.7687633765672,511.6231400723943,513.1595458984375,7400,0.0,0
2013-11-14,513.1595810344028,517.768798828125,513.1595810344028,517.768798828125,10200,0.0,0
2013-11-15,521.6097268497242,524.6825382008271,521.6097268497242,522.3779296875,13300,0.0,0
2013-11-18,526.2190038607145,535.4374389648438,523.146192159338,535.4374389648438,19700,0.0,0
2013-11-19,536.9737328325392,537.7419355976788,530.0599079462834,531.5963134765625,14300,0.0,0
2013-11-20,532.3645808778961,538.5102037451733,530.8281751610767,534.669189453125,10500,0.0,0
2013-11-21,537.7419614181409,540.8147726262446,535.4373530120632,540.0465698242188,22600,0.0,0
2013-11-22,544.655819204344,546.960427748227,538.510196420656,541.5830078125,20100,0.0,0
2013-11-25,539.278399268617,547.7286305961879,539.278399268617,541.5830078125,19100,0.0,0
2013-11-26,541.5829791510122,546.960398802157,536.9737623071738,543.119384765625,17800,0.0,0
2013-11-27,538.5101785252236,542.3511926373865,537.7419757027911,539.2783813476562,13100,0.0,0
2013-11-28,541.5831444480202,546.1923626986417,536.2057231556286,540.81494140625,24300,0.0,0
2013-11-29,534.6691607718482,542.3511889438574,530.0599438686426,536.20556640625,24700,0.0,0
2013-12-02,536.9737405831473,540.8147544642857,530.8281183733259,537.741943359375,32400,0.0,0
2013-12-03,535.437335030692,542.3511600167411,533.9009294782367,537.741943359375,23300,0.0,0
2013-12-04,534.6691322544643,540.046551688058,534.6691322544643,537.741943359375,16700,0.0,0
2013-12-05,537.7419683362978,541.5829823958427,532.3645486529348,533.1327514648438,15000,0.0,0
2013-12-06,536.2055483152541,536.9737511065366,530.8281287762758,533.9009399414062,14200,0.0,0
2013-12-09,553.106071566358,560.0198974609375,541.5830284087256,560.0198974609375,40500,0.0,0
2013-12-10,568.4700817066234,597.6617886050717,547.7286057524628,559.2516479492188,114500,0.0,0
2013-12-11,587.675167206795,590.7479785385952,562.3244737194431,571.5429077148438,66200,0.0,0
2013-12-12,570.774762908093,686.7734024762249,566.1655454418095,639.9130249023438,305800,0.0,0
2013-12-13,629.9262920940091,682.9322849653342,613.7940333940406,648.3631591796875,157100,0.0,0
2013-12-16,631.4627838745931,639.9130157755914,566.9337402669705,575.3839721679688,155500,0.0,0
2013-12-17,575.3839585120811,580.7613786850912,546.9604518833135,563.0927124023438,71900,0.0,0
2013-12-18,563.0926836701478,564.6290893554688,553.1060467155612,564.6290893554688,23300,0.0,0
2013-12-19,566.1655023748225,573.0793280483277,552.3378510278119,557.7152709960938,38000,0.0,0
2013-12-20,553.1060647104715,560.7880933870058,547.7286446368975,553.874267578125,20100,0.0,0
2013-12-24,556.1788761810852,559.251687651699,550.8014561075112,553.874267578125,22600,0.0,0
2013-12-25,548.4968154758672,556.9470465266157,547.7286126530718,552.3378295898438,28500,0.0,0
2013-12-26,553.8742495582218,564.6290893554688,547.7286268169378,564.6290893554688,32700,0.0,0
2013-12-27,565.3972604166667,578.4567080078125,559.2516380208333,576.152099609375,38700,0.0,0
2013-12-30,583.0659716129303,596.8936231136322,582.2977687517802,589.9797973632812,51200,0.0,0
2014-01-06,594.5890358807964,597.6618474357358,584.6023983272429,595.3572387695312,38300,0.0,0
2014-01-07,599.1983032226562,600.7347091283553,593.8208825527093,599.1983032226562,24400,0.0,0
2014-01-08,603.0393142137832,625.3171997070312,602.2711112657402,625.3171997070312,39000,0.0,0
2014-01-09,627.6218035881292,635.3038330078125,619.9397741684459,635.3038330078125,44700,0.0,0
2014-01-10,623.7806896972656,626.0852981567383,599.1981994628906,614.562255859375,71700,0.0,0
2014-01-14,606.1121215820312,609.1849333517754,602.2711068698511,606.1121215820312,24900,0.0,0
2014-01-15,609.1847780026505,609.1847780026505,596.8935340580825,604.5755615234375,40000,0.0,0
2014-01-16,605.3438943504981,606.1120972621104,591.5162419414766,597.661865234375,55000,0.0,0
2014-01-17,599.1982599601891,601.5028686523438,590.7480280889557,601.5028686523438,8700,0.0,0
2014-01-20,598.4301002698066,600.7347091283553,595.3572884584084,599.1983032226562,9800,0.0,0
2014-01-21,599.9663801684821,602.270988543009,585.3705271298123,596.1253662109375,14000,0.0,0
2014-01-22,596.8936688372197,604.5756980371839,596.8936688372197,603.8074951171875,13600,0.0,0
2014-01-23,605.3439268454528,606.1121297983022,598.4301002698066,599.1983032226562,12500,0.0,0
2014-01-24,602.2710115856346,714.428623437041,595.3571861975342,653.7406005859375,426300,0.0,0
2014-01-27,706.7466371519106,768.9710693359375,704.4420285525022,768.9710693359375,375700,0.0,0
2014-01-28,722.8788944789342,745.1567775181362,623.0125222342356,645.2904052734375,1087600,0.0,0
2014-01-29,660.6544625418527,682.1641427176339,629.9263480050224,645.2904052734375,270300,0.0,0
2014-01-30,637.6084106747467,639.1448164836014,613.0259177330696,620.7079467773438,81300,0.0,0
2014-01-31,626.8535438289712,647.5950213821357,626.0853409566317,638.3765869140625,67800,0.0,0
2014-02-03,639.9130135215865,640.6812164189714,598.4300570628043,601.5028686523438,92600,0.0,0
2014-02-04,543.8876377062852,567.701926927888,537.7420146813554,546.96044921875,94000,0.0,0
2014-02-05,560.7880715762867,572.3111141429227,546.1922176585477,548.496826171875,58200,0.0,0
2014-02-06,552.3379208117643,573.8476034024867,550.8015149124269,566.9337768554688,41900,0.0,0
2014-02-07,562.3243956778214,571.5428283938512,561.5561929514855,569.2382202148438,27100,0.0,0
2014-02-10,576.1521247933948,593.0525871206677,576.1521247933948,584.6023559570312,28600,0.0,0
2014-02-12,592.2844169486709,595.3572284503501,584.6023881944728,586.1387939453125,30500,0.0,0
2014-02-13,588.4433405571905,588.4433405571905,573.0792846679688,573.0792846679688,24100,0.0,0
2014-02-14,572.3110311201871,579.2248556572094,562.3243956778214,569.2382202148438,25700,0.0,0
2014-02-17,566.1655056096782,573.8475341796875,554.6424627546645,573.8475341796875,18700,0.0,0
2014-02-18,573.8474807436103,582.2977113837438,570.7746696017435,579.9931030273438,17800,0.0,0
2014-02-19,579.9931895685132,581.5295953686947,573.0793634676965,575.3839721679688,12300,0.0,0
2014-02-20,570.0064668162769,580.7613058128104,569.2382640308102,579.9931030273438,13800,0.0,0
2014-02-21,579.9931709419541,589.2116054469917,579.9931709419541,586.1387939453125,17600,0.0,0
2014-02-24,582.2977331767245,586.9069500620284,579.2249219198552,585.3705444335938,17300,0.0,0
2014-02-25,591.5161562525465,591.5161562525465,585.3705338499226,589.2115478515625,14300,0.0,0
2014-02-26,589.6019595932676,591.9447488366845,583.3545216108224,588.0401000976562,15600,12.5,0
2014-02-27,586.4783234060627,587.2592532641268,554.4601992254388,570.0787963867188,22900,0.0,0
2014-02-28,573.2024996602681,581.0117980207623,569.2978504800211,572.4215698242188,21100,0.0,0
2014-03-03,570.0787836040438,570.0787836040438,556.8029763146346,563.0504150390625,9900,0.0,0
2014-03-04,562.2695475941422,562.2695475941422,552.8983884675732,559.9267578125,15200,0.0,0
2014-03-05,559.9267592677561,563.8314089139748,555.2411796922937,556.8030395507812,10800,0.0,0
2014-03-06,556.8030071232017,562.2695163095444,552.1174278206222,561.4885864257812,18300,0.0,0
2014-03-07,565.3932045607229,566.1741344012764,559.145765836295,563.0504150390625,14500,0.0,0
2014-03-10,561.4884637645337,567.7359014698413,560.7075340513702,564.6121826171875,15100,0.0,0
2014-03-11,566.9550930689585,567.7360229492188,563.8313735479175,567.7360229492188,9400,0.0,0
2014-03-12,566.9550793085073,566.9550793085073,552.8983418049905,563.8313598632812,53000,0.0,0
2014-03-13,559.9267415364584,565.3932508680556,559.9267415364584,562.26953125,7200,0.0,0
2014-03-14,551.336455781581,556.8029645499537,550.5555259575278,552.8983154296875,20400,0.0,0
2014-03-17,552.8983502566643,560.7076489891031,540.4034722847623,541.96533203125,18800,0.0,0
2014-03-18,547.4318411439572,548.212771017201,532.5941735523235,541.96533203125,13100,0.0,0
2014-03-19,547.431904403023,547.431904403023,538.8416748046875,538.8416748046875,4800,0.0,0
2014-03-20,542.7462822488552,546.6509317614368,527.9086141010448,530.2514038085938,14700,0.0,0
2014-03-24,530.251414480926,542.7462931726709,530.251414480926,540.4035034179688,9900,0.0,0
2014-03-25,548.2126924566468,552.117341263318,541.9652543659728,547.4317626953125,12500,0.0,0
2014-03-26,542.7461841273071,548.993622217981,542.7461841273071,547.4317626953125,8600,0.0,0
2014-03-27,547.4318399074085,547.4318399074085,532.5941723492904,545.0890502929688,6400,0.0,0
2014-03-28,546.6508768372616,552.8983154296875,541.9652978929422,552.8983154296875,9400,0.0,0
2014-03-31,559.1458427407947,561.4886325846808,555.2411930009847,560.7077026367188,6700,0.0,0
2014-04-01,561.4886176669281,561.4886176669281,556.8030381036436,559.9267578125,6600,0.0,0
2014-04-02,559.9266956768486,564.6122747201695,559.9266956768486,563.0504150390625,6300,0.0,0
2014-04-03,563.8313598632812,563.8313598632812,559.1457806954423,563.8313598632812,4000,0.0,0
2014-04-04,563.8313448796159,563.8313448796159,556.8029763146346,563.0504150390625,7000,0.0,0
2014-04-07,557.5839531754648,560.7076728010977,551.3365139241992,559.1458129882812,4300,0.0,0
2014-04-08,550.5554350509859,560.7075210873871,548.2126459656625,551.3363647460938,5900,0.0,0
2014-04-09,548.2127385602679,552.8983175223215,545.0890192522321,546.65087890625,4900,0.0,0
2014-04-10,551.3365030519315,556.0220823979819,543.5272041418475,548.9937133789062,5300,0.0,0
2014-04-11,535.7178475578911,545.8699350480553,531.8131985232127,542.7462158203125,7000,0.0,0
2014-04-14,534.9370249872622,541.9653946586277,534.9370249872622,538.8416748046875,4700,0.0,0
2014-04-15,538.8415697134081,540.4034293357658,531.8132014127985,533.3750610351562,7900,0.0,0
2014-04-16,533.3751341538623,540.4035034179688,533.3751341538623,540.4035034179688,3700,0.0,0
2014-04-17,542.746291763481,545.0890815121004,541.1844319310682,543.5272216796875,7400,0.0,0
2014-04-18,546.6510176145534,546.6510176145534,537.2798573125897,544.3082275390625,2100,0.0,0
2014-04-21,543.5271456272482,545.8699350480553,540.4034263995054,542.7462158203125,5200,0.0,0
2014-04-22,541.96533203125,546.6509112707133,541.96533203125,541.96533203125,3600,0.0,0
2014-04-23,545.8700692436912,551.3365792361172,544.3082092458551,549.7747192382812,5300,0.0,0
2014-04-24,549.7747469190141,556.022187224912,547.4319568043024,554.4603271484375,6800,0.0,0
2014-04-25,551.3364707182762,556.0220497895364,550.5555408730662,553.6792602539062,4800,0.0,0
2014-04-28,545.8699023956949,555.2410595183677,535.7178155127992,550.5554809570312,10100,0.0,0
2014-04-30,543.5271595982143,548.2127385602679,543.5271595982143,546.65087890625,5300,0.0,0
2014-05-01,543.5271138886412,548.993622217981,539.62246508197,547.4317626953125,5000,0.0,0
2014-05-02,543.5272792469372,549.7747192382812,543.5272792469372,549.7747192382812,4000,0.0,0
2014-05-07,549.7746610093391,551.336520841752,543.5272216796875,543.5272216796875,7200,0.0,0
2014-05-08,544.3082275390625,547.4319476397171,544.3082275390625,544.3082275390625,2900,0.0,0
2014-05-09,544.3082275390625,546.6510176145534,540.4035774132443,544.3082275390625,3500,0.0,0
2014-05-12,543.5271767620401,546.6508961687184,541.1843872070312,541.1843872070312,2700,0.0,0
2014-05-13,540.4034573553616,542.7462469103705,539.6225275036921,541.1843872070312,3000,0.0,0
2014-05-14,539.6225424115185,544.3081216509817,539.6225424115185,541.96533203125,2500,0.0,0
2014-05-15,545.0891145125679,545.0891145125679,538.0607448412024,538.8416748046875,5100,0.0,0
2014-05-16,535.717849487127,539.622498535867,535.717849487127,536.498779296875,4300,0.0,0
2014-05-19,534.1561427206889,541.1845130196454,534.1561427206889,534.9370727539062,4900,0.0,0
2014-05-20,538.0606851383131,538.8416150151467,535.7178955078125,535.7178955078125,2900,0.0,0
2014-05-21,531.8133526210368,538.8417229199932,531.8133526210368,534.9370727539062,1100,0.0,0
2014-05-22,536.4987483806638,541.1843269691412,536.4987483806638,538.0606079101562,3900,0.0,0
2014-05-23,541.96533203125,542.7462619044938,538.8416125382745,541.96533203125,4600,0.0,0
2014-05-26,539.6225104631696,546.65087890625,539.6225104631696,546.65087890625,9300,0.0,0
2014-05-27,547.4317917884492,553.679230211142,546.6508619856127,552.1173706054688,8600,0.0,0
2014-05-28,557.5838893010066,573.2024856399704,556.8029594840584,568.5169067382812,22100,0.0,0
2014-05-29,566.1741494472008,568.5169390311202,563.0504300019749,563.8313598632812,10500,0.0,0
2014-05-30,564.6122714637246,572.4215698242188,563.0504117916258,572.4215698242188,12400,0.0,0
2014-06-02,575.5453192263234,575.5453192263234,572.4215997189891,573.9834594726562,4400,0.0,0
2014-06-03,570.8596951844262,573.2024846311475,568.516905737705,571.640625,9400,0.0,0
2014-06-04,577.1071789799904,577.1071789799904,571.6406698421556,573.9834594726562,14000,0.0,0
2014-06-05,573.9833675472513,576.3261568025463,569.2977890366615,575.5452270507812,8900,0.0,0
2014-06-06,572.4215698242188,573.9834294963175,571.6406399881694,572.4215698242188,5800,0.0,0
2014-06-09,572.4216146054475,576.3262640911599,572.4216146054475,574.764404296875,5000,0.0,0
2014-06-10,577.8880163060762,577.8880163060762,572.4215080437214,575.5452270507812,5700,0.0,0
2014-06-11,571.640684708305,576.3262640911599,571.640684708305,574.764404296875,4100,0.0,0
2014-06-12,573.9834717781313,582.5737006074639,572.42161199098,581.0118408203125,13200,0.0,0
2014-06-13,584.1354350842928,593.506591796875,583.3545053582443,593.506591796875,29900,0.0,0
2014-06-16,593.5066386848096,593.5066386848096,587.2592003828642,589.6019897460938,11300,0.0,0
2014-06-17,588.0400837145354,595.8493809750206,585.6972945363898,593.506591796875,20300,0.0,0
2014-06-18,592.7258123094045,599.7541816253264,591.1639524614219,598.1923217773438,11100,0.0,0
2014-06-19,599.7542376285347,607.5635375976562,598.9733076316226,607.5635375976562,26700,0.0,0
2014-06-20,606.7825317382812,607.5634616375582,602.8778822418959,606.7825317382812,5800,0.0,0
2014-06-23,607.5634899699673,616.9346491982959,605.2207001628852,611.4681396484375,16800,0.0,0
2014-06-24,612.2488841031758,624.743759288955,612.2488841031758,623.9628295898438,19200,0.0,0
2014-06-25,623.962952811763,623.962952811763,618.4964438384434,620.8392333984375,12100,0.0,0
2014-06-26,622.4011692066289,623.1820991554453,620.0583793601799,621.6202392578125,3500,0.0,0
2014-06-27,623.9629075021455,623.9629075021455,615.3726797392874,618.4963989257812,12900,0.0,0
2014-06-30,618.4964438384434,623.1820229584316,616.9345841317806,620.8392333984375,8300,0.0,0
2014-07-01,622.4011056624835,631.7722640915296,621.6201757933962,627.8676147460938,32900,0.0,0
2014-07-02,627.8675836984337,632.5531626812578,627.8675836984337,629.429443359375,14900,0.0,0
2014-07-03,630.9912869862485,635.6768658500077,629.4294273649954,631.772216796875,17400,0.0,0
2014-07-04,635.6769855177096,638.8007053482635,634.1151256024326,638.019775390625,16700,0.0,0
2014-07-07,636.457915475348,640.3625652635403,633.3341956447941,638.019775390625,17300,0.0,0
2014-07-08,636.4578235891712,645.0480518830128,630.9913146749084,639.58154296875,28900,0.0,0
2014-07-09,638.8005356315263,653.6382008845812,633.3340273804007,645.0479736328125,27200,0.0,0
2014-07-10,652.0763391754223,661.447496145608,649.7335499328759,654.4191284179688,36200,0.0,0
2014-07-11,589.6020983886718,607.5634868164062,567.7360603027344,585.6974487304688,223900,0.0,0
2014-07-14,592.7258948517862,595.0686849500146,584.9165945243582,586.4784545898438,52900,0.0,0
2014-07-15,588.8210298454619,591.9447488366845,583.3545216108224,588.0401000976562,24200,0.0,0
2014-07-16,591.1640347863006,591.1640347863006,586.4784545898438,586.4784545898438,8600,0.0,0
2014-07-17,588.8210941783169,588.8210941783169,577.8880765145285,578.6690063476562,29200,0.0,0
2014-07-18,577.1069795780026,577.8879091850093,570.0786131149416,573.2023315429688,28200,0.0,0
2014-07-22,579.4499383486634,579.4499383486634,569.2978504800211,572.4215698242188,14400,0.0,0
2014-07-23,576.3260499709958,577.8879091850093,573.2023315429688,573.2023315429688,7500,0.0,0
2014-07-24,581.7928800466741,581.7928800466741,574.7645096836941,577.1072998046875,9800,0.0,0
2014-07-25,575.5452870151453,578.6690063476562,574.7643571820175,578.6690063476562,10900,0.0,0
2014-07-28,578.6690793457032,587.25930859375,577.8881494140625,585.6974487304688,17300,0.0,0
2014-07-29,586.4783164107831,591.9448253520288,584.135526864535,588.8211059570312,11200,0.0,0
2014-07-30,586.4782864996727,587.2592163085938,585.6973566907517,587.2592163085938,14100,0.0,0
2014-07-31,587.2591703498506,588.8210298454619,586.4782406020449,588.0401000976562,7500,0.0,0
2014-08-01,581.7928800466741,584.9166002079985,572.4217195627008,577.1072998046875,21000,0.0,0
2014-08-04,577.1070400351141,580.2307587903786,576.326110346298,579.4498291015625,6200,0.0,0
2014-08-05,581.7928800466741,584.9166002079985,577.1072998046875,577.1072998046875,18200,0.0,0
2014-08-06,573.2025181989591,573.9834480602656,562.2695001406684,563.8313598632812,35200,0.0,0
2014-08-07,570.8597286150397,570.8597286150397,562.2695001406684,563.8313598632812,8700,0.0,0
2014-08-08,563.8313448796159,566.9550642418299,558.3648359957416,563.0504150390625,27300,0.0,0
2014-08-11,563.0504300019749,570.0787987537332,558.364850834136,563.8313598632812,23900,0.0,0
2014-08-12,570.0787663721776,573.9834154569186,562.2694682026957,568.5169067382812,16400,0.0,0
2014-08-13,566.9550441432644,581.0117807749156,566.1741143303949,577.8880615234375,21800,0.0,0
2014-08-14,575.545272084829,581.0117807749156,575.545272084829,577.8880615234375,11600,0.0,0
2014-08-15,578.6689753782701,581.7926945436049,576.3261860042691,580.2308349609375,8700,0.0,0
2014-08-18,577.88808807454,591.1638955032794,577.88808807454,588.8211059570312,17100,0.0,0
2014-08-19,594.2876586914062,597.411378316591,588.821149347333,594.2876586914062,30200,0.0,0
2014-08-20,589.6019738833947,596.6303417839915,589.6019738833947,591.9447631835938,7700,0.0,0
2014-08-21,591.9448230973692,595.0685424804688,589.6020335600444,595.0685424804688,23500,0.0,0
2014-08-22,589.6020847806994,591.1639446079331,581.0118557309145,581.7927856445312,28300,0.0,0
2014-08-25,588.040193488799,588.040193488799,580.2308947704882,583.3546142578125,20300,0.0,0
2014-08-26,581.7927076461467,590.3829355442778,581.7927076461467,587.2592163085938,23000,0.0,0
2014-08-27,590.0387084795082,591.6269687984301,576.5384957686715,584.4797973632812,22600,12.5,0
2014-08-28,578.1268182663691,585.2739904702115,576.5385577766262,583.6857299804688,14400,0.0,0
2014-08-29,585.273992304581,586.0681225519414,578.1268200783379,582.8916015625,10500,0.0,0
2014-09-01,578.9209613171253,581.3033521044385,577.3327007922497,578.1268310546875,15200,0.0,0
2014-09-02,575.7443656092105,590.0387084795082,574.9502354497495,584.4797973632812,25800,0.0,0
2014-09-03,586.8621843539603,590.0387049729262,577.3326224970624,586.0680541992188,11700,0.0,0
2014-09-04,583.6857318098604,586.0681225519414,580.509210820419,582.8916015625,17600,0.0,0
2014-09-05,588.4505151433801,588.4505151433801,579.7150823949629,582.0974731445312,13600,0.0,0
2014-09-08,585.2739941439557,585.2739941439557,582.0974731445312,582.0974731445312,1700,0.0,0
2014-09-09,582.0974823668763,582.0974823668763,576.538570529812,578.1268310546875,9200,0.0,0
2014-09-10,578.1268940208047,578.1268940208047,575.7445029740156,577.332763671875,3200,0.0,0
2014-09-11,575.7445029740156,580.5092850675937,574.950372625086,577.332763671875,5200,0.0,0
2014-09-12,574.1561052902886,589.2445783200471,571.7737148119056,584.4797973632812,36500,0.0,0
2014-09-16,580.5091026453275,587.6562735397297,574.9501919496814,576.5384521484375,22000,0.0,0
2014-09-17,575.7443220490594,578.1267123471935,574.9501919496814,576.5384521484375,4800,0.0,0
2014-09-18,575.7443918765169,576.5385220722087,570.1854805066747,572.56787109375,18400,0.0,0
2014-09-19,569.3913520812988,574.1561332702637,569.3913520812988,571.7737426757812,14100,0.0,0
2014-09-22,574.9502634684245,575.7443936665853,562.2441802978516,571.7737426757812,24400,0.0,0
2014-09-24,567.8030412604495,571.7736918986345,564.6265207499016,567.0089111328125,9500,0.0,0
2014-09-25,571.7738589211618,574.15625,565.42081604426,574.15625,14400,0.0,0
2014-09-26,569.391357421875,574.1561386555309,567.0089668050471,569.391357421875,9400,0.0,0
2014-09-29,569.3914165868732,570.185546875,563.8325045699861,570.185546875,9100,0.0,0
2014-09-30,566.2147810051755,570.9795617709975,563.8323906222646,567.0089111328125,8200,0.0,0
2014-10-01,565.4208393767582,568.5973609462905,563.0384481996089,564.626708984375,8200,0.0,0
2014-10-02,587.6563886024068,606.7155147192416,564.6266112112314,580.5092163085938,129300,0.0,0
2014-10-03,578.9208127913937,594.00928390667,578.9208127913937,590.832763671875,19100,0.0,0
2014-10-06,590.8329172234786,606.7155225251851,585.2740053678814,603.5390014648438,33600,0.0,0
2014-10-07,605.9213292125647,606.7154593950189,603.5389386652021,604.3330688476562,18300,0.0,0
2014-10-08,596.391845703125,603.5390182881158,595.5977154159038,596.391845703125,9400,0.0,0
2014-10-09,603.5389176035316,603.5389176035316,586.0680541992188,586.0680541992188,12400,0.0,0
2014-10-10,582.8916761143828,582.8916761143828,575.7445029740156,577.332763671875,7700,0.0,0
2014-10-14,555.891274668161,570.9797521234398,549.5382315290964,564.626708984375,26700,0.0,0
2014-10-15,564.6264763745395,564.6264763745395,548.7438750700517,559.0675659179688,12500,0.0,0
2014-10-16,549.5380894757699,553.5087404112885,547.1556989144588,547.9498291015625,14700,0.0,0
2014-10-17,547.1556481255426,549.5380384657118,540.0084771050348,543.1849975585938,14500,0.0,0
2014-10-20,547.9498133843549,561.4500261778825,547.9498133843549,555.0969848632812,6800,0.0,0
2014-10-21,555.8911185353525,555.8911185353525,551.9204676886714,553.5087280273438,5700,0.0,0
2014-10-22,561.4501323807712,562.2442626953125,555.8912201789813,562.2442626953125,3400,0.0,0
2014-10-23,551.9203953309492,561.4499561136419,551.9203953309492,559.0675659179688,4500,0.0,0
2014-10-24,563.8323991826626,565.4206594620504,555.0969676460298,563.0382690429688,14000,0.0,0
2014-10-27,565.4208393767582,565.4208393767582,555.891274668161,564.626708984375,12900,0.0,0
2014-10-28,562.2441371863996,564.6265275982064,557.4793563627861,563.8323974609375,3400,0.0,0
2014-10-29,563.832513881432,566.2149047851562,562.244253278949,566.2149047851562,5800,0.0,0
2014-10-30,559.8618200527316,562.2442107763602,552.7146478818456,558.2735595703125,20800,0.0,0
2014-10-31,563.0382587993062,567.8030395507812,559.067608173077,567.8030395507812,9000,0.0,0
2014-11-04,575.7445598335423,579.7152119703253,573.3621685514725,578.9210815429688,13500,0.0,0
2014-11-05,572.5678033236799,578.9208441372575,571.7736732219827,575.7443237304688,9800,0.0,0
2014-11-06,576.5384538321659,579.7149742389547,574.1560635270743,575.7443237304688,8100,0.0,0
2014-11-07,574.9501936287716,578.1267140355603,574.1560635270743,575.7443237304688,6700,0.0,0
2014-11-10,575.7443900914074,575.7443900914074,573.3619995117188,573.3619995117188,1800,0.0,0
2014-11-11,573.3621196403873,574.9503803596127,572.5679892807746,574.15625,5900,0.0,0
2014-11-12,574.1561332702637,574.9502634684245,571.7737426757812,571.7737426757812,4000,0.0,0
2014-11-13,571.7737391252598,573.3619995117188,571.7737391252598,573.3619995117188,3900,0.0,0
2014-11-14,573.3620048597227,574.1561350603594,567.8030934552655,570.9796142578125,9200,0.0,0
2014-11-17,565.4206769995083,567.0089373281586,542.3909022340788,555.0969848632812,19000,0.0,0
2014-11-18,563.0383930098538,564.6266536389367,558.2736111226055,562.2442626953125,5900,0.0,0
2014-11-19,563.0381532060339,563.832283182347,559.8616333007812,559.8616333007812,5300,0.0,0
2014-11-20,559.8616333007812,563.0381532060339,559.8616333007812,559.8616333007812,3800,0.0,0
2014-11-21,558.2733733481549,561.4498932534076,557.4792433718418,559.8616333007812,5800,0.0,0
2014-11-25,562.2442626953125,564.6266536389367,558.2736111226055,562.2442626953125,7000,0.0,0
2014-11-26,563.8325233243953,564.6266536389367,562.2442626953125,562.2442626953125,6600,0.0,0
2014-11-27,562.2442626953125,563.8325233243953,561.4501323807712,562.2442626953125,3000,0.0,0
2014-11-28,562.2441303669906,567.0089111328125,562.2441303669906,567.0089111328125,2700,0.0,0
2014-12-01,563.8323906222646,570.1854316433605,563.0382604946276,567.0089111328125,7900,0.0,0
2014-12-02,564.6265190497979,567.8030395507812,563.8323889245521,567.8030395507812,5800,0.0,0
2014-12-03,568.5971713880865,569.3913015157235,565.4206508775385,567.0089111328125,7300,0.0,0
2014-12-04,570.1854299265189,570.1854299265189,566.2147793002896,567.8030395507812,6700,0.0,0
2014-12-05,562.2441855713912,569.391357421875,562.2441855713912,569.391357421875,10700,0.0,0
2014-12-08,568.5971528151939,578.9208441372575,568.5971528151939,575.7443237304688,11200,0.0,0
2014-12-09,575.7443918765169,575.7443918765169,569.391350310983,572.56787109375,3600,0.0,0
2014-12-10,568.5971696760272,571.7736901770105,567.8030395507812,567.8030395507812,7000,0.0,0
2014-12-11,570.1854966410091,570.1854966410091,563.8324548957054,565.4207153320312,12200,0.0,0
2014-12-12,566.2148455501942,568.5972362046831,565.4207153320312,565.4207153320312,11900,0.0,0
2014-12-15,567.8030412604495,573.3619521539084,567.0089111328125,567.0089111328125,7400,0.0,0
2014-12-16,566.2147810051755,567.8030412604495,565.4206508775385,567.0089111328125,5900,0.0,0
2014-12-17,564.6265207499016,569.3913015157235,563.8323906222646,567.0089111328125,14000,0.0,0
2014-12-18,571.7736918986345,574.1560822815454,567.0089111328125,567.0089111328125,9200,0.0,0
2014-12-19,567.009025722493,570.9796771631267,567.009025722493,570.185546875,9600,0.0,0
2014-12-22,570.9796142578125,574.1561350603594,567.0089632546288,570.9796142578125,14900,0.0,0
2014-12-24,571.7737408980582,573.3620012894417,570.9796107023665,572.56787109375,7100,0.0,0
2014-12-25,569.3913450293778,575.7443865359817,569.3913450293778,574.9502563476562,13900,0.0,0
2014-12-26,577.3326934647691,582.89160523128,575.7444329600517,581.3033447265625,8000,0.0,0
2014-12-29,583.6856672038203,587.6563180011252,581.3032767254374,584.4797973632812,9600,0.0,0
2014-12-30,586.8622509599543,586.8622509599543,582.8915997355974,583.6857299804688,5500,0.0,0
2015-01-05,584.4797297297297,594.803420608108,579.7149493243243,587.65625,17000,0.0,0
2015-01-06,590.0387682558885,590.0387682558885,585.2739868164062,585.2739868164062,8900,0.0,0
2015-01-07,584.4798565764925,587.6563775361474,584.4798565764925,585.2739868164062,2600,0.0,0
2015-01-08,589.2445696008351,590.8328298962551,584.479788714575,588.450439453125,6000,0.0,0
2015-01-09,586.8622310525931,592.421142578125,586.8622310525931,592.421142578125,11900,0.0,0
2015-01-13,583.6856637349943,587.6563145087017,583.6856637349943,586.0680541992188,12700,0.0,0
2015-01-14,586.0681225519414,586.0681225519414,582.8916015625,582.8916015625,3500,0.0,0
2015-01-15,582.8915997355974,585.2739904702115,582.8915997355974,583.6857299804688,5700,0.0,0
2015-01-16,583.6857428917518,583.6857428917518,572.5679192176233,578.1268310546875,7500,0.0,0
2015-01-19,578.1268218952507,587.656384893524,578.1268218952507,582.0974731445312,5300,0.0,0
2015-01-20,579.7150751370102,587.6563775361474,579.7150751370102,585.2739868164062,7500,0.0,0
2015-01-21,583.6857227124123,586.8622436523438,583.6857227124123,586.8622436523438,3200,0.0,0
2015-01-22,586.8622509599543,586.8622509599543,582.097469490726,583.6857299804688,6400,0.0,0
2015-01-23,586.0681134173609,586.8622436523438,583.6857227124123,586.8622436523438,4400,0.0,0
2015-01-26,587.6563145087017,587.6563145087017,584.4797938897358,586.0680541992188,4000,0.0,0
2015-01-27,586.8622436523438,586.8622436523438,583.6857227124123,586.8622436523438,4300,0.0,0
2015-01-28,587.656307580336,589.2445678710938,584.4797869988207,589.2445678710938,9200,0.0,0
2015-01-29,589.2445748181847,589.2445748181847,583.6856637349943,586.0680541992188,12700,0.0,0
2015-01-30,587.6563738873266,587.6563738873266,586.0681134173609,586.8622436523438,4700,0.0,0
2015-02-02,587.65624343708,591.6268937305738,586.0679833196824,590.832763671875,9900,0.0,0
2015-02-03,589.2445783200471,597.185879914657,584.4797973632812,584.4797973632812,12700,0.0,0
2015-02-04,585.2739171441996,590.0386980164726,584.4797869988207,589.2445678710938,6400,0.0,0
2015-02-05,586.0679898648648,590.0386402027027,586.0679898648648,587.65625,6500,0.0,0
2015-02-06,587.65625,590.0386402027027,586.0679898648648,587.65625,7900,0.0,0
2015-02-09,591.6270639797978,596.391845703125,587.6564125436918,596.391845703125,15000,0.0,0
2015-02-10,596.3917793253689,600.3624303195458,594.0093887288627,598.774169921875,14400,0.0,0
2015-02-12,597.1859648489101,602.7448767557484,597.1859648489101,601.1566162109375,13600,0.0,0
2015-02-13,602.7448191257503,602.7448191257503,594.803517160984,599.5682983398438,12500,0.0,0
2015-02-16,601.9507464833429,601.9507464833429,590.8329226696665,601.1566162109375,13800,0.0,0
2015-02-17,601.1566162109375,601.9507464833429,597.9800951213156,601.1566162109375,8400,0.0,0
2015-02-18,601.950742779356,602.744873046875,601.1566125118371,602.744873046875,9200,0.0,0
2015-02-19,598.7742198743318,603.5390014648438,598.7742198743318,603.5390014648438,17600,0.0,0
2015-02-20,598.7742217092803,604.3331335819129,598.7742217092803,602.744873046875,15400,0.0,0
2015-02-23,602.7448767557484,603.5390070281538,597.1859648489101,601.1566162109375,10100,0.0,0
2015-02-24,599.5682983398438,601.156558732797,596.3917775539373,599.5682983398438,13300,0.0,0
2015-02-25,587.8594748757101,609.6619553999467,587.8594748757101,604.0094604492188,20200,12.5,0
2015-02-26,607.2394575639204,607.2394575639204,597.5494662198153,604.0094604492188,5300,0.0,0
2015-02-27,604.0094983587406,604.0094983587406,592.7045077477482,596.7420043945312,10300,0.0,0
2015-03-02,600.7795325067025,603.2020306216489,595.9345362768097,602.39453125,9700,0.0,0
2015-03-03,603.2019570201675,605.6244548395256,601.5869584739287,604.8169555664062,15500,0.0,0
2015-03-04,604.0095868500042,605.6245857453251,598.3570907163812,603.2020874023438,5300,0.0,0
2015-03-05,600.7794592008094,606.4319541126449,600.7794592008094,604.8169555664062,5700,0.0,0
2015-03-06,605.6245287365953,606.432028108244,597.5495350201073,602.39453125,14100,0.0,0
2015-03-09,606.4319134784001,606.4319134784001,597.5494220692625,600.7794189453125,8600,0.0,0
2015-03-10,604.8170862976647,604.8170862976647,602.3945879546834,603.2020874023438,5200,0.0,0
2015-03-11,604.8170733235677,607.2395716145834,604.8170733235677,605.6245727539062,9400,0.0,0
2015-03-12,605.6245727539062,607.2395716145834,603.2020744628907,605.6245727539062,10400,0.0,0
2015-03-13,608.0469526588837,608.0469526588837,603.2019570201675,604.8169555664062,17200,0.0,0
2015-03-16,607.2394533857644,610.4694504782418,604.0094562932868,604.8169555664062,13500,0.0,0
2015-03-17,608.8545006285323,608.8545006285323,601.5870065891996,607.239501953125,7500,0.0,0
2015-03-18,609.6621342085946,728.3645629882812,609.6621342085946,728.3645629882812,380200,0.0,0
2015-03-19,801.0393902972028,831.7243669416521,691.2194738854895,692.83447265625,667300,0.0,0
2015-03-20,686.3745598070549,686.3745598070549,650.8445825935132,666.1870727539062,141000,0.0,0
2015-03-23,662.1495537815324,686.3745374564666,654.0745592232211,670.2245483398438,71300,0.0,0
2015-03-24,666.1869658856587,667.8019645908361,629.8494950191682,651.6519775390625,93100,0.0,0
2015-03-25,654.0745589312385,659.7270551195331,652.4595600202972,658.9195556640625,24200,0.0,0
2015-03-26,651.6519458770751,660.5344383239747,640.3469554901124,645.9994506835938,41300,0.0,0
2015-03-27,645.9994803160466,649.2294777176269,633.8869900601208,640.3469848632812,32700,0.0,0
2015-03-30,634.6945020458367,639.5394982446599,627.4270077476019,637.9244995117188,17800,0.0,0
2015-03-31,637.9244910346137,645.1919852362738,636.3094923231337,639.5394897460938,13600,0.0,0
2015-04-01,637.9244510403431,639.5394496505718,635.501953125,635.501953125,16600,0.0,0
2015-04-02,635.5020099000883,637.9245080318548,630.6570136365552,636.3095092773438,16500,0.0,0
2015-04-03,635.5020291182796,661.3420099718818,635.5020291182796,655.6895141601562,28400,0.0,0
2015-04-06,658.1120080701539,666.9945014306101,653.2670116917234,656.4970092773438,29900,0.0,0
2015-04-07,658.1119448896768,684.759422412817,658.1119448896768,668.6094360351562,57200,0.0,0
2015-04-08,685.5670780021986,686.3745775051459,670.2245874462013,674.2620849609375,53400,0.0,0
2015-04-09,646.8070207417305,666.1870063819322,639.5395261266549,655.6895141601562,63600,0.0,0
2015-04-10,661.3419740738408,661.3419740738408,645.9994862748139,650.844482421875,23500,0.0,0
2015-04-13,647.6144367374786,662.1494240956764,641.1544423560574,648.4219360351562,16600,0.0,0
2015-04-14,643.5769923997963,658.1119809358016,643.5769923997963,650.0369873046875,17800,0.0,0
2015-04-15,648.4219801287078,656.4969736545945,645.9994820709418,651.6519775390625,18200,0.0,0
2015-04-16,649.2294794812965,652.4594768916512,645.1919827183531,651.6519775390625,8100,0.0,0
2015-04-17,647.6144807761191,657.3044730071832,644.3844833657644,651.6519775390625,13900,0.0,0
2015-04-20,650.8444339281892,657.3044283096104,647.6144367374786,648.4219360351562,9200,0.0,0
2015-04-21,648.4219759195157,654.8819706982905,647.6144765721689,652.45947265625,12700,0.0,0
2015-04-22,646.806937439801,653.2669318212222,646.806937439801,648.4219360351562,9900,0.0,0
2015-04-23,650.0368775631721,657.3043706042511,647.6143798828125,647.6143798828125,15900,0.0,0
2015-04-24,651.652112818476,654.8821108993607,645.9996161769278,649.2296142578125,13300,0.0,0
2015-04-27,645.1919827183531,654.8819749494172,645.1919827183531,651.6519775390625,12300,0.0,0
2015-04-28,648.4219111382446,658.111902338318,648.4219111382446,653.2669067382812,25300,0.0,0
2015-04-30,654.0743977162165,656.4968954855358,650.0369014340175,654.8818969726562,18600,0.0,0
2015-05-01,654.0743977162165,658.1118939984153,645.9994051518187,654.8818969726562,23000,0.0,0
2015-05-07,658.1119723597719,660.5344704175379,651.6519775390625,651.6519775390625,10900,0.0,0
2015-05-08,726.7494720162697,726.7494720162697,658.1120218813998,665.3795166015625,92300,0.0,0
2015-05-11,667.8020717181581,670.224570164536,662.9570748254024,666.1870727539062,16600,0.0,0
2015-05-12,666.1870160149139,667.8020148416167,663.7645177748597,665.3795166015625,6600,0.0,0
2015-05-13,667.8019513208619,678.2994426959177,666.1869526477764,677.491943359375,20500,0.0,0
2015-05-14,673.4544562599876,798.6168552051892,668.6094601717863,710.5994262695312,424800,0.0,0
2015-05-15,713.0219660963967,713.8294654917494,670.2244981427059,691.219482421875,81900,0.0,0
2015-05-18,697.6795173671603,700.909515132749,687.182024628997,695.2570190429688,26100,0.0,0
2015-05-19,702.5245231287586,704.947021484375,686.3745340913159,704.947021484375,38000,0.0,0
2015-05-20,706.561978445404,726.7494635438441,702.524481425716,724.3269653320312,54600,0.0,0
2015-05-21,718.6744257637529,728.3644180212416,711.4069315706362,721.096923828125,27800,0.0,0
2015-05-22,718.6744728001878,719.4819722078284,711.4069781314219,712.2144775390625,17700,0.0,0
2015-05-25,713.021888296446,713.021888296446,683.9519132356622,705.75439453125,37600,0.0,0
2015-05-26,703.3319830828548,704.1394824893792,699.2944860502322,700.9094848632812,6600,0.0,0
2015-05-27,692.8345121204646,700.909506434223,692.8345121204646,696.8720092773438,8000,0.0,0
2015-05-28,699.294481775703,704.9469775868231,695.2569847677602,701.7169799804688,8100,0.0,0
2015-05-29,696.8720306830384,699.2945290515772,681.529541015625,681.529541015625,49400,0.0,0
2015-06-01,705.7544780312146,713.8294720590317,698.4869834061792,713.02197265625,28800,0.0,0
2015-06-02,713.021924313632,714.6369230096991,706.5619295293635,710.5994262695312,22800,0.0,0
2015-06-03,710.5994787237812,713.8294763543439,707.3694810932186,712.2144775390625,12200,0.0,0
2015-06-04,714.6370195858096,719.4820163287643,712.2145212143324,715.4445190429688,22900,0.0,0
2015-06-05,713.8293415651483,715.4443400754766,711.4068437996557,714.6368408203125,6500,0.0,0
2015-06-08,713.0219555911781,719.4819506588218,713.0219555911781,716.251953125,27000,0.0,0
2015-06-09,720.2894261537865,733.2094158605809,716.2519293704132,732.4019165039062,44000,0.0,0
2015-06-10,734.8245580529654,763.8945405693464,732.4020595099336,750.9745483398438,98800,0.0,0
2015-06-11,758.2418823242188,764.7018770618054,755.0118849554256,758.2418823242188,50700,0.0,0
2015-06-12,765.5093918592223,766.3168912177237,742.8994098211862,743.7069091796875,45800,0.0,0
2015-06-15,743.7070492969399,743.7070492969399,723.5195615310078,729.1720581054688,30900,0.0,0
2015-06-16,724.3269212472879,725.1344206020786,694.4494451200309,721.096923828125,37100,0.0,0
2015-06-17,721.0970590655724,725.1345565967346,716.2520620281776,718.674560546875,15800,0.0,0
2015-06-18,722.7119337804786,722.7119337804786,697.6794533925514,707.3694458007812,28900,0.0,0
2015-06-19,707.369476836778,713.02197265625,701.716981017306,713.02197265625,11500,0.0,0
2015-06-22,708.984375,714.6368700170843,708.1768757118451,708.984375,9800,0.0,0
2015-06-23,710.5994094227235,715.4444053960602,708.1769114360551,713.8294067382812,17900,0.0,0
2015-06-24,714.6369164330619,726.7494065420968,713.8294170924595,723.5194091796875,18100,0.0,0
2015-06-25,721.096945135443,721.9044445140942,716.2519488635363,717.0594482421875,9100,0.0,0
2015-06-26,711.4070217571733,718.6745168716052,711.4070217571733,715.4445190429688,8600,0.0,0
2015-06-29,713.8293960991256,714.6368954159798,701.7169063463124,704.139404296875,25200,0.0,0
2015-06-30,712.2144420048962,712.2144420048962,704.1394483313713,707.3694458007812,10800,0.0,0
2015-07-01,712.2145212143324,717.059517957287,708.1770239285369,715.4445190429688,14900,0.0,0
2015-07-02,718.6744342294472,721.0969323223555,716.251936136539,719.48193359375,7300,0.0,0
2015-07-03,719.4819678785036,720.2894672812853,710.5994744479049,713.02197265625,23200,0.0,0
2015-07-06,705.7544769884116,705.7544769884116,693.6419859645831,701.7169799804688,28400,0.0,0
2015-07-07,696.8719878306587,706.5619807089529,696.8719878306587,700.9094848632812,16200,0.0,0
2015-07-08,699.2945287497647,699.2945287497647,670.2245483398438,670.2245483398438,35300,0.0,0
2015-07-09,671.0320933395842,742.8995497863026,671.0320933395842,729.1720581054688,187400,0.0,0
2015-07-10,738.8619685908246,753.3969581368736,712.2144877564015,733.20947265625,81100,0.0,0
2015-07-13,742.8994526533343,745.3219508685081,733.2094597926385,735.6319580078125,38000,0.0,0
2015-07-14,741.2844195775809,745.3219164162388,734.8244246357283,742.0919189453125,26400,0.0,0
2015-07-15,738.8618732435735,742.899369818675,735.6318759834924,739.6693725585938,21200,0.0,0
2015-07-16,739.6693979116586,739.6693979116586,730.7869051419772,734.8244018554688,12100,0.0,0
2015-07-17,733.2094158605809,733.2094158605809,728.364419720533,732.4019165039062,5500,0.0,0
2015-07-21,732.4021354564968,732.4021354564968,723.5196398776418,725.942138671875,11300,0.0,0
2015-07-22,718.6744427332326,721.9044402286629,702.5244552560813,717.866943359375,19500,0.0,0
2015-07-23,717.8670692866763,730.7870615348055,717.8670692866763,728.3645629882812,13300,0.0,0
2015-07-24,730.7870090060765,733.2095073784723,726.74951171875,726.74951171875,15700,0.0,0
2015-07-27,730.7870090060765,730.7870090060765,723.5195138888889,726.74951171875,8200,0.0,0
2015-07-28,719.4820600531075,728.3645546216643,711.407064990783,718.674560546875,11200,0.0,0
2015-07-29,718.674560546875,726.7495556091994,718.674560546875,718.674560546875,8500,0.0,0
2015-07-30,726.7494851698254,726.7494851698254,719.4819903181273,720.2894897460938,8900,0.0,0
2015-07-31,720.2894329580528,721.9044316866583,717.0594355008418,719.48193359375,9000,0.0,0
2015-08-03,720.2895634884586,734.8245546799297,718.674564467184,729.1720581054688,15200,0.0,0
2015-08-04,734.017015622825,734.8245150899569,721.097024148716,725.134521484375,11600,0.0,0
2015-08-05,725.1344120984637,733.209405551676,718.6744173358938,722.7119140625,29300,0.0,0
2015-08-06,729.9794311523436,729.9794311523436,724.3269355571375,729.9794311523438,12100,0.0,0
2015-08-07,726.7494851698254,727.5569845977919,719.4819903181273,720.2894897460938,20300,0.0,0
2015-08-10,719.4819124766758,726.7494065420968,717.0594144548688,723.5194091796875,10600,0.0,0
2015-08-11,725.9419641399064,730.786960563532,721.9044671202184,724.3269653320312,14600,0.0,0
2015-08-12,725.9419414073496,725.9419414073496,712.2144519702808,717.0594482421875,17900,0.0,0
2015-08-13,712.2145212143324,724.327013071719,712.2145212143324,715.4445190429688,12400,0.0,0
2015-08-14,715.4444053960602,718.6744027116181,713.0219074093918,713.8294067382812,8500,0.0,0
2015-08-17,718.6744512753663,719.4819506588218,713.0219555911781,716.251953125,9500,0.0,0
2015-08-18,718.6744427332326,719.4819421070902,715.4444452378024,717.866943359375,7100,0.0,0
2015-08-19,717.0594439855175,725.1344377240931,717.0594439855175,717.866943359375,11600,0.0,0
2015-08-20,713.8293415651483,720.2893356064618,712.2143430548199,714.6368408203125,13100,0.0,0
2015-08-21,710.5993624151993,711.4068616906711,696.8718747321783,699.2943725585938,23500,0.0,0
2015-08-24,662.1494240956764,672.6469149654858,648.4219360351562,648.4219360351562,31900,0.0,0
2015-08-25,612.084460144444,644.3844316560242,597.5494729642329,614.5069580078125,39000,0.0,0
2015-08-26,618.5445229777225,641.1545055408768,616.1220248459559,636.3095092773438,24100,0.0,0
2015-08-27,645.7454324569504,648.2069779428092,627.6940988939862,635.0787353515625,24000,12.5,0
2015-08-28,649.8479419530264,651.4889721094735,637.5402157796736,650.66845703125,12500,0.0,0
2015-08-31,654.7710914322092,654.7710914322092,637.5402732366248,648.2069702148438,14100,0.0,0
2015-09-01,641.6428622012107,641.6428622012107,618.6684374676636,619.4889526367188,11500,0.0,0
2015-09-02,609.6427367502434,614.5658274911606,597.3350098979505,605.5401611328125,9500,0.0,0
2015-09-03,608.8221994482952,612.1042598226796,603.8991088867188,603.8991088867188,6800,0.0,0
2015-09-04,606.3606784756623,608.8222238551305,580.1041944280016,587.4888305664062,16400,0.0,0
2015-09-07,582.5657101894947,583.3862252742687,574.3605593417553,578.463134765625,15600,0.0,0
2015-09-08,578.4631838591202,584.2067899399909,562.0528807709183,566.1554565429688,14300,0.0,0
2015-09-09,581.7452013596245,606.360654167507,581.7452013596245,603.8991088867188,10600,0.0,0
2015-09-10,587.4888354695074,598.1555322028923,583.3862598028209,592.4119262695312,4500,0.0,0
2015-09-11,604.7196435214711,612.9247947225765,603.07861328125,603.07861328125,13500,0.0,0
2015-09-14,604.7196435214711,604.7196435214711,602.2580981611394,603.07861328125,3000,0.0,0
2015-09-15,603.8993082347394,607.1813696925369,591.5915777679987,598.1557006835938,5100,0.0,0
2015-09-16,608.8223341734742,608.8223341734742,586.6684217439813,593.2325439453125,5000,0.0,0
2015-09-17,593.2325263987545,599.7966484059331,590.7709806460626,596.5145874023438,5200,0.0,0
2015-09-18,608.0018850569862,608.0018850569862,593.2326084968975,598.1557006835938,2900,0.0,0
2015-09-24,586.6684177031576,592.4120245897619,585.8479024336427,588.3094482421875,9400,0.0,0
2015-09-25,588.3093481581135,591.591408677824,576.0016212091989,589.9503784179688,7700,0.0,0
2015-09-28,602.2580906050921,602.2580906050921,591.5913941774814,595.6939697265625,3700,0.0,0
2015-09-29,588.3092218668386,588.3092218668386,567.7963480221092,569.4373779296875,16400,0.0,0
2015-09-30,584.2067600597035,586.6683053970337,574.3605787103827,577.6426391601562,2900,0.0,0
2015-10-01,585.8478227095171,585.8478227095171,566.9759740788184,568.6170043945312,23600,0.0,0
2015-10-02,566.1553181145308,574.3604676524226,566.1553181145308,569.4373779296875,10000,0.0,0
2015-10-05,572.7196520789195,586.6684115135064,571.8991368180615,580.9248046875,26300,0.0,0
2015-10-06,588.3093652685205,588.3093652685205,585.0273046533545,586.6683349609375,15800,0.0,0
2015-10-07,589.1298372019892,605.540139073911,589.1298372019892,603.8991088867188,18800,0.0,0
2015-10-08,611.2837381565824,617.02734375,605.5401325631649,617.02734375,12800,0.0,0
2015-10-09,617.0274359945687,657.2326811591084,617.0274359945687,651.4890747070312,30400,0.0,0
2015-10-13,644.1044507707869,651.4890877859933,625.2326006208148,643.283935546875,31300,0.0,0
2015-10-14,632.6172091504852,724.5149100906335,631.7966939635196,677.7455444335938,82400,0.0,0
2015-10-15,682.6685280744804,710.5660400390625,676.9249226700076,710.5660400390625,53600,0.0,0
2015-10-16,705.6430903244474,709.7456664309849,664.6173292590726,686.771240234375,50400,0.0,0
2015-10-19,697.4378764335745,697.4378764335745,657.2326341450507,666.25830078125,27300,0.0,0
2015-10-20,665.4377535482995,665.4377535482995,637.5402398360403,654.7710571289062,23100,0.0,0
2015-10-21,654.7710528706396,672.8223851552938,640.822296105225,670.36083984375,14400,0.0,0
2015-10-22,670.3610339136181,704.8226782518947,667.0789725480679,685.1303100585938,32400,0.0,0
2015-10-23,697.4379182146387,697.4379182146387,669.5404014860532,687.5917358398438,10400,0.0,0
2015-10-26,688.4122118995303,694.1558179582869,679.3865452357701,689.2327270507812,5200,0.0,0
2015-10-27,689.2327371618047,689.2327371618047,676.9250097124868,678.5660400390625,5300,0.0,0
2015-10-28,678.565993443931,678.565993443931,664.6172366258575,672.8223876953125,10100,0.0,0
2015-10-29,672.8225274179496,672.8225274179496,660.5147982578652,669.5404663085938,8200,0.0,0
2015-10-30,672.8224291784029,676.1044898085414,664.6172776030566,673.6429443359375,6500,0.0,0
2015-11-02,668.7197902091849,672.8223656092413,666.2582449691511,671.1813354492188,6500,0.0,0
2015-11-04,671.1814968632717,675.2840732499665,668.7199510312548,669.5404663085938,6600,0.0,0
2015-11-05,669.5403565058933,671.1813867914469,649.8479930792494,661.335205078125,13500,0.0,0
2015-11-06,672.0019486205604,672.0019486205604,660.5147358236277,667.078857421875,4300,0.0,0
2015-11-09,669.540431346708,676.1045532226562,663.7968247052535,676.1045532226562,7100,0.0,0
2015-11-10,676.1044481230946,676.1044481230946,667.8992970536395,672.8223876953125,2600,0.0,0
2015-11-11,672.8225334398675,681.0276862866951,664.6173805930398,676.9251098632812,15400,0.0,0
2015-11-12,678.5660470478842,685.95068359375,673.6429560173071,685.95068359375,6900,0.0,0
2015-11-13,689.232717320539,689.232717320539,675.2839599461947,679.3865356445312,13600,0.0,0
2015-11-16,676.9250398192457,676.9250398192457,662.9762814229704,667.078857421875,8900,0.0,0
2015-11-17,676.1045885273055,680.2071649140003,667.8994357539159,669.5404663085938,6900,0.0,0
2015-11-18,672.0017918669089,672.0017918669089,644.9247965902202,655.5914916992188,24600,0.0,0
2015-11-19,655.5916551971435,664.6173225402831,653.9506247711181,656.4121704101562,8300,0.0,0
2015-11-20,661.3352554563492,675.2840139461233,661.3352554563492,672.001953125,6900,0.0,0
2015-11-24,666.2581815567485,668.7197265625,662.9761215490797,668.7197265625,7700,0.0,0
2015-11-25,669.5403961637127,669.5403961637127,658.8736986758104,659.6942138671875,7700,0.0,0
2015-11-26,659.6941553278926,663.7967309207278,659.6941553278926,662.1557006835938,4000,0.0,0
2015-11-27,659.6941228917086,663.7966982828262,640.0017610143442,650.66845703125,8100,0.0,0
2015-11-30,658.053209577288,664.6173313685827,639.1813594273159,643.283935546875,19200,0.0,0
2015-12-01,635.8992985316686,645.7454812186105,630.9762071881976,643.283935546875,11800,0.0,0
2015-12-02,642.4634203229632,647.3865116664342,640.8223898751396,643.283935546875,9400,0.0,0
2015-12-03,643.2838987246514,647.386474609375,642.4633835477067,647.386474609375,4300,0.0,0
2015-12-04,641.6429050990514,645.7454812186105,641.6429050990514,643.283935546875,6500,0.0,0
2015-12-07,640.8223554823134,649.8480224609375,640.8223554823134,649.8480224609375,6500,0.0,0
2015-12-08,646.5659571057968,649.8480178017653,641.642866061844,644.9249267578125,6400,0.0,0
2015-12-09,651.4890702145959,651.4890702145959,641.6428877932166,646.5659790039062,4500,0.0,0
2015-12-10,640.8223832850302,651.4890810861895,635.0787767767137,635.8992919921875,11600,0.0,0
2015-12-11,656.4121391937023,656.4121391937023,641.642866061844,644.9249267578125,11400,0.0,0
2015-12-14,631.7966964564372,640.0018483584689,631.7966964564372,636.7197875976562,5000,0.0,0
2015-12-15,639.1813087710766,639.1813087710766,632.6171875,632.6171875,5000,0.0,0
2015-12-16,648.207026890346,649.8480573381697,640.0018746512277,643.283935546875,7900,0.0,0
2015-12-17,643.2838161134054,649.0274216144179,635.0786653976731,645.745361328125,14200,0.0,0
2015-12-18,638.3608615973056,644.1044683211888,631.7967396271534,640.0018920898438,11000,0.0,0
2015-12-21,633.437744140625,637.5403202037119,632.6172289280075,633.437744140625,8500,0.0,0
2015-12-22,640.0017793299788,640.0017793299788,629.3350830078125,629.3350830078125,10900,0.0,0
2015-12-24,626.0530763490219,626.0530763490219,620.309470143985,621.9505004882812,10400,0.0,0
2015-12-25,621.9505004882812,621.9505004882812,621.9505004882812,621.9505004882812,0,0.0,0
2015-12-28,617.0274505414196,629.3351789431766,615.386420087852,622.7710571289062,5500,0.0,0
2015-12-29,635.0787526316457,635.0787526316457,621.9505096831879,631.7966918945312,3300,0.0,0
2015-12-30,637.5403027878594,640.0018483584689,628.5146356956246,636.7197875976562,2900,0.0,0
2016-01-04,631.796669960022,641.6428518295288,630.1556396484375,630.1556396484375,4500,0.0,0
2016-01-05,619.4890259894486,637.5403618460948,618.6685107232374,634.25830078125,4700,0.0,0
2016-01-06,632.6172222172448,635.0787678289852,618.6684637507168,626.0531005859375,5500,0.0,0
2016-01-07,635.078765547903,635.078765547903,623.591552734375,623.591552734375,2000,0.0,0
2016-01-08,623.59154820126,630.1556697612733,617.0274266412467,618.66845703125,2300,0.0,0
2016-01-12,607.1811832081188,608.0016983205622,577.6426391601562,577.6426391601562,21300,0.0,0
2016-01-13,606.360654167507,609.6427145418913,591.5913824827775,603.8991088867188,16900,0.0,0
2016-01-14,590.770910729895,594.8734864988527,584.2067894995629,586.6683349609375,9700,0.0,0
2016-01-15,589.950373452977,594.0529490680882,582.565737345777,585.0272827148438,6300,0.0,0
2016-01-18,575.1811156880755,583.3862671244245,574.3606005444406,579.28369140625,9200,0.0,0
2016-01-19,589.9503459524601,589.9503459524601,577.6426196808511,578.463134765625,5600,0.0,0
2016-01-20,579.2837251122318,579.2837251122318,548.104147839902,549.7451782226562,19100,0.0,0
2016-01-21,550.565639204206,574.3605774112433,536.6168823242188,536.6168823242188,15200,0.0,0
2016-01-22,542.3604320179332,562.8733076615766,542.3604320179332,559.5912475585938,5900,0.0,0
2016-01-25,572.7194377448442,576.8220125137901,559.5911984842174,569.4373779296875,8400,0.0,0
2016-01-26,577.6427288027656,577.6427288027656,562.0529392470092,563.6939697265625,5500,0.0,0
2016-01-27,571.0785741068231,574.360634877552,569.4375437214587,572.7196044921875,1600,0.0,0
2016-01-28,567.7963480221092,578.4630424213684,566.97583306832,569.4373779296875,16500,0.0,0
2016-01-29,580.104248046875,582.5657936538631,564.5144592026166,580.104248046875,13900,0.0,0
2016-02-01,585.8479702168531,602.2582775058406,585.8479702168531,598.1557006835938,11000,0.0,0
2016-02-02,594.8735703983067,596.5146009373365,584.206871894613,588.3094482421875,4600,0.0,0
2016-02-03,580.9247216935198,594.8734791353133,574.3606005444406,579.28369140625,13700,0.0,0
2016-02-04,584.2068615340099,585.0273767889735,576.001708984375,576.001708984375,4200,0.0,0
2016-02-05,576.0016606501762,576.0016606501762,566.1554784168399,567.7965087890625,8800,0.0,0
2016-02-08,561.2323873001717,571.8990847196194,557.9503265557262,567.7965087890625,6700,0.0,0
2016-02-09,560.4119317174499,568.617084451234,542.360595703125,542.360595703125,20100,0.0,0
2016-02-10,544.0015501833248,553.0272169284477,533.3348531209066,548.1041259765625,23000,0.0,0
2016-02-12,541.5400657653809,544.0016115188599,525.1297607421875,525.1297607421875,19000,0.0,0
2016-02-15,537.4375020406891,552.2067769059295,535.7964715001068,539.8990478515625,6100,0.0,0
2016-02-16,538.2579125453938,553.0271845359686,529.2322463289313,536.6168823242188,9600,0.0,0
2016-02-17,541.5398649891396,554.6681041403915,537.4372902543734,548.9244995117188,14900,0.0,0
2016-02-18,555.488672429865,569.4374278675426,555.488672429865,559.5912475585938,5600,0.0,0
2016-02-19,557.9503763443962,562.0529526410462,547.2836779731063,555.4888305664062,22000,0.0,0
2016-02-22,555.4887641819043,573.5400977299131,555.4887641819043,571.0785522460938,8900,0.0,0
2016-02-23,569.4374977836395,591.5914061988532,569.4374977836395,587.4888305664062,19000,0.0,0
2016-02-24,590.77086989386,643.2838361066475,590.77086989386,606.3606567382812,39200,0.0,0
2016-02-25,613.4550138640635,616.7935445517592,599.2662584413573,600.1008911132812,9500,12.5,0
2016-02-26,588.4160497205012,605.1087036132812,588.4160497205012,605.1087036132812,2900,0.0,0
2016-02-29,605.1087076013738,605.1087076013738,587.5814208984375,587.5814208984375,4600,0.0,0
2016-03-01,585.0775842559472,600.1009744365564,585.0775842559472,594.258544921875,1600,0.0,0
2016-03-02,593.4238297378901,601.770156457129,585.9121356905749,600.1008911132812,6000,0.0,0
2016-03-03,600.1009980306216,601.770263671875,593.4239354656077,601.770263671875,1600,0.0,0
2016-03-04,601.7702256305726,602.6048583984375,596.7624290233833,602.6048583984375,2500,0.0,0
2016-03-07,600.9355618362639,600.9355618362639,592.589234588538,599.2662963867188,3000,0.0,0
2016-03-08,593.4239501953125,596.762481560687,590.9200516712816,593.4239501953125,5800,0.0,0
2016-03-09,587.5814826193821,600.1009744365564,587.5814826193821,594.258544921875,3300,0.0,0
2016-03-10,603.4394285057773,603.4394285057773,590.9199382878151,595.927734375,2600,0.0,0
2016-03-11,589.2507411047005,599.2663344379249,589.2507411047005,598.4317016601562,7600,0.0,0
2016-03-14,599.2662584413573,600.9355237852051,599.2662584413573,600.1008911132812,2500,0.0,0
2016-03-15,600.9355237852051,600.9355237852051,597.5969930975095,600.1008911132812,2800,0.0,0
2016-03-16,600.1008911132812,603.4394218009768,598.4316257694334,600.1008911132812,4400,0.0,0
2016-03-17,605.1087254601268,605.1087254601268,596.762398212401,599.2662963867188,2500,0.0,0
2016-03-18,591.7546767757437,596.7624737583311,590.0854111148813,590.9200439453125,4400,0.0,0
2016-03-22,590.9199839330918,599.2663113897739,590.9199839330918,597.5970458984375,2500,0.0,0
2016-03-23,598.4317319637261,598.4317319637261,590.9200365834283,595.0932006835938,3300,0.0,0
2016-03-24,589.250732421875,595.9277945456356,589.250732421875,589.250732421875,4300,0.0,0
2016-03-25,589.2506187880157,593.4237818105937,588.4159861835001,591.7545166015625,3500,0.0,0
2016-03-28,591.7546694034613,595.0932006835938,589.2507709433621,595.0932006835938,4900,0.0,0
2016-03-29,597.5970309371736,600.1009291114913,594.2585000380832,599.2662963867188,5400,0.0,0
2016-03-30,595.9278487193434,598.4317472433742,588.4161531472508,593.4239501953125,2700,0.0,0
2016-03-31,590.0852809175532,596.762342087766,588.416015625,588.416015625,2800,0.0,0
2016-04-01,588.4161140178811,589.2507468037221,580.9044189453125,580.9044189453125,9700,0.0,0
2016-04-04,580.9043461134454,595.927734375,580.9043461134454,595.927734375,3100,0.0,0
2016-04-05,595.9277160644532,595.9277160644532,584.2428588867188,584.2428588867188,2600,0.0,0
2016-04-06,595.9277630667401,595.9277630667401,585.9121704101562,585.9121704101562,2700,0.0,0
2016-04-07,594.2585290146955,595.0931617801656,585.9122013599947,589.250732421875,1700,0.0,0
2016-04-08,580.0696325577752,586.7466930764259,577.5657348632812,577.5657348632812,11700,0.0,0
2016-04-11,578.4005038353705,578.4005038353705,550.8576227003527,569.2195434570312,6200,0.0,0
2016-04-12,580.0696790183999,580.0696790183999,570.0540874382261,579.2350463867188,5300,0.0,0
2016-04-13,579.2350509576336,581.738948872436,567.5501940218888,568.3848266601562,4400,0.0,0
2016-04-14,573.3926279920213,588.416015625,568.3848321143618,588.416015625,9000,0.0,0
2016-04-15,575.8965323311942,584.2428588867188,575.8965323311942,584.2428588867188,4000,0.0,0
2016-04-18,572.5580147121264,590.9199335512908,572.5580147121264,575.8965454101562,3500,0.0,0
2016-04-19,588.4161154071936,594.258544921875,580.9044203168891,594.258544921875,7100,0.0,0
2016-04-20,585.9121516365841,607.6126016971983,585.9121516365841,605.1087036132812,8300,0.0,0
2016-04-21,605.1087266485882,609.2818902806474,599.2662975637053,605.943359375,3100,0.0,0
2016-04-22,611.7858505872679,612.6204833984375,592.5892959303686,612.6204833984375,4800,0.0,0
2016-04-25,607.6125801795167,611.7857435049254,605.1086821842715,610.9511108398438,3400,0.0,0
2016-04-26,603.4394382240033,607.6126016971983,598.4316420561693,605.1087036132812,2000,0.0,0
2016-04-27,608.4472563592172,608.4472563592172,599.2662963867188,599.2662963867188,1100,0.0,0
2016-04-28,597.5970617912482,609.2819205413564,597.5970617912482,602.6048583984375,2300,0.0,0
2016-05-02,593.4240121086725,593.4240121086725,578.4006193970605,580.0698852539062,11400,0.0,0
2016-05-06,580.9044011962167,584.2429322375742,535.8342321378894,562.54248046875,26100,0.0,0
2016-05-09,559.2039644150507,562.5424955458868,559.2039644150507,560.8732299804688,5000,0.0,0
2016-05-10,560.8731622738184,569.2194890933692,556.6999988640429,565.0463256835938,7400,0.0,0
2016-05-11,565.0463406032986,580.0697292751736,561.7078097873264,563.3770751953125,7300,0.0,0
2016-05-12,563.3771741712416,565.8810727231137,550.0230485612565,555.865478515625,9300,0.0,0
2016-05-13,548.3538056123092,555.0308686943464,543.3460083007812,543.3460083007812,9500,0.0,0
2016-05-16,550.8576582120434,559.2039863667712,547.5191269501522,548.353759765625,2900,0.0,0
2016-05-17,548.3537367844,555.0307990283501,545.0152056624249,547.5191040039062,4100,0.0,0
2016-05-18,545.0150819001374,547.5189796730324,540.8419189453125,540.8419189453125,9700,0.0,0
2016-05-19,550.8575504681536,550.8575504681536,546.6843872070312,546.6843872070312,1500,0.0,0
2016-05-20,550.8576358657285,554.1961669921875,545.0152063944254,554.1961669921875,2400,0.0,0
2016-05-23,558.3692926163063,558.3692926163063,550.8575980968045,555.03076171875,3000,0.0,0
2016-05-24,555.0307697593096,557.53466796875,554.1961370228294,557.53466796875,4200,0.0,0
2016-05-25,560.8730381165919,564.2115681053812,555.8652431334081,558.369140625,3000,0.0,0
2016-05-26,558.3693998680282,572.558158908023,558.3693998680282,570.0542602539062,3500,0.0,0
2016-05-27,570.0541753118046,571.7234408324833,562.54248046875,562.54248046875,2600,0.0,0
2016-05-30,566.7155549964126,572.5579833984375,566.7155549964126,572.5579833984375,1900,0.0,0
2016-05-31,574.227324904057,574.227324904057,566.7156302468818,570.8887939453125,1800,0.0,0
2016-06-01,565.8809287453538,571.7233572132262,563.3770308305513,568.3848266601562,4100,0.0,0
2016-06-02,568.3849639218405,571.7234952811465,566.7156982421875,566.7156982421875,3900,0.0,0
2016-06-03,570.8888931386118,571.7235260233174,564.2118300609671,570.0542602539062,4800,0.0,0
2016-06-06,562.5424371763718,575.8965603140898,562.5424371763718,574.227294921875,6800,0.0,0
2016-06-07,574.227324904057,574.227324904057,568.3848957262541,570.8887939453125,1800,0.0,0
2016-06-08,570.8888019411845,574.2273329466884,570.8888019411845,573.3927001953125,1300,0.0,0
2016-06-09,573.3927152536212,574.2273480269162,569.2195513871465,571.7234497070312,2600,0.0,0
2016-06-10,577.5658791200958,577.5658791200958,570.0541841604414,571.7234497070312,7500,0.0,0
2016-06-13,567.5502914980233,567.5502914980233,547.5191047392696,554.1961669921875,5200,0.0,0
2016-06-14,554.1961662478564,560.0385957113126,547.5191040039062,547.5191040039062,6900,0.0,0
2016-06-15,558.369276217517,558.369276217517,550.02294921875,550.02294921875,2300,0.0,0
2016-06-16,548.3538286642063,557.5347907879602,544.1806640625,544.1806640625,5100,0.0,0
2016-06-17,544.1805728819312,551.692267906375,544.1805728819312,547.5191040039062,2600,0.0,0
2016-06-20,555.8652868486638,557.5345519743354,551.6921240344847,553.3613891601562,1900,0.0,0
2016-06-21,553.3614962699718,555.03076171875,551.6922308211936,555.03076171875,2100,0.0,0
2016-06-22,550.0229952028768,558.3693228994304,545.0151985849446,551.6922607421875,4000,0.0,0
2016-06-23,547.5190740411932,551.6922377152877,547.5190740411932,550.8576049804688,1000,0.0,0
2016-06-24,563.3770297032705,563.3770297032705,514.1337041440217,537.50341796875,11200,0.0,0
2016-06-27,536.6687918172009,542.5112203439822,529.9917306437366,533.3302612304688,6200,0.0,0
2016-06-28,550.0230713828184,554.1962358090918,540.0074767597627,543.3460083007812,6500,0.0,0
2016-06-29,547.5190889770137,550.8576200073613,545.84982346184,549.1883544921875,4700,0.0,0
2016-06-30,549.1883925810978,553.3615566584617,544.1805956882611,548.353759765625,1700,0.0,0
2016-07-01,548.3538286642063,550.8577274252301,543.3460311421588,544.1806640625,5400,0.0,0
2016-07-04,543.3459401014375,553.3615334673626,543.3459401014375,547.5191040039062,5100,0.0,0
2016-07-05,550.0230253965706,550.0230253965706,547.5191269501522,548.353759765625,6100,0.0,0
2016-07-06,550.0229178159292,550.0229178159292,540.8419586414599,546.6843872070312,4900,0.0,0
2016-07-07,546.6845628235238,550.0230945048888,544.1806640625,544.1806640625,6100,0.0,0
2016-07-08,543.3458511183266,544.1804837621335,525.8185655983806,526.6531982421875,12600,0.0,0
2016-07-11,526.6531982421875,526.6531982421875,526.6531982421875,526.6531982421875,0,0.0,0
2016-07-12,518.307007119822,543.345992971021,518.307007119822,538.3381958007812,18500,0.0,0
2016-07-13,545.0151653795643,547.519063535979,534.1649400351014,534.9995727539062,7400,0.0,0
2016-07-14,528.3224464906465,550.8575271466456,528.3224464906465,545.8497314453125,8300,0.0,0
2016-07-15,550.0229722456498,552.5268704501066,545.0151758367365,550.8576049804688,5100,0.0,0
2016-07-19,556.7000032389556,586.7467800254659,556.7000032389556,585.0775146484375,30700,0.0,0
2016-07-20,586.7468159993489,586.7468159993489,560.8732010690788,570.8887939453125,8900,0.0,0
2016-07-21,575.0618996756418,585.9121241978237,573.3926343645369,584.2428588867188,9300,0.0,0
2016-07-22,584.242973163446,584.242973163446,575.8966449753967,581.7390747070312,5400,0.0,0
2016-07-25,582.5735749447658,582.5735749447658,567.5501876252733,572.5579833984375,8200,0.0,0
2016-07-26,568.3848142134099,568.3848142134099,547.5189987136519,552.5267944335938,15700,0.0,0
2016-07-27,560.8732683634021,568.3849639218405,560.8732683634021,566.7156982421875,4400,0.0,0
2016-07-28,558.3693017903164,565.8809964332355,553.3615053617037,564.2117309570312,10400,0.0,0
2016-07-29,555.865440448721,561.7078700029867,552.5269092748547,556.7000732421875,4300,0.0,0
2016-08-01,556.7000271675282,556.7000271675282,552.5268635455827,555.03076171875,1000,0.0,0
2016-08-02,555.0306106362108,562.5423031109866,554.1959781390135,558.369140625,2000,0.0,0
2016-08-03,553.3616261862538,553.3616261862538,544.1806640625,544.1806640625,6100,0.0,0
2016-08-04,545.0151008536809,552.5267944335938,542.5112029937098,552.5267944335938,7800,0.0,0
2016-08-05,552.5268473183801,552.5268473183801,546.6844184192431,550.02294921875,1700,0.0,0
2016-08-08,551.6922607421875,554.1961590511536,550.0229952028768,551.6922607421875,5200,0.0,0
2016-08-09,550.8576358657285,554.1961669921875,545.8498391760401,554.1961669921875,1600,0.0,0
2016-08-10,555.030654285828,555.030654285828,552.5267565973204,553.3613891601562,1100,0.0,0
2016-08-12,555.03076171875,556.7000271675282,555.03076171875,555.03076171875,1700,0.0,0
2016-08-15,556.7000732421875,556.7000732421875,555.0308076552544,556.7000732421875,1000,0.0,0
2016-08-16,555.865324913555,555.865324913555,552.5267944335938,552.5267944335938,3600,0.0,0
2016-08-17,552.5268473183801,555.0307454180103,549.1883165188733,550.02294921875,5300,0.0,0
2016-08-18,547.5191040039062,550.8576351258813,547.5191040039062,547.5191040039062,2200,0.0,0
2016-08-19,547.5191040039062,556.7000645893377,547.5191040039062,547.5191040039062,2200,0.0,0
2016-08-22,547.5190198592558,550.8575504681536,542.5112239459089,546.6843872070312,5400,0.0,0
2016-08-23,557.5346004945209,566.7155594847001,556.6999678590499,561.707763671875,9700,0.0,0
2016-08-24,559.2039345284186,565.0463636951333,559.2039345284186,564.2117309570312,5700,0.0,0
2016-08-25,565.8809204101562,570.0540835400246,563.3770225322352,565.8809204101562,4800,0.0,0
2016-08-26,565.8809417861052,565.8809417861052,559.2038805260921,560.0385131835938,9100,0.0,0
2016-08-29,557.0619008627283,564.7161865234375,549.4076152020191,564.7161865234375,8700,12.5,0
2016-08-30,558.7628415194425,563.8656985196201,557.9123653527462,561.3142700195312,3500,0.0,0
2016-08-31,555.3609368526575,561.3142700195312,548.5571275190873,561.3142700195312,6300,0.0,0
2016-09-01,552.809460374558,557.9123169318616,552.809460374558,556.2113647460938,3500,0.0,0
2016-09-02,553.6599486556937,559.6132814369377,548.557091986056,555.3609008789062,5800,0.0,0
2016-09-05,555.3609258220662,556.2114019718703,548.5571166236334,549.4075927734375,4400,0.0,0
2016-09-06,553.6600088565907,559.6133422851562,553.6600088565907,559.6133422851562,2200,0.0,0
2016-09-07,559.6132691176294,559.6132691176294,549.4075560030223,556.2113647460938,5200,0.0,0
2016-09-08,557.9123531462747,568.1180669233406,552.8094962577416,562.1647338867188,8700,0.0,0
2016-09-09,563.0151734891652,563.0151734891652,554.5104125603259,556.2113647460938,5300,0.0,0
2016-09-12,556.2114629086261,556.2114629086261,552.809557936708,553.6600341796875,1300,0.0,0
2016-09-13,553.6600827644207,557.0619880348627,553.6600827644207,554.5105590820312,600,0.0,0
2016-09-14,559.6134169876941,559.6134169876941,554.5105590820312,554.5105590820312,1200,0.0,0
2016-09-15,554.510400390625,554.510400390625,546.0056396484375,552.8094482421875,4700,0.0,0
2016-09-16,559.613329416298,574.9219007377166,558.7628532317748,564.7161865234375,17400,0.0,0
2016-09-20,561.314245494831,568.9685306606696,559.6132932357557,563.0151977539062,4900,0.0,0
2016-09-21,559.613244865406,570.66943359375,557.9122927533532,570.66943359375,3900,0.0,0
2016-09-23,569.8190059690039,575.7723388671875,565.5666253274442,575.7723388671875,7500,0.0,0
2016-09-26,569.819091796875,573.220996822528,568.9686155404618,569.819091796875,2100,0.0,0
2016-09-27,562.164781116304,571.52001953125,562.164781116304,571.52001953125,5200,0.0,0
2016-09-28,564.7161375491205,568.1180419921875,564.7161375491205,568.1180419921875,1300,0.0,0
2016-09-29,563.8656614383538,570.6694703244877,563.8656614383538,568.1180419921875,3600,0.0,0
2016-09-30,564.7161612426036,578.3237795857988,563.0152089497041,574.921875,8700,0.0,0
2016-10-03,576.6227783203125,576.6227783203125,568.9684936523438,574.0713500976562,1600,0.0,0
2016-10-04,577.4733281800584,577.4733281800584,571.5199948998517,573.220947265625,2000,0.0,0
2016-10-05,569.8190181213017,576.6228272928994,568.9685419748521,574.921875,5200,0.0,0
2016-10-06,575.7723511464496,577.4733034393491,571.5199704142011,574.921875,2500,0.0,0
2016-10-07,574.9218498164398,593.63232421875,567.2675648336766,593.63232421875,10700,0.0,0
2016-10-11,678.679931640625,678.679931640625,678.679931640625,678.679931640625,27100,0.0,0
2016-10-12,671.8761596679688,678.6799688797963,647.212351275094,671.8761596679688,128900,0.0,0
2016-10-13,679.530535697937,682.0819644927979,642.109580039978,653.165771484375,55100,0.0,0
2016-10-14,645.5113874828543,673.5770999821087,645.5113874828543,668.4742431640625,31500,0.0,0
2016-10-17,666.7733039314516,666.7733039314516,643.8104478011593,659.1190185546875,28700,0.0,0
2016-10-18,660.8199708606351,660.8199708606351,647.2123524130544,659.1190185546875,20500,0.0,0
2016-10-19,654.0162477493286,655.7172002792358,648.0629138946533,653.165771484375,10300,0.0,0
2016-10-20,648.9133051091974,662.5209235649604,647.212352802227,654.8666381835938,26900,0.0,0
2016-10-21,663.371374185991,669.32470703125,658.2685174614835,669.32470703125,17300,0.0,0
2016-10-24,671.8762739701705,710.1477072975853,664.2219873046876,701.6429443359375,59700,0.0,0
2016-10-25,712.698962685535,714.3999148637821,689.7361082791991,696.5399169921875,29000,0.0,0
2016-10-26,695.6895136410236,703.343799243431,695.6895136410236,699.94189453125,11700,0.0,0
2016-10-27,693.1380252671865,695.6894535810534,666.7732660238947,682.9323120117188,19600,0.0,0
2016-10-28,691.4370606072312,705.8951541254635,671.876110553152,688.03515625,29300,0.0,0
2016-10-31,688.035119415816,688.035119415816,675.2779787591569,682.081787109375,6900,0.0,0
2016-11-01,682.0818864472058,682.9323626148457,661.670458423848,666.7733154296875,27600,0.0,0
2016-11-02,659.1191043829085,662.521009437788,652.3152942731494,657.4181518554688,14700,0.0,0
2016-11-04,651.4647462854834,656.5676033059964,649.7637939453125,649.7637939453125,17600,0.0,0
2016-11-07,645.5114135742188,649.7637944278039,645.5114135742188,645.5114135742188,9000,0.0,0
2016-11-08,645.5114258939798,645.5114258939798,643.8104735200826,644.6609497070312,3200,0.0,0
2016-11-09,644.6609280711207,644.6609280711207,612.3428340517241,616.59521484375,17700,0.0,0
2016-11-10,629.3523551432291,643.8104497884115,620.8475935872395,637.8571166992188,14200,0.0,0
2016-11-11,636.1561279296875,644.6608889982662,634.4551757159717,636.1561279296875,11500,0.0,0
2016-11-14,642.1094974772136,642.1094974772136,631.903783610026,637.8571166992188,7400,0.0,0
2016-11-15,637.8571171088507,637.8571171088507,633.604736328125,633.604736328125,6300,0.0,0
2016-11-16,630.2028545289052,645.5114258939798,630.2028545289052,644.6609497070312,9700,0.0,0
2016-11-17,640.4085791395119,658.268579354558,640.4085791395119,656.567626953125,6600,0.0,0
2016-11-18,656.5675781883309,657.4180543258806,652.3151975005826,655.7171020507812,3400,0.0,0
2016-11-21,652.3151975005826,657.4180543258806,652.3151975005826,655.7171020507812,2200,0.0,0
2016-11-22,651.4648180094296,659.1191043829085,651.4648180094296,657.4181518554688,4100,0.0,0
2016-11-24,657.4180662487399,661.6704470136089,657.4180662487399,659.1190185546875,9900,0.0,0
2016-11-25,655.7170900347336,656.5675661566983,648.0628049370519,652.315185546875,10600,0.0,0
2016-11-28,648.0628416051416,654.8666509658254,642.1095084145431,649.7637939453125,8400,0.0,0
2016-11-29,645.5114622417249,646.3619384765625,635.3057474236739,646.3619384765625,10600,0.0,0
2016-11-30,648.0628662109375,649.7638186156906,642.1095327943016,648.0628662109375,4500,0.0,0
2016-12-01,654.8666509658254,659.9695079863384,649.7637939453125,649.7637939453125,6100,0.0,0
2016-12-02,646.3618042152594,651.4646605643273,644.6608520989035,647.2122802734375,6300,0.0,0
2016-12-05,644.6609374035017,646.3618897449358,643.8104612327847,645.5114135742188,5200,0.0,0
2016-12-06,645.5114622417249,648.0628909462376,642.1095573023746,646.3619384765625,11300,0.0,0
2016-12-07,648.913317775227,649.7637939453125,643.8104607547141,649.7637939453125,7100,0.0,0
2016-12-08,653.1657234251969,654.0161996275734,641.2590565919251,648.0628662109375,11200,0.0,0
2016-12-09,649.7638426138685,651.4647950814441,648.9133663800807,650.6143188476562,8500,0.0,0
2016-12-12,651.4647335696529,655.7171143370789,651.4647335696529,654.8666381835938,9400,0.0,0
2016-12-13,648.9133411466767,657.4181031538415,644.6609601430943,656.567626953125,13700,0.0,0
2016-12-14,659.1189331683106,663.3713133822997,659.1189331683106,660.8198852539062,5600,0.0,0
2016-12-15,659.1190426392543,667.6238044797609,655.7171379030517,661.6704711914062,7400,0.0,0
2016-12-16,656.5676124832519,687.1847550342844,656.5676124832519,674.4276123046875,38500,0.0,0
2016-12-19,687.1847292313664,688.0352053814053,679.530443881017,684.63330078125,20000,0.0,0
2016-12-20,682.081945466758,685.4838504316795,681.2314692255276,683.7828979492188,7600,0.0,0
2016-12-21,685.4836912844842,688.8855954595932,681.2313110655978,682.081787109375,9400,0.0,0
2016-12-22,685.4837897041713,685.4837897041713,674.4275995476523,679.5304565429688,12700,0.0,0
2016-12-26,675.2780638880699,679.5304446430326,671.8761592840998,676.1285400390625,8400,0.0,0
2016-12-27,673.5771115860849,678.6799684920401,671.0256831331072,676.1285400390625,13300,0.0,0
2016-12-28,680.3809414390756,708.4466552734375,680.3809414390756,708.4466552734375,34200,0.0,0
2016-12-29,710.9980226968221,712.6989749042308,699.0913572449615,704.1942138671875,26800,0.0,0
2016-12-30,704.1942138671875,705.0446899708918,690.5865962079181,704.1942138671875,14300,0.0,0
2017-01-04,699.9419423875245,712.6990859304319,699.0914661513307,705.0447998046875,24000,0.0,0
2017-01-05,703.3438002995753,706.7457050168647,674.4276102026157,691.4371337890625,16600,0.0,0
2017-01-06,692.2875365465698,699.9418213486817,686.3342039227049,696.5399169921875,12400,0.0,0
2017-01-10,701.6428458590467,714.3999885110294,698.2409411518514,708.4466552734375,24000,0.0,0
2017-01-11,705.044748572364,732.2599861529619,705.044748572364,725.4561767578125,36500,0.0,0
2017-01-12,708.4466563117026,710.9980848458383,689.7361803947068,699.94189453125,43900,0.0,0
2017-01-13,693.988694685219,706.745839808109,693.988694685219,699.091552734375,12700,0.0,0
2017-01-16,704.1943243823006,704.1943243823006,696.5400382477103,700.7924194335938,6800,0.0,0
2017-01-17,700.7924577301625,700.7924577301625,689.736266042672,693.9886474609375,15100,0.0,0
2017-01-18,687.1847781046448,688.885730525696,680.3809684204405,685.4838256835938,10200,0.0,0
2017-01-19,686.3343743218317,689.7362795229312,686.3343743218317,688.8858032226562,3500,0.0,0
2017-01-20,690.5867045874735,701.6428956707705,689.7362283502968,700.7924194335938,8100,0.0,0
2017-01-23,696.5399414958977,700.7923220911108,691.437084781642,694.8389892578125,5500,0.0,0
2017-01-24,694.8389403393764,694.8389403393764,687.1846558068742,689.736083984375,5400,0.0,0
2017-01-25,693.1381349305849,693.9886111697635,689.7362299738704,692.2876586914062,6300,0.0,0
2017-01-26,699.942029075901,699.942029075901,693.988694685219,699.091552734375,3400,0.0,0
2017-01-27,700.7923717616083,700.7923717616083,691.4371337890625,691.4371337890625,8700,0.0,0
2017-01-30,690.5867558232061,693.1381847240307,688.8858032226562,688.8858032226562,5100,0.0,0
2017-01-31,684.6334000303874,689.7362576703655,676.1286372970907,677.82958984375,15700,0.0,0
2017-02-01,680.3809897413532,705.0448006194772,679.5305135041765,700.7924194335938,30100,0.0,0
2017-02-02,705.8950794430598,705.8950794430598,693.137939453125,693.137939453125,15800,0.0,0
2017-02-03,698.2409667968749,699.9419192129453,693.9885857566991,698.240966796875,6700,0.0,0
2017-02-06,699.9418213486817,699.9418213486817,694.8389648139405,696.5399169921875,4600,0.0,0
2017-02-07,690.5865843683226,698.2408691704346,690.5865843683226,696.5399169921875,5800,0.0,0
2017-02-08,692.2876586914062,704.1943260399071,688.8857537346918,692.2876586914062,8000,0.0,0
2017-02-09,692.2876099683849,697.3904670443189,688.8857052510955,691.4371337890625,9000,0.0,0
2017-02-10,691.4372186099782,697.39055259555,691.4372186099782,693.9886474609375,6500,0.0,0
2017-02-13,697.3904776890305,705.8952396120674,695.689525304423,703.3438110351562,11900,0.0,0
2017-02-14,703.343799243431,703.343799243431,697.3904659971142,699.94189453125,4000,0.0,0
2017-02-15,698.2408689503475,710.1475341943242,698.2408689503475,709.2970581054688,12400,0.0,0
2017-02-16,706.7456421783005,711.8484988005265,704.1942138671875,704.1942138671875,5600,0.0,0
2017-02-17,703.3438473322998,705.8952760408813,697.390513678943,705.0447998046875,8400,0.0,0
2017-02-20,706.7457522770751,709.2971809856566,702.493371096106,705.0447998046875,3300,0.0,0
2017-02-21,698.2409538813341,705.8952396120674,698.2409538813341,703.3438110351562,3200,0.0,0
2017-02-22,705.8952396120674,705.8952396120674,701.6428586505489,703.3438110351562,8800,0.0,0
2017-02-23,704.1942989197879,710.1476323647619,702.4933465069381,706.7457275390625,12100,0.0,0
2017-02-24,706.313904033263,706.313904033263,701.133117451112,703.7235107421875,6700,12.5,0
2017-02-27,703.7235729874583,704.5870374941913,693.3619989066614,696.8158569335938,7100,0.0,0
2017-02-28,696.815795597401,703.723511043224,696.815795597401,700.2696533203125,3200,0.0,0
2017-03-01,699.4063101353751,704.5870976178593,698.542845554961,702.8601684570312,2600,0.0,0
2017-03-02,704.5870976178593,705.4505621982734,702.8601684570312,702.8601684570312,3900,0.0,0
2017-03-03,695.9523313166331,699.406189040289,695.9523313166331,698.542724609375,4600,0.0,0
2017-03-06,698.5428444439675,708.0409548134157,698.5428444439675,707.177490234375,8500,0.0,0
2017-03-07,697.679380974547,707.1774913591015,697.679380974547,702.8601684570312,3900,0.0,0
2017-03-08,701.133238848518,708.0409554874196,701.133238848518,704.5870971679688,5300,0.0,0
2017-03-09,708.0409554874196,708.0409554874196,703.723632588106,704.5870971679688,2400,0.0,0
2017-03-10,709.7678213810576,716.6755374042309,702.8601053578842,714.9486083984375,14100,0.0,0
2017-03-13,708.9044180575285,716.6755992542614,699.406307705966,712.3582763671875,9700,0.0,0
2017-03-14,713.221740501247,714.9486696550031,709.7678821937349,714.085205078125,2600,0.0,0
2017-03-15,714.0852055220171,714.0852055220171,707.1774889026989,712.3582763671875,5200,0.0,0
2017-03-16,712.3581546690406,716.6754768185499,704.5869747999237,708.0408325195312,7900,0.0,0
2017-03-17,704.5870350945473,713.2216801324707,704.5870350945473,710.6312866210938,4800,0.0,0
2017-03-21,710.6312866210938,713.2216801324707,708.0408931097166,710.6312866210938,2200,0.0,0
2017-03-22,706.31396559449,710.6312881225737,699.406249549556,701.9966430664062,7900,0.0,0
2017-03-23,701.9966430664062,707.1774301001067,699.406249549556,701.9966430664062,8000,0.0,0
2017-03-24,701.9965818814704,703.7235107421875,701.9965818814704,703.7235107421875,1500,0.0,0
2017-03-27,701.9966438217918,701.9966438217918,695.0889277694249,697.6793212890625,7400,0.0,0
2017-03-28,698.5428433464568,711.4948120117188,698.5428433464568,711.4948120117188,7000,0.0,0
2017-03-29,710.6313474340346,711.4948120117188,708.0409537009823,711.4948120117188,3300,0.0,0
2017-03-30,712.3582156286784,712.3582156286784,708.0408931097166,710.6312866210938,1900,0.0,0
2017-03-31,713.2216824068881,713.2216824068881,697.6793212890625,697.6793212890625,8000,0.0,0
2017-04-03,715.8120736438477,718.4024671552247,704.5870350945473,710.6312866210938,13700,0.0,0
2017-04-04,712.3582179003423,712.3582179003423,697.6793212890625,697.6793212890625,7900,0.0,0
2017-04-05,707.1774294980445,708.0408940029262,704.5870359833997,705.4505004882812,4600,0.0,0
2017-04-06,705.4505610762935,714.085206866701,701.1332381810897,707.177490234375,8200,0.0,0
2017-04-07,650.1887195890544,664.0041505497779,638.1002174984212,662.2772216796875,89400,0.0,0
2017-04-10,667.458009852445,667.458009852445,645.0079344887147,645.8713989257812,29400,0.0,0
2017-04-11,645.8715212412149,651.0523088447541,645.008056640625,645.008056640625,8100,0.0,0
2017-04-12,646.7348633628478,648.4617922369808,638.1002189921822,645.8713989257812,8300,0.0,0
2017-04-13,632.9194330982008,643.2810063549243,632.9194330982008,638.1002197265625,6100,0.0,0
2017-04-14,623.4213860461863,636.3733539003314,621.6944569989669,626.875244140625,13600,0.0,0
2017-04-17,634.646422843623,638.9637454480014,622.5579195513635,637.23681640625,4300,0.0,0
2017-04-18,637.236815748189,645.8714609480289,637.236815748189,640.690673828125,3000,0.0,0
2017-04-19,645.8714611140983,645.8714611140983,639.8272094726562,639.8272094726562,3700,0.0,0
2017-04-20,650.1887200614939,657.096435546875,650.1887200614939,657.096435546875,7800,0.0,0
2017-04-21,660.5504162437037,660.5504162437037,652.7792348761308,656.2330932617188,6400,0.0,0
2017-04-24,656.2330306412338,666.5946048092533,656.2330306412338,664.86767578125,6000,0.0,0
2017-04-25,664.8677363420397,668.3215947126478,662.2773425640837,666.5946655273438,15200,0.0,0
2017-04-26,665.7311373518446,681.2734985351562,664.8676728416607,681.2734985351562,29100,0.0,0
2017-04-27,682.1369624288205,684.7273559570312,678.6831043912063,684.7273559570312,7500,0.0,0
2017-04-28,682.1370236942952,683.8639528682048,681.2735591073405,683.00048828125,2600,0.0,0
2017-05-01,683.8638900794888,693.3619996639261,683.0004255718127,692.49853515625,5200,0.0,0
2017-05-02,695.0889245458395,716.6755371093749,695.0889245458395,716.675537109375,32000,0.0,0
2017-05-08,719.265986917726,736.5352783203124,716.675593207338,736.5352783203125,36000,0.0,0
2017-05-09,736.5352776785878,742.5795296642268,736.5352776785878,739.1256713867188,38000,0.0,0
2017-05-10,740.852599247979,748.6237803589718,739.9891346800908,744.3064575195312,32300,0.0,0
2017-05-11,749.4872449268598,751.2141740626361,737.3987409764267,744.3064575195312,31200,0.0,0
2017-05-12,741.7160640277929,746.0333868684669,737.3987411871188,743.4429931640625,18200,0.0,0
2017-05-15,742.5795281720742,781.4354337159618,733.9448824956547,745.169921875,62100,0.0,0
2017-05-16,745.1698605576001,748.6237185439621,743.4429315644192,746.8967895507812,9700,0.0,0
2017-05-17,744.3064573073581,746.896851010284,742.5795281720742,745.169921875,6200,0.0,0
2017-05-18,743.4429931640625,745.1699223003321,738.2622057552537,743.4429931640625,6300,0.0,0
2017-05-19,742.5795273302336,748.623779296875,742.5795273302336,748.623779296875,6400,0.0,0
2017-05-22,751.2142325594663,759.8488789107246,751.2142325594663,753.8046264648438,8800,0.0,0
2017-05-23,753.8045050977013,754.6679695938041,749.4871826171875,749.4871826171875,3600,0.0,0
2017-05-24,748.6237761828364,764.1661383181203,747.7603116197652,761.5757446289062,14900,0.0,0
2017-05-25,759.8488155027636,766.7565320073343,757.2584218135497,761.5757446289062,13000,0.0,0
2017-05-26,759.8488163350655,765.8930682831854,754.6680289509628,758.1218872070312,9300,0.0,0
2017-05-29,759.8486935028249,767.6198733227402,749.4871204096046,764.166015625,10500,0.0,0
2017-05-30,775.3910532127138,775.3910532127138,758.121764722453,763.3025512695312,11800,0.0,0
2017-05-31,771.9373765718419,777.9816289611069,765.0296595555391,776.2546997070312,23000,0.0,0
2017-06-01,777.1181577211851,803.0220963118912,772.8008346227341,797.84130859375,32900,0.0,0
2017-06-02,797.841246769346,809.0662859554948,785.7527430304165,801.2951049804688,31800,0.0,0
2017-06-05,809.9296868527555,828.9259055209438,802.1585064884966,814.2470092773438,36100,0.0,0
2017-06-06,814.2470107180877,818.5643331503152,799.5681144485146,804.7489013671875,11000,0.0,0
2017-06-07,803.021969710167,831.5162976676245,802.1585052266076,822.8816528320312,40000,0.0,0
2017-06-08,828.0623699613625,952.4012451171875,828.0623699613625,952.4012451171875,170100,0.0,0
2017-06-09,1211.440673828125,1211.440673828125,1211.440673828125,1211.440673828125,66700,0.0,0
2017-06-12,1470.47998046875,1470.47998046875,1470.47998046875,1470.47998046875,151100,0.0,0
2017-06-13,1435.9414644699352,1815.8658447265627,1433.3510709681855,1815.8658447265625,782600,0.0,0
2017-06-14,2072.3154362416108,2247.598783557047,1899.6224832214766,2187.15625,2454000,0.0,0
2017-06-15,2057.635875133264,2207.015231573908,1960.0643879783925,1986.831787109375,1114300,0.0,0
2017-06-16,2011.8722033308225,2089.5840051762193,1834.861988016308,1925.5257568359375,834500,0.0,0
2017-06-19,1975.606766638863,1975.606766638863,1809.8215834244131,1876.308349609375,390300,0.0,0
2017-06-20,1873.7179175908843,1874.5813820690366,1633.6747926644944,1718.2943115234375,476000,0.0,0
2017-06-21,1821.9101177341763,2063.6801807510337,1811.5485436048823,2036.04931640625,1044200,0.0,0
2017-06-22,1985.1051285658991,2003.2378852861618,1785.6448046430098,1895.3048095703125,557800,0.0,0
2017-06-23,1911.7105375598796,1940.2048680655148,1737.290696282962,1796.8697509765625,286800,0.0,0
2017-06-26,1801.1871277780244,1925.526028257428,1796.8698048447118,1823.63720703125,196300,0.0,0
2017-06-27,1865.0833609444755,2037.7762647356305,1801.186986541748,1934.1605224609375,348000,0.0,0
2017-06-28,1901.3487003041257,1934.160349083216,1814.13879170707,1836.5888671875,216100,0.0,0
2017-06-29,1947.112414795234,2175.93050345188,1906.5295839768853,2026.5511474609375,810500,0.0,0
2017-06-30,1941.9317480196203,2029.1416664500257,1908.256631001939,2011.0089111328125,309600,0.0,0
2017-07-03,2110.3073593252916,2442.7412109375,2072.3149191410394,2442.7412109375,904900,0.0,0
2017-07-04,2453.9660909861436,2460.8738069354363,2181.1113109890916,2288.180908203125,520000,0.0,0
2017-07-05,2215.6497971598305,2264.003806762695,2017.9164364624023,2072.314697265625,391700,0.0,0
2017-07-06,2158.661361812621,2334.808128936531,2105.990024584393,2227.738525390625,406500,0.0,0
2017-07-07,1968.6992984693877,2138.80182557398,1935.887643494898,2115.48828125,513500,0.0,0
2017-07-10,2141.391947940503,2270.9116222110983,2094.764865203089,2264.00390625,215700,0.0,0
2017-07-11,2416.8370262169733,2672.4225066600684,2359.8483717938507,2498.002685546875,781900,0.0,0
2017-07-12,2498.0030315014246,2771.7213035325176,2427.1989358971673,2575.71484375,424500,0.0,0
2017-07-13,2633.566856971154,2711.278665865385,2504.0471754807695,2525.6337890625,204200,0.0,0
2017-07-14,2504.0466916221467,2568.806519853754,2444.467649649068,2515.271728515625,147900,0.0,0
2017-07-17,2515.271728515625,2515.271728515625,2515.271728515625,2515.271728515625,0,0.0,0
2017-07-18,2504.0472598641836,2528.2242678904586,2359.848676278901,2429.789306640625,141400,0.0,0
2017-07-19,2429.7885049564266,2429.7885049564266,2322.7189333094484,2325.309326171875,151900,0.0,0
2017-07-20,2331.353700550777,2472.098386917361,2309.767092212344,2403.021240234375,152700,0.0,0
2017-07-21,2366.755857309658,2750.1340406899894,2356.3942847858657,2449.6484375,686500,0.0,0
2017-07-24,2469.508419050065,2504.0469983374787,2412.519763225833,2495.412353515625,143100,0.0,0
2017-07-25,2527.3607226966456,2568.807020848145,2479.0067081865627,2504.91064453125,173400,0.0,0
2017-07-26,2529.9512994863308,2538.585945559663,2492.8223213710025,2510.955078125,92500,0.0,0
2017-07-27,2511.8184235736926,2550.6743290603945,2481.5971637507023,2498.866455078125,137500,0.0,0
2017-07-28,2461.7374607192737,2485.914468400838,2301.133052548883,2318.40234375,222300,0.0,0
2017-07-31,2404.748555743041,2499.7296477113478,2245.871092814237,2252.77880859375,286500,0.0,0
2017-08-01,2220.8307379295843,2261.413570232341,1873.7180020634516,1956.610595703125,507200,0.0,0
2017-08-02,1968.6994003863513,2032.5957844339785,1942.7954609075834,1973.0167236328125,144600,0.0,0
2017-08-03,1968.698986748964,2007.5548878032198,1821.910027210664,1875.44482421875,251000,0.0,0
2017-08-04,1899.6220603120826,2028.2782816695826,1839.1795402112436,1939.3414306640625,426200,0.0,0
2017-08-07,1852.994823982294,1897.894978151483,1592.2285439996972,1783.05419921875,929300,0.0,0
2017-08-08,1813.275722402724,1856.4489538885034,1720.0215423934412,1729.5196533203125,205400,0.0,0
2017-08-09,1722.611690409876,1813.2754635893432,1668.2134265021957,1745.061767578125,179100,0.0,0
2017-08-10,1737.2906447420878,1770.965761613331,1717.430960433406,1759.74072265625,93600,0.0,0
2017-08-11,1759.74072265625,1759.74072265625,1759.74072265625,1759.74072265625,0,0.0,0
2017-08-14,1729.5194023284985,1813.2754592560393,1701.888538187454,1769.23876953125,136600,0.0,0
2017-08-15,1770.965702160494,1805.5042824074076,1735.5636574074076,1748.515625,94600,0.0,0
2017-08-16,1748.515374152215,1968.6987916380494,1742.4711234761332,1964.3814697265625,232600,0.0,0
2017-08-17,1921.208678979865,1974.7434826188544,1895.3047417351927,1922.0721435546875,148500,0.0,0
2017-08-18,1862.4931158034944,1890.1239826118913,1801.1871300723642,1815.0025634765625,162700,0.0,0
2017-08-21,1827.091082643995,1845.2238391352635,1760.6043088426777,1761.4677734375,100500,0.0,0
2017-08-22,1779.6005619765988,1892.7144259353247,1757.150482106928,1860.7662353515625,114300,0.0,0
2017-08-23,1902.2124278264414,2105.1265996554084,1874.581561875263,2051.591796875,425100,0.0,0
2017-08-24,2030.004944995326,2069.724310146234,1958.3373948317308,2020.5068359375,165600,0.0,0
2017-08-25,2036.9127189523322,2136.211134670653,1988.5587078199326,2042.093505859375,212400,0.0,0
2017-08-28,2072.314630681818,2157.7976091974433,2055.9088065222536,2137.074462890625,186800,0.0,0
2017-08-29,2100.1907492003984,2116.6798501238727,2056.7983783491504,2068.9482421875,128000,12.5,0
2017-08-30,2098.4554764597037,2125.358751798931,1735.6951831759338,2044.64892578125,207200,0.0,0
2017-08-31,2009.0671656037023,2091.5126864384115,2005.595775252767,2053.327392578125,89600,0.0,0
2017-09-01,2071.5522017728367,2078.494982507727,1967.410490749485,1974.353271484375,155700,0.0,0
2017-09-04,1933.5643496420046,1935.3000447494032,1761.7305340095463,1818.140625,375300,0.0,0
2017-09-05,1804.2550616145963,1871.947170708362,1718.3381539186632,1747.844970703125,238400,0.0,0
2017-09-06,1692.3025973338001,1865.872094496241,1679.2848850466169,1839.836669921875,209300,0.0,0
2017-09-07,1845.043783114434,1893.6432430647674,1740.03423572175,1758.259033203125,185700,0.0,0
2017-09-08,1790.3696899123559,1826.819290967285,1738.2988312624568,1823.347900390625,160900,0.0,0
2017-09-11,1842.4403283534905,1951.789118448893,1813.8013595189802,1895.3790283203125,146400,0.0,0
2017-09-12,1909.2646710554325,1987.3709530531546,1871.9472252120763,1911.0003662109375,147500,0.0,0
2017-09-13,1927.4893628877487,1976.9566720658675,1888.4362240629182,1944.8463134765625,151700,0.0,0
2017-09-14,1951.788925703745,2018.613179718502,1848.5150785900298,1913.6036376953125,180000,0.0,0
2017-09-15,1898.850545979951,2167.883301580401,1898.850545979951,2121.01953125,369600,0.0,0
2017-09-18,2121.01953125,2121.01953125,2121.01953125,2121.01953125,0,0.0,0
2017-09-19,2179.1653945445114,2364.884786990758,2179.1653945445114,2300.6640625,442500,0.0,0
2017-09-20,2342.320480889873,2342.320480889873,2118.4158183965096,2145.319091796875,341100,0.0,0
2017-09-21,2145.3192081196007,2168.751092674305,1989.9744919976715,2009.067138671875,388700,0.0,0
2017-09-22,1978.6922634407508,2055.062842029692,1936.167736726454,2002.1241455078125,239700,0.0,0
2017-09-25,2022.0850283479037,2065.4774109304767,1995.1817511467084,2027.2921142578125,121300,0.0,0
2017-09-26,2038.5737563559828,2039.4416038469815,1970.0138045670842,1984.7672119140625,94300,0.0,0
2017-09-27,1996.0499705267894,2052.460078389503,1990.8428836471542,2018.614013671875,75300,0.0,0
2017-09-28,2029.0274638630672,2081.0983140905196,2018.6132938175765,2056.798583984375,73100,0.0,0
2017-09-29,2065.477166619745,2065.477166619745,2009.067075934752,2022.95263671875,82200,0.0,0
2017-10-02,2239.914372447898,2456.8762450213094,2229.5002025643744,2430.8408203125,1089800,0.0,0
2017-10-03,2377.9024511648545,2478.5727739148992,2298.06047105275,2414.35205078125,577000,0.0,0
2017-10-04,2451.669315852172,2557.5467163951685,2369.2237990359044,2447.330078125,846700,0.0,0
2017-10-05,2486.3830662308856,2499.400778619529,2278.9675155051677,2319.75634765625,385900,0.0,0
2017-10-06,2301.5319455030485,2318.8888983348966,2208.6722478526617,2312.81396484375,361000,0.0,0
2017-10-09,2312.81396484375,2312.81396484375,2312.81396484375,2312.81396484375,0,0.0,0
2017-10-10,2482.0438386196297,2499.4007885400465,2198.257707420812,2232.103759765625,670800,0.0,0
2017-10-11,2318.8888164968216,2449.933805752443,2265.9501122279944,2320.62451171875,749900,0.0,0
2017-10-12,2343.1888412236276,2360.545795603062,2239.9149626659937,2324.09619140625,302500,0.0,0
2017-10-13,2317.1531306086363,2352.734882801503,2257.271645210885,2311.946044921875,211900,0.0,0
2017-10-16,2311.077922935715,2311.077922935715,2141.847658207039,2165.279541015625,514800,0.0,0
2017-10-17,2156.6012553065275,2232.103995431947,2079.362820005811,2100.191162109375,413800,0.0,0
2017-10-18,2100.191126085337,2121.8873154044004,2059.4022901654976,2111.47314453125,193500,0.0,0
2017-10-19,2128.8300896270657,2168.7510778548867,1983.031697838502,1998.6529541015625,432300,0.0,0
2017-10-20,2073.2876308042523,2364.884384236747,2024.6881718988368,2275.49609375,1323400,0.0,0
2017-10-23,2304.135194233806,2337.9812479344155,2159.204656592734,2215.61474609375,617700,0.0,0
2017-10-24,2215.6148817274307,2351.8669524016204,2189.5794542100693,2343.1884765625,524900,0.0,0
2017-10-25,2472.497352905065,2777.111803894773,2359.67718587184,2540.189453125,1825800,0.0,0
2017-10-26,2542.7935273699227,2725.0415276251047,2452.5373748625943,2590.525146484375,1054800,0.0,0
2017-10-27,2570.5643588362072,2681.648841594828,2503.740099676724,2642.595703125,652700,0.0,0
2017-10-30,2699.0058952522963,2699.0058952522963,2410.8805070774533,2421.294677734375,817200,0.0,0
2017-10-31,2464.6874077747902,2572.300519945239,2429.9735006230326,2481.176513671875,509700,0.0,0
2017-11-01,2489.8549411913996,2561.8862971059643,2396.9952413979245,2524.56884765625,499400,0.0,0
2017-11-02,2512.418847422249,2755.4161798154205,2431.709019163089,2716.363037109375,1429700,0.0,0
2017-11-03,2716.363037109375,2716.363037109375,2716.363037109375,2716.363037109375,0,0.0,0
2017-11-06,3046.1448826018395,3323.8560969700984,2777.112143682589,2816.165283203125,5425700,0.0,0
2017-11-07,2755.4158356230137,2855.2182989605403,2536.7182637877386,2560.150146484375,2118700,0.0,0
2017-11-08,2633.917244029722,2816.165224670988,2519.3613704837835,2751.07666015625,1690300,0.0,0
2017-11-09,2811.8264105460794,2889.932699727915,2476.8372147217624,2556.67919921875,1310800,0.0,0
2017-11-10,2516.7579162198736,2712.023616616243,2438.651636061326,2655.613525390625,938900,0.0,0
2017-11-13,2751.076907112335,2759.755383160008,2588.78940502085,2633.91748046875,601600,0.0,0
2017-11-14,2545.396905390282,2577.5072652605313,2343.188422964119,2371.827392578125,1310200,0.0,0
2017-11-15,2328.4349997070312,2339.71701796875,2030.763287109375,2169.618896484375,1397000,0.0,0
2017-11-16,2221.6897590361446,2277.232003012048,2160.9404296875,2160.9404296875,649100,0.0,0
2017-11-17,2170.4869350788813,2209.5400786528717,2104.5305148205866,2151.394287109375,489600,0.0,0
2017-11-20,2108.0020977472855,2142.7160063145525,2024.6887171858448,2048.12060546875,500300,0.0,0
2017-11-21,2082.83393777115,2088.908870089649,1988.2385630973768,2000.388427734375,515800,0.0,0
2017-11-22,2036.8382748280403,2056.798769212806,1975.2210965098507,1996.0494384765625,374600,0.0,0
2017-11-23,1996.0494384765627,1996.0494384765627,1996.0494384765627,1996.0494384765625,0,0.0,0
2017-11-24,1969.1459534994744,1974.353038436009,1881.49335706781,1910.13232421875,615600,0.0,0
2017-11-27,1943.978681610524,2002.992320159415,1923.1503385932683,1970.8819580078125,305200,0.0,0
2017-11-28,1943.978547615095,1996.0494015690708,1929.2251389948021,1960.4676513671875,237000,0.0,0
2017-11-29,1955.2607842976615,1989.1068431470217,1920.546877785497,1939.6395263671875,236900,0.0,0
2017-11-30,1950.0531802691876,1956.1281122949483,1867.6076742052921,1914.471435546875,258300,0.0,0
2017-12-01,1848.5154820714095,1882.3615401938437,1810.3301857281504,1823.347900390625,389800,0.0,0
2017-12-04,1853.72232839401,1891.9076198028754,1814.669189453125,1814.669189453125,313400,0.0,0
2017-12-05,1796.4444318498884,1831.1583339146205,1744.37357875279,1822.4798583984375,265200,0.0,0
2017-12-06,1798.18001398249,1806.8584889534482,1735.6949941915927,1762.5982666015625,152200,0.0,0
2017-12-07,1779.9553455646223,1828.5548089247484,1774.7482602046089,1805.1229248046875,153900,0.0,0
2017-12-08,1786.8981260446403,1813.8014004047102,1774.7482602046089,1805.1229248046875,102200,0.0,0
2017-12-11,1783.4266357421873,1821.6119262398304,1769.5410755612263,1783.4266357421875,153100,0.0,0
2017-12-12,1790.3696899123559,1881.4936925496788,1790.3696899123559,1823.347900390625,211400,0.0,0
2017-12-13,1857.193734674543,2007.331359019728,1847.6474117393002,1946.58203125,661100,0.0,0
2017-12-14,1918.8109806426585,1950.9213407890982,1817.2728147741868,1900.586181640625,379000,0.0,0
2017-12-15,2022.0849535770453,2035.1026678704598,1846.7797344257306,1871.0794677734375,528300,0.0,0
2017-12-18,1861.533151245117,1919.6789419833096,1848.5154369007457,1909.2647705078125,271900,0.0,0
2017-12-19,1899.7182331886909,1932.69643915542,1860.66509454388,1878.889892578125,169000,0.0,0
2017-12-20,1909.2645309391096,1916.2073110516153,1841.5724248421775,1853.7222900390625,153700,0.0,0
2017-12-21,1845.9118246019057,1848.5153673728532,1806.8586830376905,1838.1011962890625,133700,0.0,0
2017-12-22,1825.0834515212873,1891.90771484375,1812.9335854626577,1891.90771484375,116700,0.0,0
2017-12-25,1891.039833912535,1891.039833912535,1828.5548095703127,1828.5548095703125,115300,0.0,0
2017-12-26,1808.5941839476397,1820.7440489069809,1741.7699266712634,1762.5982666015625,267600,0.0,0
2017-12-27,1750.4487014867414,1779.9555214423929,1735.6952915089155,1776.484130859375,162400,0.0,0
2017-12-28,1765.2018214634488,1773.8802964952258,1748.7127189030723,1749.58056640625,107500,0.0,0
2017-12-29,1752.184092583497,1792.105077357564,1752.184092583497,1766.9375,52100,0.0,0
2018-01-01,1766.9375,1766.9375,1766.9375,1766.9375,0,0.0,0
2018-01-02,1766.9375,1766.9375,1766.9375,1766.9375,0,0.0,0
2018-01-03,1766.9375,1766.9375,1766.9375,1766.9375,0,0.0,0
2018-01-04,1783.4265967008866,1808.5941739779307,1767.805341839273,1799.0478515625,123600,0.0,0
2018-01-05,1788.6338749354925,1810.330064587791,1776.4840087302052,1799.9158935546875,60100,0.0,0
2018-01-08,1799.9158935546877,1799.9158935546877,1799.9158935546877,1799.9158935546875,0,0.0,0
2018-01-09,1845.9117702333267,1854.590245880874,1811.1978676431372,1843.3082275390625,85200,0.0,0
2018-01-10,1857.1938519473433,1883.229279778381,1827.6870337388343,1876.2864990234375,91500,0.0,0
2018-01-11,1883.2292165484748,1894.511234896461,1840.704685852219,1890.1719970703125,118200,0.0,0
2018-01-12,1904.9252638428072,1904.9252638428072,1858.929346310384,1884.096923828125,144700,0.0,0
2018-01-15,1798.180087832954,1831.1582940769947,1753.9198636633205,1763.4661865234375,314700,0.0,0
2018-01-16,1757.3914857461523,1801.6517157575367,1757.3914857461523,1795.5767822265625,108600,0.0,0
2018-01-17,1794.7088955092536,1812.0658480770414,1764.334228515625,1764.334228515625,115000,0.0,0
2018-01-18,1773.012609382216,1803.3872747411867,1761.7305908203123,1761.7305908203125,110800,0.0,0
2018-01-19,1758.2590913606932,1800.7836202238097,1746.9770734990502,1748.7127685546875,147900,0.0,0
2018-01-22,1745.2414316125403,1761.7305351434395,1695.7741210198426,1720.0738525390625,189000,0.0,0
2018-01-23,1732.2238133697813,1760.8627842321073,1713.1311661282305,1746.109375,84400,0.0,0
2018-01-24,1746.109242664284,1817.2727406257509,1746.109242664284,1805.99072265625,149300,0.0,0
2018-01-25,1774.7484386917931,1832.0263834124084,1773.012743397229,1795.5767822265625,88000,0.0,0
2018-01-26,1788.6338704427085,1806.858669704861,1777.351851851852,1780.8232421875,48900,0.0,0
2018-01-29,1792.1050856685356,1805.122798155232,1758.259033203125,1758.259033203125,73700,0.0,0
2018-01-30,1762.5984383410234,1780.8232375557757,1734.827315728068,1738.2987060546875,104500,0.0,0
2018-01-31,1732.2235643549782,1755.6554462375354,1727.0164794921875,1727.0164794921875,69100,0.0,0
2018-02-01,1735.6952037773358,1764.334174639662,1731.3559657678925,1746.109375,37700,0.0,0
2018-02-02,1748.7128770345457,1753.05211494282,1727.0166874931742,1738.2987060546875,58000,0.0,0
2018-02-05,1701.8490118201198,1720.0738100089127,1688.831298828125,1688.831298828125,101300,0.0,0
2018-02-06,1539.561628363519,1556.0507326131847,1341.6923773675312,1439.7591552734375,408900,0.0,0
2018-02-07,1553.4470191302112,1591.6323089859259,1476.208591922061,1530.01513671875,224400,0.0,0
2018-02-08,1536.0900759748677,1611.592808522785,1536.0900759748677,1600.310791015625,80700,0.0,0
2018-02-09,1461.455276106299,1596.8394940828919,1461.455276106299,1556.0506591796875,103100,0.0,0
2018-02-12,1556.0506591796875,1556.0506591796875,1556.0506591796875,1556.0506591796875,0,0.0,0
2018-02-13,1564.728962910382,1575.1431323806673,1493.5654715300984,1501.3760986328125,57200,0.0,0
2018-02-14,1494.4336701079426,1501.3764513860283,1416.3273807294788,1448.437744140625,53800,0.0,0
2018-02-15,1436.2876184710813,1477.0764511406528,1417.1949733917074,1465.79443359375,37000,0.0,0
2018-02-16,1467.530203023088,1550.8435675944756,1467.530203023088,1513.526123046875,54400,0.0,0
2018-02-19,1553.4470944444672,1662.795884332737,1553.4470944444672,1652.3817138671875,114100,0.0,0
2018-02-20,1648.9101703350361,1722.6772042710772,1648.9101703350361,1714.8665771484375,65800,0.0,0
2018-02-21,1735.6951633697659,1779.08754245401,1735.6951633697659,1761.7305908203125,103800,0.0,0
2018-02-22,1763.4662951188536,1792.973113048992,1703.5848116723964,1729.6202392578125,95600,0.0,0
2018-02-23,1746.9773595940785,1746.9773595940785,1675.8138506588007,1733.091796875,47400,0.0,0
2018-02-26,1685.4961121757076,1715.1887897995284,1659.2966907429245,1666.283203125,112400,12.5,0
2018-02-27,1665.4097304625266,1675.0161840729552,1626.1106020562268,1644.4501953125,53000,0.0,0
2018-02-28,1662.78988874237,1675.0162849831227,1644.4502943812408,1645.3236083984375,24300,0.0,0
2018-03-01,1633.970260562968,1645.323340941011,1615.6306691830523,1632.2236328125,24800,0.0,0
2018-03-02,1577.2050852699217,1596.4179932853915,1571.9652012657027,1581.5716552734375,36300,0.0,0
2018-03-05,1558.8652537558316,1567.5983924323348,1449.701020299541,1474.15380859375,69300,0.0,0
2018-03-06,1510.833198799173,1547.512386284471,1502.9733729094664,1508.2132568359375,33200,0.0,0
2018-03-07,1541.3993573394198,1560.6122671759451,1496.8603390820201,1520.4398193359375,35500,0.0,0
2018-03-08,1530.9192733764648,1544.0189819335938,1511.7063674926758,1537.032470703125,21800,0.0,0
2018-03-09,1571.965106977465,1571.965106977465,1479.3938284554588,1496.860107421875,50100,0.0,0
2018-03-12,1518.6929022054755,1518.6929022054755,1468.9140089186947,1480.26708984375,36200,0.0,0
2018-03-13,1470.660744670286,1546.6390610517083,1458.4343489307469,1545.7657470703125,45000,0.0,0
2018-03-14,1545.7659277568118,1545.7659277568118,1497.7336531654985,1520.4398193359375,17800,0.0,0
2018-03-15,1509.08652310477,1544.0190815099731,1500.3533835034693,1537.9058837890625,19200,0.0,0
2018-03-16,1545.7657273038487,1564.1053206786403,1498.606772911528,1504.719970703125,41000,0.0,0
2018-03-19,1491.6202334866846,1501.2266869810367,1437.4747683366995,1459.3076171875,42300,0.0,0
2018-03-20,1447.9546889545763,1513.4532424356337,1447.9546889545763,1495.1136474609375,39900,0.0,0
2018-03-21,1495.1136474609375,1495.1136474609375,1495.1136474609375,1495.1136474609375,0,0.0,0
2018-03-22,1479.3937299865686,1481.1403577669541,1460.1808244023273,1468.0406494140625,31100,0.0,0
2018-03-23,1425.2482518856066,1438.3479600830844,1384.202499533509,1389.4423828125,68900,0.0,0
2018-03-26,1364.9896934390686,1368.4829492124252,1309.970915008703,1348.396728515625,53600,0.0,0
2018-03-27,1374.5960468553583,1416.515113087288,1374.5960468553583,1389.4423828125,28900,0.0,0
2018-03-28,1354.509745279948,1392.935553656684,1354.509745279948,1383.3291015625,22000,0.0,0
2018-03-29,1383.3292311623832,1406.035392784998,1372.849464259638,1401.6688232421875,24400,0.0,0
2018-03-30,1406.035310506531,1448.8276895219471,1406.035310506531,1437.474609375,31700,0.0,0
2018-04-02,1454.9410474173399,1466.294128819756,1440.9680241528276,1459.3076171875,25200,0.0,0
2018-04-03,1432.2349153763564,1449.7011948321656,1406.908810165433,1448.827880859375,28100,0.0,0
2018-04-04,1465.4208258919916,1474.1539654980227,1398.1756509255533,1407.7821044921875,44200,0.0,0
2018-04-05,1405.162017954704,1420.0083537565872,1375.4693463509377,1408.6552734375,62400,0.0,0
2018-04-06,1059.329864175964,1103.8688774265613,1059.329864175964,1062.8231201171875,1017200,0.0,0
2018-04-09,1082.0359268188477,1130.0681915283203,1063.6963348388672,1089.895751953125,409500,0.0,0
2018-04-10,1084.6558995981686,1096.8822946016905,1064.5696792352396,1065.4429931640625,144100,0.0,0
2018-04-11,1078.5426079666854,1079.4159218192901,1038.3701707468738,1040.9901123046875,113500,0.0,0
2018-04-12,1036.6235494065181,1036.6235494065181,1004.3109366617489,1017.41064453125,124400,0.0,0
2018-04-13,1018.2840796332557,1042.736870567845,1006.9309981279106,1031.3837890625,56600,0.0,0
2018-04-16,1034.003825500646,1037.4970816678779,1011.2976604136386,1013.9176025390625,51200,0.0,0
2018-04-17,1021.7775505970237,1052.3435457003536,1003.4379535350258,1046.2303466796875,76700,0.0,0
2018-04-18,1047.9767074775855,1076.7960669332192,1030.510429019626,1047.1033935546875,76000,0.0,0
2018-04-19,1047.103469683467,1067.1896913704725,1034.0037598875938,1048.85009765625,39400,0.0,0
2018-04-20,1040.990210950424,1061.0764314637293,1040.990210950424,1055.8365478515625,36500,0.0,0
2018-04-23,1049.7233424452486,1073.3028185234696,1040.9902031570184,1065.4429931640625,42800,0.0,0
2018-04-24,1061.9498660714285,1084.656030970982,1054.0900397600446,1069.8096923828125,61100,0.0,0
2018-04-25,1062.8231848751943,1090.7692341077386,1061.0765567981603,1088.1492919921875,49400,0.0,0
2018-04-26,1089.8957361629355,1095.1356195098726,1047.1033554962817,1053.216552734375,97900,0.0,0
2018-04-27,1067.1897756816536,1071.5563459585835,1047.1035524077763,1054.96337890625,31500,0.0,0
2018-04-30,1054.96337890625,1054.96337890625,1054.96337890625,1054.96337890625,0,0.0,0
2018-05-01,1054.963295560991,1066.316377384081,1043.6102137379007,1048.85009765625,28200,0.0,0
2018-05-02,1039.2436128948113,1063.6964037864539,1039.2436128948113,1059.329833984375,26300,0.0,0
2018-05-03,1059.329833984375,1059.329833984375,1059.329833984375,1059.329833984375,0,0.0,0
2018-05-04,1059.329833984375,1059.329833984375,1059.329833984375,1059.329833984375,0,0.0,0
2018-05-07,1047.97705078125,1063.6967065429687,1044.4837939453125,1047.97705078125,40900,0.0,0
2018-05-08,1047.9768617691532,1095.1358205487652,1047.9768617691532,1082.909423828125,79800,0.0,0
2018-05-09,1067.1897502790177,1085.5293450055804,1065.4431222098215,1069.8096923828125,40100,0.0,0
2018-05-10,1066.316261101718,1069.8095166663427,1047.9766693874378,1053.216552734375,54400,0.0,0
2018-05-11,1050.596725629033,1064.5697494112978,1034.8770738739852,1048.85009765625,57600,0.0,0
2018-05-14,1047.9769352956432,1064.5699034378242,1037.4971659426867,1052.343505859375,26800,0.0,0
2018-05-15,1052.3433694879382,1057.5832534853885,1037.4970314951622,1043.6102294921875,35600,0.0,0
2018-05-16,1040.9903264414984,1074.1762596669823,1033.1305001512521,1037.4970703125,54300,0.0,0
2018-05-17,1035.7502600540815,1068.9361874419865,1034.8769461754525,1058.4564208984375,53700,0.0,0
2018-05-18,1054.0900101095415,1078.5428023904587,1054.0900101095415,1066.31640625,37600,0.0,0
2018-05-21,1066.3163430367454,1115.2219246993643,1066.3163430367454,1101.2489013671875,77200,0.0,0
2018-05-22,1093.3891531080844,1099.502351248465,1087.2759549677037,1089.0225830078125,24700,0.0,0
2018-05-23,1083.7826864506553,1089.8958845208845,1065.4430922399672,1066.31640625,38500,0.0,0
2018-05-24,1059.330018761346,1070.683102227049,1050.5968776338823,1052.343505859375,25000,0.0,0
2018-05-25,1052.3433463310319,1068.9363119578281,1041.8635785667393,1044.4835205078125,24000,0.0,0
2018-05-28,1043.6101992564677,1053.216652973473,1039.2436293851017,1040.116943359375,17700,0.0,0
2018-05-29,1048.850138484521,1052.3433945660681,1027.8906019952383,1028.763916015625,37400,0.0,0
2018-05-30,1021.7772598331755,1028.763771011522,1013.9174347575357,1022.6505737304688,30000,0.0,0
2018-05-31,1030.5105039420275,1055.8366095473825,1026.1439340100699,1048.85009765625,35600,0.0,0
2018-06-01,1053.2166834875131,1074.1762194773144,1041.8636014930375,1043.6102294921875,29700,0.0,0
2018-06-04,1069.809593250549,1071.5562211578967,1047.976744408701,1068.936279296875,22700,0.0,0
2018-06-05,1072.4295126234233,1085.5292216538398,1051.4699781747572,1055.8365478515625,29100,0.0,0
2018-06-06,1055.8366022524626,1058.4565441935358,1043.610206527455,1044.4835205078125,20200,0.0,0
2018-06-07,1049.7234103376002,1065.443062073105,1045.356840411071,1062.8231201171875,17200,0.0,0
2018-06-08,1061.0764825459078,1099.5022975516856,1058.4565406136958,1086.402587890625,54900,0.0,0
2018-06-11,1086.4025515637989,1087.2758655120012,1050.5966796875,1050.5966796875,25900,0.0,0
2018-06-12,1045.3568344881703,1058.4565441935358,1041.8635785667393,1044.4835205078125,29000,0.0,0
2018-06-13,1047.1033554962817,1064.5696333194055,1047.1033554962817,1053.216552734375,12500,0.0,0
2018-06-14,1048.850051791095,1060.2031331177263,1048.850051791095,1050.5966796875,15300,0.0,0
2018-06-15,1041.8637032201734,1047.976901814089,1027.0173637778073,1030.5106201171875,55800,0.0,0
2018-06-18,1024.3972091674805,1024.3972091674805,999.0711059570312,1006.0576171875,42000,0.0,0
2018-06-19,1003.4377536059701,1013.0442072958446,968.5051947336997,979.8582763671875,51900,0.0,0
2018-06-20,978.9850074822176,985.9715195784332,944.9257610131664,985.0982055664062,58700,0.0,0
2018-06-21,982.4782030923027,990.3380287170411,970.2518076760429,978.1116333007812,25000,0.0,0
2018-06-22,969.3785872025924,973.7451574152166,953.6589344371449,960.6454467773438,15700,0.0,0
2018-06-25,958.8987137099443,966.758539232157,922.2195279396186,927.4594116210938,23300,0.0,0
2018-06-26,916.979740061508,942.3058471679686,916.979740061508,942.3058471679688,24200,0.0,0
2018-06-27,930.0793151005396,943.1790237639275,925.712745546077,940.55908203125,19900,0.0,0
2018-06-28,937.9391404719775,937.9391404719775,904.753211851926,919.5995483398438,24200,0.0,0
2018-06-29,935.3192885217587,951.9122544245723,919.5996366138301,951.0389404296875,14900,0.0,0
2018-07-02,945.7991456118498,945.7991456118498,921.3463514501399,922.2196655273438,11300,0.0,0
2018-07-03,922.21954585999,931.8259994626983,879.4271616297443,887.2869873046875,26700,0.0,0
2018-07-04,882.0470804354039,900.3866731969322,868.0740573790015,895.1467895507812,30100,0.0,0
2018-07-05,886.4136365904425,896.020089794871,835.7614287852743,837.508056640625,52700,0.0,0
2018-07-06,861.960884169913,968.5051879882812,853.2277445126698,968.5051879882812,82900,0.0,0
2018-07-09,994.7044882501119,1010.4241377571375,937.0657733910185,944.9255981445312,106700,0.0,0
2018-07-10,952.7855311721119,965.8852405832774,936.1925659179688,936.1925659179688,19800,0.0,0
2018-07-11,917.8529984541708,924.839510335839,896.0201488239574,900.38671875,25200,0.0,0
2018-07-12,904.7532043457031,907.3731460571289,888.1602401733398,894.2734375,11700,0.0,0
2018-07-13,904.7532582194804,904.7532582194804,883.793723280033,896.8934326171875,23900,0.0,0
2018-07-16,896.8934326171876,896.8934326171876,896.8934326171876,896.8934326171875,0,0.0,0
2018-07-17,896.8935006903123,910.8665250438128,889.0336744914682,901.2600708007812,17700,0.0,0
2018-07-18,901.2600636725879,960.6454167052777,901.2600636725879,957.1521606445312,27500,0.0,0
2018-07-19,957.1521895095328,968.5052720493358,946.6724210112533,967.6319580078125,16600,0.0,0
2018-07-20,956.2787701560019,965.8852235548293,950.1655725385663,962.3919677734375,8600,0.0,0
2018-07-23,961.5186388623583,961.5186388623583,952.7854995448074,953.6588134765625,4800,0.0,0
2018-07-24,951.9122670263454,992.08471132287,951.9122670263454,973.7451171875,16000,0.0,0
2018-07-25,989.464676025174,996.4511874181144,978.9849089357635,984.2247924804688,12900,0.0,0
2018-07-26,978.111602247807,1003.4377062345806,972.8717186643366,995.577880859375,21400,0.0,0
2018-07-27,1004.3109971788194,1004.3109971788194,982.4781494140625,982.4781494140625,7300,0.0,0
2018-07-30,983.3515712584082,984.2248852648543,971.1251751681615,973.7451171875,10000,0.0,0
2018-07-31,967.6318517820927,969.378479673396,955.4054565429688,955.4054565429688,10700,0.0,0
2018-08-01,945.7988891601562,947.5455168409691,934.4458092348727,945.7988891601562,21600,0.0,0
2018-08-02,945.7988604409849,977.2381577409622,945.7988604409849,963.26513671875,16100,0.0,0
2018-08-03,960.6454348430952,962.3920629064463,937.9392700195311,937.9392700195312,13300,0.0,0
2018-08-06,939.6858614630145,954.532199422932,923.0928955078125,923.0928955078125,8000,0.0,0
2018-08-07,923.0928039840597,923.0928039840597,904.753211851926,919.5995483398438,7900,0.0,0
2018-08-08,918.726318359375,930.0794002402417,901.2600385426568,918.726318359375,14800,0.0,0
2018-08-09,919.5995483398438,923.9661178951137,913.4863509624658,919.5995483398438,6800,0.0,0
2018-08-10,909.9930956163622,923.9661181978036,881.1737365421396,884.6669921875,35200,0.0,0
2018-08-13,884.6669532683213,889.0335226329231,861.960792572392,862.8341064453125,42900,0.0,0
2018-08-14,863.7075035270166,895.1468059809829,860.2142476987981,875.9338989257812,27800,0.0,0
2018-08-15,871.5673140336227,876.8071976851274,864.580802498283,874.187255859375,12200,0.0,0
2018-08-16,872.4406810015795,877.680564971559,852.3544591166583,876.8072509765625,21300,0.0,0
2018-08-17,865.4541697674487,877.6805657076548,864.5808557717196,869.8207397460938,10100,0.0,0
2018-08-20,870.694062487607,870.694062487607,853.2277823975847,860.2142944335938,11300,0.0,0
2018-08-21,855.847671790779,856.720985741586,834.0148230206061,850.6077880859375,19400,0.0,0
2018-08-22,845.367965919384,850.6078500056611,836.6348257755888,843.621337890625,16500,0.0,0
2018-08-23,844.4946198066882,862.8342134115904,838.3814219383875,861.0875854492188,12800,0.0,0
2018-08-24,861.087591328474,887.2870109429307,852.3544514569885,879.4271850585938,15100,0.0,0
2018-08-27,875.0606815113741,898.6401609532974,875.0606815113741,890.7803344726562,18900,0.0,0
2018-08-28,896.8933946051158,913.4863590622698,886.4136275795448,889.0335693359375,14400,0.0,0
2018-08-29,887.7073050053161,908.043229323167,885.0547931377704,896.5490112304688,11800,12.5,0
2018-08-30,904.5065917968749,915.1166397944922,898.3173971315981,904.506591796875,13900,0.0,0
2018-08-31,904.5066239713799,910.6958188568145,893.896575596349,895.6649169921875,16100,0.0,0
2018-09-03,907.1590755435972,907.1590755435972,863.8347142359594,885.0548095703125,22300,0.0,0
2018-09-04,885.939041979454,885.939041979454,872.6764814707795,881.5181884765625,11300,0.0,0
2018-09-05,877.0973190338074,893.0123913549854,877.0973190338074,885.9390258789062,10500,0.0,0
2018-09-06,885.9390258789062,888.5915379324359,874.4448069802778,885.9390258789062,9800,0.0,0
2018-09-07,871.7922814116107,885.0548414736535,870.9081107408078,876.213134765625,13500,0.0,0
2018-09-10,866.4872536551613,900.9699096679688,866.4872536551613,900.9699096679688,12000,0.0,0
2018-09-11,890.3598780868077,902.7382676530593,880.6340005704673,893.0123901367188,13600,0.0,0
2018-09-12,897.4332107365827,910.6957705011628,880.6339683681148,908.9274291992188,12900,0.0,0
2018-09-13,908.927382906854,915.1165771484375,900.9698474533892,915.1165771484375,18100,0.0,0
2018-09-14,905.3908251231527,919.537556765702,895.6649471189,897.4332885742188,29800,0.0,0
2018-09-17,897.4332885742188,897.4332885742188,897.4332885742188,897.4332885742188,0,0.0,0
2018-09-18,897.4333303288896,915.1167457048283,894.7808180224988,912.4642333984375,9900,0.0,0
2018-09-19,918.6533333997347,931.9158935546875,912.4641386607567,931.9158935546875,27900,0.0,0
2018-09-20,937.2209612230553,943.41015625,924.8425711691659,943.41015625,10700,0.0,0
2018-09-21,942.5259840570493,950.4835205078124,932.8001061727833,950.4835205078125,13800,0.0,0
2018-09-24,950.4835205078124,950.4835205078124,950.4835205078124,950.4835205078125,0,0.0,0
2018-09-25,951.3676897579063,962.8619090579554,941.641811888634,957.556884765625,22600,0.0,0
2018-09-26,953.1360863441804,980.5453801073247,953.1360863441804,978.7770385742188,23100,0.0,0
2018-09-27,979.6611834407402,984.9662078998056,959.3252563476562,959.3252563476562,21500,0.0,0
2018-09-28,961.0934608473627,967.2826551674469,940.7575366528004,953.1359252929688,14000,0.0,0
2018-10-01,950.4835057614455,951.3676764644795,944.2943108402083,947.8309936523438,7100,0.0,0
2018-10-02,921.305982562448,937.2210571172695,889.4758334528049,927.4951782226562,20100,0.0,0
2018-10-03,919.5374474158652,919.5374474158652,896.5490112304686,896.5490112304688,14500,0.0,0
2018-10-04,907.1591059846698,908.9274473218719,884.1706686010427,890.35986328125,17400,0.0,0
2018-10-05,890.3598168728619,904.506546833106,885.9389637602856,896.5490112304688,12000,0.0,0
2018-10-08,896.5490112304686,896.5490112304686,896.5490112304686,896.5490112304688,0,0.0,0
2018-10-09,893.8965608200225,908.9274624361851,877.9814885205562,893.0123901367188,34900,0.0,0
2018-10-10,893.8965319897756,907.1590918115824,879.7498015131816,880.6339721679688,11900,0.0,0
2018-10-11,856.761475558108,860.2981586357473,840.8464017087315,853.2247924804688,31200,0.0,0
2018-10-12,848.8039023241206,885.939073050801,848.8039023241206,879.7498779296875,25400,0.0,0
2018-10-15,884.1706748320678,884.1706748320678,840.8463117652965,851.4563598632812,32800,0.0,0
2018-10-16,853.224715399988,871.792299880195,851.4563740209206,857.6455688476562,13400,0.0,0
2018-10-17,870.908127297209,870.908127297209,854.9930549202043,868.255615234375,16900,0.0,0
2018-10-18,866.4872720207967,886.8231977927134,866.4872720207967,878.8656616210938,11600,0.0,0
2018-10-19,878.8656604028272,885.9390258789062,875.3289776647877,885.9390258789062,8900,0.0,0
2018-10-22,873.5606089066486,882.4023154745297,862.9505610251913,866.4872436523438,17400,0.0,0
2018-10-23,866.4872738591522,881.5181755485456,862.0664204210952,868.255615234375,15800,0.0,0
2018-10-24,870.9080964375318,878.8656323440676,853.2246833118966,870.02392578125,17800,0.0,0
2018-10-25,847.9196944387336,855.8772306743421,833.7729633532073,839.962158203125,32300,0.0,0
2018-10-26,844.3829372153897,844.3829372153897,813.4369656944068,816.0894775390625,18400,0.0,0
2018-10-29,809.0162059418833,820.5104252612762,799.2903280562432,803.711181640625,30200,0.0,0
2018-10-30,803.7111467355356,838.1938031961362,800.1744640216278,830.2362670898438,32500,0.0,0
2018-10-31,839.962158203125,842.6146702816612,827.5837685032894,839.962158203125,6800,0.0,0
2018-11-01,853.2247012129454,859.4138959367699,832.0046050169758,851.4563598632812,11400,0.0,0
2018-11-02,847.0355351321621,869.1398027504335,840.8463401990462,860.298095703125,17700,0.0,0
2018-11-05,847.0354906823025,868.2555864822766,845.2671493656379,855.877197265625,7600,0.0,0
2018-11-06,850.5721733156314,879.7498050405959,845.2671493656379,855.877197265625,25200,0.0,0
2018-11-07,853.2247770005379,900.0858269290649,840.8463864533798,854.1089477539062,50200,0.0,0
2018-11-08,864.7188576793967,864.7188576793967,849.6879572902866,854.9929809570312,12100,0.0,0
2018-11-09,862.066439924569,862.066439924569,845.267196479885,846.1513671875,9500,0.0,0
2018-11-12,847.0355263818254,847.0355263818254,823.1629176007093,825.8154296875,17100,0.0,0
2018-11-13,814.3212419049493,824.9312906594112,805.4795346095643,820.5104370117188,13000,0.0,0
2018-11-14,809.9003737331082,825.815446579392,809.0162030194257,817.85791015625,12000,0.0,0
2018-11-15,809.0162311084767,830.2363289736171,809.0162311084767,826.6996459960938,7400,0.0,0
2018-11-16,813.4370127895421,826.699572780676,805.4794767948619,806.3636474609375,27200,0.0,0
2018-11-19,803.7111338825969,820.5103765050054,803.7111338825969,816.9736938476562,18400,0.0,0
2018-11-20,808.1320344855986,813.437058782003,799.2903273249246,807.2478637695312,15000,0.0,0
2018-11-21,788.6802351960039,805.4794778739457,788.6802351960039,799.290283203125,25600,0.0,0
2018-11-22,794.8694744718613,808.1320352250069,791.3327916043557,803.711181640625,14200,0.0,0
2018-11-23,803.711181640625,803.711181640625,803.711181640625,803.711181640625,0,0.0,0
2018-11-26,806.3636316197519,819.6261913503399,798.4060957813991,810.7844848632812,11200,0.0,0
2018-11-27,810.784515081993,816.9737098536112,800.174466902076,812.5528564453125,18900,0.0,0
2018-11-28,816.9737365917242,836.4254922248605,813.4370537493359,832.004638671875,22800,0.0,0
2018-11-29,832.00456228074,847.0354629808171,824.0470266159932,832.8887329101562,20800,0.0,0
2018-11-30,832.0045626707423,839.9620983392191,826.6995388917577,829.35205078125,16400,0.0,0
2018-12-03,832.888808671255,847.9197107385706,824.047101572834,835.5413208007812,26900,0.0,0
2018-12-04,836.4254166141633,837.3095872448336,811.668638955393,822.2786865234375,18000,0.0,0
2018-12-05,814.3211508474042,826.6995396767892,810.7844683247228,822.2786865234375,9800,0.0,0
2018-12-06,821.3945321777874,830.2362386597872,809.0161431029875,814.3211669921875,23400,0.0,0
2018-12-07,811.6686875785988,814.3211996295092,801.058639374957,801.9428100585938,11200,0.0,0
2018-12-10,796.6377877858764,804.5953239568785,789.5644223005412,791.332763671875,21500,0.0,0
2018-12-11,792.2169200450451,795.7536027238176,774.5335066511824,785.1435546875,24300,0.0,0
2018-12-12,778.9542689654118,795.7535097263004,778.0700983990492,790.448486328125,16600,0.0,0
2018-12-13,789.5643157617625,805.4793859562885,784.2592923635872,790.448486328125,18000,0.0,0
2018-12-14,796.6377288219976,796.6377288219976,763.9234158737024,766.575927734375,19200,0.0,0
2018-12-17,766.5760196751941,766.5760196751941,740.935068613394,764.8076782226562,24300,0.0,0
2018-12-18,745.3559756359423,751.5451711631683,733.8617553710938,733.8617553710938,17200,0.0,0
2018-12-19,731.2091688219008,738.2825344211453,713.5257548237896,724.1358032226562,21700,0.0,0
2018-12-20,715.2940572634067,717.9465692186479,675.506377934787,677.2747192382812,28500,0.0,0
2018-12-21,664.012210020727,679.043112244898,643.6762834821428,649.865478515625,41700,0.0,0
2018-12-24,649.865478515625,649.865478515625,649.865478515625,649.865478515625,0,0.0,0
2018-12-25,618.9194201714571,636.602832176356,592.3943021641089,595.0468139648438,57400,0.0,0
2018-12-26,648.0970323546131,648.0970323546131,609.1935270018124,613.6143798828125,33300,0.0,0
2018-12-27,648.9812747707088,671.9697122966467,641.023738704038,665.780517578125,15200,0.0,0
2018-12-28,656.9388114002263,671.9697128723715,654.2862993757302,662.2438354492188,15400,0.0,0
2018-12-31,662.2438354492188,662.2438354492188,662.2438354492188,662.2438354492188,0,0.0,0
2019-01-04,662.2438613596271,688.7689826423891,653.402154265373,685.2322998046875,17600,0.0,0
2019-01-07,689.6531485323591,715.2940989265109,689.6531485323591,709.9890747070312,17400,0.0,0
2019-01-08,706.4523464592913,714.4098822767301,705.5681758129092,709.1048583984375,11200,0.0,0
2019-01-09,715.2940520109954,722.3674171730324,711.7573694299768,716.17822265625,20000,0.0,0
2019-01-10,723.2516159573615,737.3983468318331,714.4099091608168,732.0933227539062,19700,0.0,0
2019-01-11,705.5680847167969,726.7881774902344,694.9580383300781,714.4097900390625,15900,0.0,0
2019-01-15,731.2090749526164,760.3867043038092,722.3673690886187,747.1241455078125,23400,0.0,0
2019-01-16,748.8924873416164,751.5449991031569,734.7457579467334,736.5140991210938,6200,0.0,0
2019-01-17,740.9350869520655,751.5451359298993,724.1358427371619,749.7767944335938,10000,0.0,0
2019-01-18,751.5450452563301,754.1975571807643,735.6299737097255,740.9349975585938,6500,0.0,0
2019-01-21,750.660968707158,750.660968707158,728.5566998995267,735.6300659179688,15500,0.0,0
2019-01-22,729.440781423107,729.440781423107,717.0623924050179,723.2515869140625,10000,0.0,0
2019-01-23,721.483154296875,721.483154296875,709.1047668457031,714.4097900390625,4000,0.0,0
2019-01-24,714.4098813657408,717.0623933015047,708.2206868489584,716.17822265625,9500,0.0,0
2019-01-25,727.6724860222786,730.3249981219952,713.5257548237896,724.1358032226562,6300,0.0,0
2019-01-28,735.6300969503012,736.514267739905,729.4409014230752,733.8617553710938,6700,0.0,0
2019-01-29,727.672394135007,727.672394135007,711.7573235463921,722.3673706054688,3900,0.0,0
2019-01-30,719.7149374389649,721.4832788085938,707.3365478515625,707.3365478515625,16400,0.0,0
2019-01-31,709.9889527131082,724.1356815342909,703.7997588538408,706.4522705078125,10300,0.0,0
2019-02-01,709.9890747070311,715.2940989265109,705.5682211907981,709.9890747070312,8500,0.0,0
2019-02-04,717.0623470759305,725.019882370238,712.6414941346485,722.3673706054688,14900,0.0,0
2019-02-05,729.4408254244698,736.5141910043435,724.1358012395646,734.745849609375,5900,0.0,0
2019-02-06,738.2824405168595,738.2824405168595,725.0198817051795,732.9774169921875,2600,0.0,0
2019-02-07,729.4407501961421,735.6299444402306,724.135726558352,728.5565795898438,12300,0.0,0
2019-02-08,727.6725503195913,727.6725503195913,711.7574763150316,713.5258178710938,6600,0.0,0
2019-02-12,706.4522552490234,716.1781311035156,699.3788909912109,714.4097900390625,6000,0.0,0
2019-02-13,716.1783436768178,720.5991976501315,707.3366357301904,719.7150268554688,5700,0.0,0
2019-02-14,720.5991536963801,720.5991536963801,709.989104807599,711.7574462890625,9600,0.0,0
2019-02-15,710.8731232644321,710.8731232644321,701.147247199869,706.4522705078125,6900,0.0,0
2019-02-18,717.9466110362507,717.9466110362507,705.5682211907981,709.9890747070312,3600,0.0,0
2019-02-19,717.9465630491671,725.0199282023609,712.6415391842718,723.2515869140625,6400,0.0,0
2019-02-20,719.714874417911,723.251556847483,705.5681446996227,717.946533203125,12200,0.0,0
2019-02-21,718.830856060806,720.5991976501315,713.5258312928296,719.7150268554688,3900,0.0,0
2019-02-22,719.7148738209794,726.7882386742568,717.9465326076601,725.0198974609375,3900,0.0,0
2019-02-25,725.0199850268149,746.240082149551,725.0199850268149,744.4717407226562,30000,0.0,0
2019-02-26,756.5879536625247,756.5879536625247,735.9455777025744,738.6380615234375,6700,12.5,0
2019-02-27,745.817994593986,745.817994593986,726.9706084490117,727.8681030273438,6300,0.0,0
2019-02-28,720.688203328194,729.6631498204505,709.9182675374863,711.7132568359375,6000,0.0,0
2019-03-01,725.1756318008441,725.1756318008441,711.7132128936503,724.2781372070312,4200,0.0,0
2019-03-04,719.790573512326,734.1504852033449,719.790573512326,733.2529907226562,5100,0.0,0
2019-03-05,730.5606352449195,732.3556245207054,726.0731620554543,731.4581298828125,4800,0.0,0
2019-03-06,731.4580414043305,735.9455140509829,724.2780851696868,730.560546875,7700,0.0,0
2019-03-07,731.4579863148957,737.7404475470482,725.1755250827433,728.7655029296875,7800,0.0,0
2019-03-08,726.9705382389808,734.1504941722053,716.2006043391441,721.5855712890625,14300,0.0,0
2019-03-11,713.5081239819967,729.6630249023439,712.6106294864219,729.6630249023438,4000,0.0,0
2019-03-12,726.9705837375515,735.0480346679688,725.1755946419032,735.0480346679688,3000,0.0,0
2019-03-13,734.1505489026085,748.510461839579,733.2530543440479,741.3305053710938,4400,0.0,0
2019-03-14,746.7154327503016,746.7154327503016,739.5354766661641,744.02294921875,1900,0.0,0
2019-03-15,746.715537988744,761.9729468178409,746.715537988744,757.4854736328125,15500,0.0,0
2019-03-18,756.5879092199401,756.5879092199401,740.4330072437136,751.2029418945312,7800,0.0,0
2019-03-19,751.2028869263426,751.2028869263426,746.7154144835329,749.4078979492188,3400,0.0,0
2019-03-20,752.1003758398209,773.6402434056392,752.1003758398209,769.1527709960938,34300,0.0,0
2019-03-22,796.0776523975057,798.7701360020069,776.332772631164,782.615234375,29700,0.0,0
2019-03-25,778.1277283344072,788.0001677942439,761.07533290378,783.5126953125,16500,0.0,0
2019-03-26,791.5901433771307,842.747329513748,789.795154389881,829.284912109375,26300,0.0,0
2019-03-27,846.337325954238,859.7997436523438,832.8749082561325,859.7997436523438,18600,0.0,0
2019-03-28,872.364771171639,896.5971259264066,852.619889519606,891.212158203125,20700,0.0,0
2019-03-29,907.3670461453786,928.0094220715346,856.2098536327311,860.6973266601562,28700,0.0,0
2019-04-01,877.7497465420613,877.7497465420613,811.3351440429686,811.3351440429688,23600,0.0,0
2019-04-02,824.7975077491642,824.7975077491642,796.9751761493557,809.5401000976562,11800,0.0,0
2019-04-03,788.0003023211303,813.130152509048,788.0003023211303,805.9501953125,5100,0.0,0
2019-04-04,820.31005859375,840.9524342476409,816.7200802191603,820.31005859375,17600,0.0,0
2019-04-05,813.1301142057143,813.1301142057143,779.0253191286535,790.6927490234375,40000,0.0,0
2019-04-08,791.5902176258176,792.4877122036246,768.2553586028343,771.8453369140625,10100,0.0,0
2019-04-09,762.8703579254683,776.3327760065059,761.9728633867325,772.7427978515625,7800,0.0,0
2019-04-10,762.8702823246751,768.2552490234375,758.3828100757064,768.2552490234375,3800,0.0,0
2019-04-11,765.5628699803295,765.5628699803295,753.8954405433491,755.6904296875,3600,0.0,0
2019-04-12,751.2028962951802,777.2302367880836,749.4079072956696,773.6402587890625,6400,0.0,0
2019-04-15,787.1027558209146,788.897745001806,779.0253045069029,786.2052612304688,9400,0.0,0
2019-04-16,778.1277588880766,785.3077151407925,764.6653409142345,774.5377807617188,7100,0.0,0
2019-04-17,768.2553039408508,770.9477874826996,763.7678313711028,770.05029296875,2700,0.0,0
2019-04-18,764.6653290335375,767.3578125864725,758.3828674100225,760.1778564453125,7500,0.0,0
2019-04-19,773.6403012605307,793.3851813391057,773.6403012605307,779.0252685546875,14300,0.0,0
2019-04-22,775.4353301119943,776.3328247070312,767.357878756661,776.3328247070312,9700,0.0,0
2019-04-23,767.3578553462503,771.8453281845325,763.7678770756246,765.5628662109375,3200,0.0,0
2019-04-24,763.7678524642041,779.0252596227134,763.7678524642041,772.7427978515625,10100,0.0,0
2019-04-25,765.5629227956135,776.3328584035237,765.5629227956135,775.4353637695312,6000,0.0,0
2019-04-26,775.4352323694574,775.4352323694574,769.1527709960938,769.1527709960938,2400,0.0,0
2019-05-07,770.050345325582,771.8453344755252,762.8703887258097,763.7678833007812,5600,0.0,0
2019-05-08,756.5878967938328,762.870358570294,753.8954131753493,754.7929077148438,7400,0.0,0
2019-05-09,753.8953391335228,769.1527448064631,740.4329223632814,740.4329223632812,17300,0.0,0
2019-05-10,739.5354364705204,744.9204032409368,723.3805361592712,728.7655029296875,10100,0.0,0
2019-05-13,720.6880799465954,736.8429808669425,720.6880799465954,729.6630249023438,8300,0.0,0
2019-05-14,716.2006587556219,729.663077153284,716.2006587556219,723.380615234375,5000,0.0,0
2019-05-15,736.8429530853122,737.7404475470482,728.7655029296875,728.7655029296875,2300,0.0,0
2019-05-16,730.5605407415652,736.8430023941339,730.5605407415652,732.3555297851562,3700,0.0,0
2019-05-17,736.8429901123047,744.9204406738282,733.253012084961,735.9454956054688,3800,0.0,0
2019-05-20,735.9454586235761,742.2279198557286,728.7655029296875,728.7655029296875,3900,0.0,0
2019-05-21,735.0480659777213,735.0480659777213,720.6881526008672,726.0731201171875,3000,0.0,0
2019-05-22,727.8680359111942,730.5605193979186,724.2780579288948,729.6630249023438,7900,0.0,0
2019-05-23,729.663098461401,733.2530768056146,721.5856471869205,726.0731201171875,1800,0.0,0
2019-05-24,731.4580537772473,731.4580537772473,724.2780974211516,726.9705810546875,3500,0.0,0
2019-05-27,726.9705687576782,731.4580414043305,726.9705687576782,730.560546875,4100,0.0,0
2019-05-28,811.3350051398027,865.184673622533,768.2552703536185,852.6197509765625,314600,0.0,0
2019-05-29,812.2324720656411,819.4124276198124,776.332694294784,788.0001220703125,148500,0.0,0
2019-05-30,780.8203059837912,791.59024123874,744.0230271960493,756.5879516601562,73000,0.0,0
2019-05-31,751.2029053028875,775.4352570868517,737.7404876451297,744.02294921875,41800,0.0,0
2019-06-03,735.94561236503,781.717839475538,674.0184815684604,711.7132568359375,238900,0.0,0
2019-06-04,707.2257399245856,758.3829317719224,700.9432777678951,724.2781372070312,68800,0.0,0
2019-06-05,732.3555086096939,747.6129150390625,726.9705416346226,747.6129150390625,14900,0.0,0
2019-06-06,753.8954762912987,753.8954762912987,732.3556055401187,736.8430786132812,8900,0.0,0
2019-06-07,736.8429432806568,768.2552490234375,732.3554710316881,768.2552490234375,22600,0.0,0
2019-06-10,754.7928346893491,767.3577570266272,744.9203957100591,758.3828125,16100,0.0,0
2019-06-11,758.3828404098406,779.0252135807592,752.9978734956878,777.230224609375,24000,0.0,0
2019-06-12,774.5378182004398,778.1277965003259,763.7678833007812,763.7678833007812,9400,0.0,0
2019-06-13,753.8953402366864,780.8201738165681,741.3304178994082,758.3828125,21600,0.0,0
2019-06-14,761.0753819911141,768.2553384249926,751.2029418945312,751.2029418945312,10000,0.0,0
2019-06-17,752.1004552003423,752.1004552003423,744.9204985874511,745.8179931640625,7900,0.0,0
2019-06-18,750.3053924377806,755.6903593691522,729.6630192008561,749.4078979492188,6800,0.0,0
2019-06-19,754.7929138983816,754.7929138983816,744.9204738830639,752.9979248046875,8100,0.0,0
2019-06-20,759.2803804123162,759.2803804123162,747.6129513988881,754.7929077148438,2900,0.0,0
2019-06-21,754.7928833449563,755.6903778554736,735.9454986240953,744.02294921875,7700,0.0,0
2019-06-24,757.4853483462762,757.4853483462762,735.9454806207897,749.4078979492188,9700,0.0,0
2019-06-25,762.8703710995837,762.8703710995837,747.612963677592,751.2029418945312,9600,0.0,0
2019-06-26,746.7154144835329,752.1003814149045,746.7154144835329,749.4078979492188,6900,0.0,0
2019-06-27,749.4080218997611,758.3829682698181,744.9205487147326,757.4854736328125,11300,0.0,0
2019-06-28,756.5879029920758,767.3578375542405,752.1004302578405,752.9979248046875,10100,0.0,0
2019-07-01,756.5878482493664,770.0502654780029,756.5878482493664,769.1527709960938,9100,0.0,0
2019-07-02,765.5627930684574,770.947759959912,759.2803316950938,769.1527709960938,4200,0.0,0
2019-07-03,769.1528258495753,771.8453094873217,767.3578367577443,770.9478149414062,4500,0.0,0
2019-07-04,777.230169098071,803.2575073242189,773.6401914117057,803.2575073242188,27000,0.0,0
2019-07-05,777.2302643564872,777.2302643564872,753.8954065351608,774.5377807617188,41000,0.0,0
2019-07-08,776.3327422883284,782.6152037866154,771.8452697895519,773.6402587890625,11400,0.0,0
2019-07-09,783.5126546699311,783.5126546699311,768.2552490234375,768.2552490234375,6700,0.0,0
2019-07-10,768.2552825749269,773.6402495088633,766.4602935969481,767.3577880859375,5200,0.0,0
2019-07-11,779.0252658546457,779.0252658546457,765.5628476659133,770.9478149414062,4000,0.0,0
2019-07-12,779.0252658546457,779.0252658546457,770.9478149414062,770.9478149414062,3000,0.0,0
2019-07-16,769.1527770639163,770.9477660418951,761.9728211520011,767.3577880859375,6400,0.0,0
2019-07-17,771.8452605308845,771.8452605308845,762.8703156409905,767.3577880859375,3900,0.0,0
2019-07-18,775.4352849264706,775.4352849264706,762.870361328125,762.870361328125,9700,0.0,0
2019-07-19,771.8452789702039,771.8452789702039,758.3828613137468,761.9728393554688,8300,0.0,0
2019-07-22,761.0753234430408,761.0753234430408,758.3828399874641,759.2803344726562,3300,0.0,0
2019-07-23,761.0753933726553,768.2553499139067,758.382909669686,765.5628662109375,6700,0.0,0
2019-07-24,768.2552490234375,769.1527434732312,764.6652712242626,768.2552490234375,4200,0.0,0
2019-07-25,768.255300928482,769.1527954389124,758.3828613137468,761.9728393554688,5300,0.0,0
2019-07-26,761.9728393554688,761.9728393554688,760.1778503346078,761.9728393554688,1400,0.0,0
2019-07-29,761.9728393554688,764.6653228867601,755.6903777824555,761.9728393554688,5900,0.0,0
2019-07-30,761.9728941508382,767.3578616006674,758.382915850952,763.7678833007812,10500,0.0,0
2019-07-31,764.6653228867601,768.255300928482,761.0753448450382,761.9728393554688,11100,0.0,0
2019-08-01,770.9478423362555,771.8453369140625,765.5628748694131,771.8453369140625,3600,0.0,0
2019-08-02,764.6653104601215,764.6653104601215,747.6129150390625,747.6129150390625,10800,0.0,0
2019-08-05,752.9979357092316,752.9979357092316,719.7906369949985,723.380615234375,12600,0.0,0
2019-08-06,720.6880799465954,733.2530028846431,717.9955964598709,729.6630249023438,10200,0.0,0
2019-08-07,728.7655029296875,730.5604918531596,720.688052774063,728.7655029296875,9400,0.0,0
2019-08-08,733.2530243069518,734.1505188287473,726.970562654383,732.3555297851562,2600,0.0,0
2019-08-09,735.9454227188259,743.1253780624241,726.0729841213782,739.535400390625,9000,0.0,0
2019-08-13,738.6379698580922,739.5354643536671,727.8680359111942,729.6630249023438,3900,0.0,0
2019-08-14,752.9979837808265,752.9979837808265,735.0480914380178,744.9205322265625,7700,0.0,0
2019-08-15,736.8430786132812,739.5355624571787,728.7656270815887,736.8430786132812,4000,0.0,0
2019-08-16,736.8429901123047,742.2279571533204,735.9454956054689,735.9454956054688,2300,0.0,0
2019-08-19,737.740439009233,743.1254057173296,735.9454501065342,740.4329223632812,3300,0.0,0
2019-08-20,744.9204650292029,746.7154541015624,740.4329923483041,746.7154541015625,3700,0.0,0
2019-08-21,746.7155129860267,746.7155129860267,735.9455777025744,738.6380615234375,3300,0.0,0
2019-08-22,752.1004527293853,752.1004527293853,737.7405395507812,737.7405395507812,8000,0.0,0
2019-08-23,737.7404425092739,749.40787043217,737.7404425092739,748.5103759765625,10400,0.0,0
2019-08-26,726.9705505371095,738.6379791259766,726.9705505371095,735.9454956054688,4700,0.0,0
2019-08-27,737.7405395507812,744.9204961400833,736.8430449771186,737.7405395507812,6700,0.0,0
2019-08-28,738.6379334605824,744.9203946200284,714.4055832741478,740.4329223632812,13100,0.0,0
2019-08-29,736.3320922851562,738.1546964739808,728.1303734354453,736.3320922851562,8000,12.5,0
2019-08-30,735.4208314568723,740.8886443301576,729.953018583587,739.0660400390625,7800,0.0,0
2019-09-02,734.5095076851222,739.0660182787025,733.5982055664062,733.5982055664062,3100,0.0,0
2019-09-03,735.4207901907439,739.0659985683932,733.5981860019192,736.3320922851562,6000,0.0,0
2019-09-04,736.3321178117197,736.3321178117197,729.0417008036829,729.9530029296875,7600,0.0,0
2019-09-05,730.8642854453319,739.9773064608597,730.8642854453319,732.6868896484375,6000,0.0,0
2019-09-06,740.8885970092172,740.8885970092172,735.4207844851638,739.977294921875,3900,0.0,0
2019-09-09,737.2435374716869,741.800048828125,736.3322352003993,741.800048828125,3100,0.0,0
2019-09-10,741.7998990965593,741.7998990965593,737.2433886598483,739.977294921875,4500,0.0,0
2019-09-11,743.6225663253654,748.1790771484375,743.6225663253654,748.1790771484375,7000,0.0,0
2019-09-12,749.0904204729691,753.6469315464057,747.2678160435945,750.9130249023438,10900,0.0,0
2019-09-13,755.4695160022814,756.3808181928753,739.0660765715926,753.6469116210938,24800,0.0,0
2019-09-17,751.8243072399061,753.6469116210938,742.7112853339678,753.6469116210938,8100,0.0,0
2019-09-18,754.5581923007385,755.4694944653528,748.1790771484375,748.1790771484375,14900,0.0,0
2019-09-19,749.0903614863914,759.1146850585938,749.0903614863914,759.1146850585938,10600,0.0,0
2019-09-20,759.1146493685447,773.6954829698612,750.9129304678041,752.7355346679688,36500,0.0,0
2019-09-24,755.4693657522491,771.872801920573,751.8241577148439,751.8241577148438,15900,0.0,0
2019-09-25,758.2033553324309,758.2033553324309,750.0016363444598,757.2920532226562,11000,0.0,0
2019-09-26,754.5581743439564,761.8485914873762,752.7355700581014,759.1146850585938,19800,0.0,0
2019-09-27,757.2920005104759,769.1389271129261,756.3806984641335,761.8485107421875,21500,0.0,0
2019-09-30,770.9615121236661,846.5995800979738,770.9615121236661,784.6310424804688,111400,0.0,0
2019-10-01,781.897216796875,783.7198210318328,770.0502892696496,781.897216796875,21100,0.0,0
2019-10-02,803.7684996307304,819.2606362449282,783.7198522476509,800.123291015625,25400,0.0,0
2019-10-03,810.1475808577103,810.1475808577103,788.2763300808992,801.9458618164062,7800,0.0,0
2019-10-04,797.3893245803976,805.5910433475102,775.5180745347639,780.0745849609375,8900,0.0,0
2019-10-07,756.3807396326076,767.3163647839224,754.5581354407218,764.5824584960938,21600,0.0,0
2019-10-08,761.8485659644717,772.7841913132442,760.0259617396764,765.4937744140625,14400,0.0,0
2019-10-09,759.1146459204364,768.2276668798653,759.1146459204364,764.5824584960938,7200,0.0,0
2019-10-10,764.5824979161587,765.4938000590861,759.1146850585938,759.1146850585938,6600,0.0,0
2019-10-11,759.1146516537239,766.4050684763287,758.2033495508982,760.937255859375,9900,0.0,0
2019-10-15,758.2033966576739,767.316418252117,754.5581880198966,760.0260009765625,12700,0.0,0
2019-10-16,768.2277221679689,768.2277221679689,760.9373048757461,768.2277221679688,8000,0.0,0
2019-10-17,761.8485659644717,773.6954934256418,761.8485659644717,765.4937744140625,4000,0.0,0
2019-10-18,775.5181056998891,778.2520120654586,763.6711781157545,770.05029296875,13600,0.0,0
2019-10-21,770.0503601727389,783.7198931935567,760.0260359574725,766.4051513671875,24800,0.0,0
2019-10-23,766.4050209738991,770.0502291592685,761.8485107421875,761.8485107421875,19600,0.0,0
2019-10-24,772.7841739564994,777.3406844161486,767.3163614049204,776.4293823242188,5300,0.0,0
2019-10-25,776.4294632011926,778.2520675749042,759.1147216509312,773.695556640625,13900,0.0,0
2019-10-28,770.0502514329488,778.2519700872642,764.5824389967386,767.3163452148438,13400,0.0,0
2019-10-29,774.6068174393746,774.6068174393746,755.4694725379312,770.9616088867188,13500,0.0,0
2019-10-30,761.8486748461454,772.7843017578125,761.8486748461454,772.7843017578125,17000,0.0,0
2019-10-31,773.6955153012105,778.2520259920304,767.3164003340628,770.9616088867188,8400,0.0,0
2019-11-01,763.6712325852105,775.5181610143367,752.7356063429402,773.695556640625,14900,0.0,0
2019-11-05,774.6068632221658,798.3007202148438,768.2277478779832,798.3007202148438,40700,0.0,0
2019-11-06,798.3006670775397,807.4136883912104,787.3650415011351,802.857177734375,22800,0.0,0
2019-11-07,803.7684375,825.6396874999999,803.7684375,820.171875,23500,0.0,0
2019-11-08,825.639726800134,833.8414459405327,780.9859225912967,786.4537353515625,30100,0.0,0
2019-11-11,787.3650374782735,793.7441523652502,785.5424332248515,786.4537353515625,6100,0.0,0
2019-11-12,793.7442092547134,806.5024399430785,793.7442092547134,798.3007202148438,8500,0.0,0
2019-11-13,798.3006395984428,807.413660598425,798.3006395984428,801.0345458984375,3500,0.0,0
2019-11-14,801.9458655475057,807.4136782671478,790.0989379882812,790.0989379882812,5000,0.0,0
2019-11-15,792.832894994123,805.5911254882814,792.832894994123,805.5911254882812,6600,0.0,0
2019-11-18,810.1476242681256,814.7041350907809,801.0346026228149,812.8815307617188,7000,0.0,0
2019-11-19,812.881467376398,812.881467376398,804.6797485351562,804.6797485351562,4200,0.0,0
2019-11-20,804.6797681635076,806.5023723949084,798.3006533536043,801.9458618164062,5300,0.0,0
2019-11-21,808.3250139781406,817.4380355562482,799.2119924000332,816.5267333984375,5800,0.0,0
2019-11-22,818.3493684394175,818.3493684394175,798.3007202148438,798.3007202148438,5600,0.0,0
2019-11-25,784.6311467226427,812.8815132132373,784.6311467226427,795.5667724609375,8300,0.0,0
2019-11-26,802.8571509413832,931.3507471760428,792.8328278308779,925.8829345703125,289400,0.0,0
2019-11-27,1002.4324035644532,1109.9660614013674,897.632652282715,911.3021850585938,1047700,0.0,0
2019-11-28,944.1089615854025,965.9802116607401,903.1003676941447,945.020263671875,305700,0.0,0
2019-11-29,949.5768553673418,956.8672726830218,873.93877571716,877.583984375,136800,0.0,0
2019-12-02,891.2534477038262,893.0760518913596,852.0674576718584,852.978759765625,116800,0.0,0
2019-12-03,852.9787180955498,877.5838734252292,843.865697603076,870.29345703125,53700,0.0,0
2019-12-04,876.6727143616235,876.6727143616235,855.7127638103581,867.5596923828125,19700,0.0,0
2019-12-05,865.7369832789644,867.5595874542886,852.9787540516954,856.6239624023438,17800,0.0,0
2019-12-06,858.4466198926303,862.0918284696692,846.5996920172544,852.0675048828125,21000,0.0,0
2019-12-09,853.8900618593917,866.6482911721255,846.5996451092582,852.978759765625,35500,0.0,0
2019-12-10,852.0675085974391,890.3421988232064,852.0675085974391,868.470947265625,68500,0.0,0
2019-12-11,868.4709945806936,883.0518297467912,859.3579726018825,867.5596923828125,20400,0.0,0
2019-12-12,871.2047703067253,872.1160723677156,862.0917496968223,863.0030517578125,7600,0.0,0
2019-12-13,870.2935397240423,873.9387482673891,843.8657777847782,847.510986328125,35300,0.0,0
2019-12-16,849.3335805834641,852.0674869587328,824.7284232060462,834.7527465820312,36700,0.0,0
2019-12-17,829.2848484952684,842.0430769336572,823.8170363073875,841.1317749023438,17100,0.0,0
2019-12-18,841.1318614576581,841.1318614576581,824.7284232060462,834.7527465820312,17700,0.0,0
2019-12-19,832.0188700812204,834.7527765546527,811.9702226093838,816.5267333984375,28400,0.0,0
2019-12-20,823.8171052574849,825.6397094726564,812.8814799664564,825.6397094726562,14200,0.0,0
2019-12-23,825.6397470801768,839.3092793166036,805.5910998000842,811.97021484375,30200,0.0,0
2019-12-24,812.8814973084451,816.5267058165548,808.3249866733081,814.7041015625,16400,0.0,0
2019-12-25,809.2362368158495,811.0588409528222,797.3893099255274,799.2119140625,19800,0.0,0
2019-12-26,794.65543119845,801.9458479984357,791.9215248984552,801.0345458984375,28000,0.0,0
2019-12-27,801.0344960040768,817.4379327823173,793.7440796581922,813.792724609375,14900,0.0,0
2019-12-30,808.3249766263094,823.8171125932173,801.9458618164061,801.9458618164062,12700,0.0,0
2020-01-06,801.9458912037038,815.6154234401305,792.8328697127525,811.97021484375,15200,0.0,0
2020-01-07,811.97015625,823.8170833333332,811.97015625,820.171875,11100,0.0,0
2020-01-08,822.9058387393043,822.9058387393043,786.4537528593794,803.7684936523438,14700,0.0,0
2020-01-09,807.4137118203299,822.9058485031128,807.4137118203299,816.5267333984375,12900,0.0,0
2020-01-10,816.5266554240087,829.2848844150088,816.5266554240087,827.4622802734375,10400,0.0,0
2020-01-14,819.2606764007032,834.7528137742427,811.9702588131553,831.1076049804688,17600,0.0,0
2020-01-15,852.0674831361638,878.4952446451998,837.4866492001438,846.5996704101562,89200,0.0,0
2020-01-16,872.1161740310133,872.1161740310133,845.6884111815887,857.5353393554688,25500,0.0,0
2020-01-17,848.4222420838275,866.6482838042106,828.3735961914064,828.3735961914062,37700,0.0,0
2020-01-20,836.5753470791426,856.62399374117,823.8171173851251,846.5996704101562,30200,0.0,0
2020-01-21,851.1562224948867,855.7127333219471,842.0432008407658,849.3336181640625,11800,0.0,0
2020-01-22,841.1318394252232,841.1318394252232,825.6397037044986,829.284912109375,19700,0.0,0
2020-01-23,829.2849376589754,832.9301461761577,822.9058227539064,822.9058227539062,8000,0.0,0
2020-01-24,828.3736157954135,831.1075221181706,815.6153862892135,825.6397094726562,17400,0.0,0
2020-01-27,811.97015625,826.5509895833333,811.97015625,820.171875,15200,0.0,0
2020-01-28,813.7928286726303,832.0188718679859,813.7928286726303,824.7284545898438,33200,0.0,0
2020-01-29,824.7284528187344,827.4623592921665,811.9702226093838,816.5267333984375,16100,0.0,0
2020-01-30,818.3493121074284,825.639729141793,776.4294141598319,822.9058227539062,52300,0.0,0
2020-01-31,820.1718841241683,820.1718841241683,801.9458422547424,804.6797485351562,15600,0.0,0
2020-02-03,793.7441469460128,818.3493041992188,793.7441469460128,818.3493041992188,15500,0.0,0
2020-02-04,832.0188184130324,832.9301205142514,815.6153805910886,829.284912109375,16000,0.0,0
2020-02-05,837.486635536983,855.7126776596596,836.5753334308492,845.6883544921875,23500,0.0,0
2020-02-06,849.3335098985602,887.6081959669503,843.865697603076,870.29345703125,50600,0.0,0
2020-02-07,874.8500041555851,878.4952125062334,854.8013582270196,856.6239624023438,18800,0.0,0
2020-02-10,852.0674809994905,858.4465958305027,837.486647100034,838.39794921875,15000,0.0,0
2020-02-12,857.5353098223286,857.5353098223286,844.7770799206148,847.510986328125,8300,0.0,0
2020-02-13,855.7127426824912,865.7370666116791,851.1562318055877,862.0918579101562,10500,0.0,0
2020-02-14,863.0030770159782,863.0030770159782,844.7770352627368,856.6239624023438,11200,0.0,0
2020-02-17,842.9544495167848,842.9544495167848,823.8171052574849,825.6397094726562,11400,0.0,0
2020-02-18,825.6396817907823,826.5509838678141,813.7927547893694,823.8170776367188,14000,0.0,0
2020-02-19,812.8815384506514,824.7284667016138,812.8815384506514,817.4380493164062,17700,0.0,0
2020-02-20,820.1718923207876,825.6397049362595,807.4136628846865,809.2362670898438,17800,0.0,0
2020-02-21,802.8571660628604,814.7040935984077,802.8571660628604,810.1475830078125,8400,0.0,0
2020-02-25,782.8085754604756,806.5024322264504,782.8085754604756,793.7442016601562,28700,0.0,0
2020-02-26,785.5424032435171,787.3650074273768,774.6067781403591,776.4293823242188,32700,0.0,0
2020-02-27,790.7649929118606,804.6380629629459,755.619882115778,784.2908935546875,44400,12.5,0
2020-02-28,729.7233817577362,755.6197755336761,689.0290486812592,710.3010864257812,64200,0.0,0
2020-03-02,689.0291553453354,738.9722082160041,689.0291553453354,722.3245239257812,33000,0.0,0
2020-03-03,739.8970346602183,740.8219059535436,698.277826460581,699.2026977539062,21900,0.0,0
2020-03-04,699.2026977539062,706.6016681005085,693.6534699939547,699.2026977539062,8700,0.0,0
2020-03-05,699.2026865628048,716.7752408547271,697.3529440057604,711.2260131835938,16000,0.0,0
2020-03-06,694.5783247514205,697.3529385653409,681.630126953125,681.630126953125,26900,0.0,0
2020-03-09,667.7570753014605,667.7570753014605,630.7622234842052,638.1611938476562,38000,0.0,0
2020-03-10,601.1663791550375,638.1612332568859,579.8943380464746,631.6871337890625,41900,0.0,0
2020-03-11,631.6871751828302,636.3115322485903,612.2648755066377,615.0394897460938,20900,0.0,0
2020-03-12,615.0393778483073,615.0393778483073,578.969399297805,582.6688842773438,32400,0.0,0
2020-03-13,541.9745428290034,563.246581199425,529.0263455600511,542.8994140625,64000,0.0,0
2020-03-16,545.6739852452042,590.0678009939666,545.6739852452042,560.471923828125,23500,0.0,0
2020-03-17,555.8476288367139,592.8424793416532,529.9512334832563,590.9927368164062,36700,0.0,0
2020-03-18,596.5420339014623,601.1663907534116,569.7207641601562,569.7207641601562,18400,0.0,0
2020-03-19,578.9694331476459,592.8425026320144,542.8994524882878,556.7725219726562,30400,0.0,0
2020-03-23,556.7724467251669,580.8190972481808,537.3501520719634,579.8942260742188,27000,0.0,0
2020-03-24,582.668925927944,646.4850463867188,582.668925927944,646.4850463867188,23000,0.0,0
2020-03-25,688.1042145110748,688.1042145110748,647.4098792442908,673.3062744140625,18400,0.0,0
2020-03-26,645.5601364006063,663.1326902567833,623.363226266488,652.9591064453125,16800,0.0,0
2020-03-27,698.2777195028218,699.2025906544811,663.1326157397658,686.25439453125,22400,0.0,0
2020-03-30,635.3865369160969,670.5316437615288,633.536794450548,665.9072875976562,17300,0.0,0
2020-03-31,674.2311342793811,684.4047179242002,643.7103833449235,664.982421875,13200,0.0,0
2020-04-01,691.8037109375,693.6534534801136,640.935791015625,640.935791015625,13400,0.0,0
2020-04-02,639.0860875966598,653.884028843471,625.2130176777742,634.4617309570312,19200,0.0,0
2020-04-03,634.4617478467011,636.3114905517936,604.8658645652223,631.6871337890625,9400,0.0,0
2020-04-06,622.4383869280134,647.409912109375,604.865832170759,647.409912109375,13200,0.0,0
2020-04-07,656.6586136784493,666.8321978340309,637.2363166541572,659.4332275390625,15900,0.0,0
2020-04-08,665.907299144848,684.4047241210938,656.6585866567251,684.4047241210938,12400,0.0,0
2020-04-09,693.6534534801136,712.15087890625,689.0290971235796,712.15087890625,22400,0.0,0
2020-04-10,726.0239700859573,753.770109070134,703.827058898616,728.798583984375,31300,0.0,0
2020-04-13,727.8736790420191,727.8736790420191,689.0290862595988,703.8270263671875,25100,0.0,0
2020-04-14,694.5782759189606,712.1508288383484,694.5782759189606,710.3010864257812,6300,0.0,0
2020-04-15,710.3011535234899,710.3011535234899,688.1042424758808,689.0291137695312,9000,0.0,0
2020-04-16,680.7052342726081,705.6767578125,680.7052342726081,705.6767578125,9700,0.0,0
2020-04-17,710.3011307565789,714.9254870766088,700.1275468525133,702.9021606445312,4900,0.0,0
2020-04-20,702.9021606445312,718.6249721326326,702.9021606445312,702.9021606445312,6400,0.0,0
2020-04-21,702.9021005593385,735.2725920324659,702.9021005593385,713.07568359375,36500,0.0,0
2020-04-22,707.5265281496073,713.075755821369,685.3296174625608,701.0524291992188,10500,0.0,0
2020-04-23,705.6767965662432,730.6483214774995,701.9773113942052,709.3762817382812,12700,0.0,0
2020-04-24,705.6767481753701,738.0472412109375,699.2026495682567,738.0472412109375,11500,0.0,0
2020-04-27,733.4229624238404,735.272705078125,719.549892516706,735.272705078125,14500,0.0,0
2020-04-28,748.2208349545381,748.2208349545381,702.9021440858454,705.6767578125,20700,0.0,0
2020-04-30,736.1974865440231,736.1974865440231,714.9254486162436,719.5498046875,9800,0.0,0
2020-05-01,719.5498096276824,721.3995520688846,708.4513549804688,708.4513549804688,5500,0.0,0
2020-05-07,705.6768451397235,727.8737576998196,705.6768451397235,721.399658203125,4400,0.0,0
2020-05-08,721.3996132861389,738.97216796875,717.7001280897997,738.97216796875,10200,0.0,0
2020-05-11,738.9722082160041,767.6432200491656,722.3245239257812,722.3245239257812,27100,0.0,0
2020-05-12,726.9487970242834,742.6716081558519,726.02392578125,726.02392578125,6200,0.0,0
2020-05-13,723.249382019043,754.6950073242188,721.3996393540327,754.6950073242188,11600,0.0,0
2020-05-14,740.8219222440064,748.2208927533098,726.0239812253996,726.9488525390625,9600,0.0,0
2020-05-15,753.7701024013121,783.3659837225906,739.8970330319628,770.4177856445312,18200,0.0,0
2020-05-18,773.1924163450678,775.0421589679029,739.8970491340363,767.6431884765625,15900,0.0,0
2020-05-19,786.1406306074701,786.1406306074701,767.6432040049415,785.2157592773438,10200,0.0,0
2020-05-20,784.2908492048816,792.614690764839,776.8918789293639,781.5162353515625,11600,0.0,0
2020-05-21,784.2908879472174,789.840115927976,783.3660166170908,785.2157592773438,3300,0.0,0
2020-05-22,799.0887674009758,824.0602913822563,794.4644111081461,805.5628662109375,23900,0.0,0
2020-05-25,805.5628996567918,813.8867413294797,796.3141866871387,800.013671875,15000,0.0,0
2020-05-26,809.2622834492505,811.1120258114202,794.4643445518927,796.3140869140625,10600,0.0,0
2020-05-27,786.1406121935163,832.3841776166643,773.1924138750348,828.6846923828125,34400,0.0,0
2020-05-28,818.5109952600991,818.5109952600991,786.140503922129,796.3140869140625,32100,0.0,0
2020-05-29,795.3892157329776,813.8866393546748,795.3892157329776,796.3140869140625,14600,0.0,0
2020-06-01,810.1872851907575,810.1872851907575,779.6665312965852,785.2157592773438,8300,0.0,0
2020-06-02,790.7649872581023,790.7649872581023,777.8167886363323,785.2157592773438,9700,0.0,0
2020-06-03,785.2156697053176,785.2156697053176,769.4928588867189,769.4928588867188,12700,0.0,0
2020-06-04,767.6431270687862,768.5679983062184,744.5213461329794,757.4695434570312,11600,0.0,0
2020-06-05,745.4462392589948,763.9436645507811,744.5213679944054,763.9436645507812,8200,0.0,0
2020-06-08,767.6431880411154,783.366000326295,763.9437027975438,777.8167724609375,9700,0.0,0
2020-06-09,785.2157592773438,785.2157592773438,776.8919173062059,785.2157592773438,3700,0.0,0
2020-06-10,778.7416488701252,789.8401046734999,778.7416488701252,787.0654907226562,4400,0.0,0
2020-06-11,780.5913970588236,793.5395955882353,780.5913970588236,786.140625,15700,0.0,0
2020-06-12,776.8918735541185,776.8918735541185,743.5965075446563,762.0939331054688,22700,0.0,0
2020-06-15,780.5913182507339,780.5913182507339,748.2208251953125,748.2208251953125,5000,0.0,0
2020-06-16,771.3426510819766,801.863403462918,771.3426510819766,791.6898193359375,16300,0.0,0
2020-06-17,803.7131235521894,803.7131235521894,792.6146684513536,795.3892822265625,6400,0.0,0
2020-06-18,794.4643885264782,794.4643885264782,784.2908049714243,788.9151611328125,2100,0.0,0
2020-06-19,795.3892157329776,796.3140869140625,789.8399886464684,796.3140869140625,4700,0.0,0
2020-06-22,791.689741887369,801.8633250190992,791.689741887369,794.46435546875,4900,0.0,0
2020-06-23,790.7648980812949,793.5395117587731,787.9902844038165,789.8400268554688,4900,0.0,0
2020-06-24,802.788274747189,802.788274747189,791.6898193359375,791.6898193359375,5400,0.0,0
2020-06-25,803.7131008492544,803.7131008492544,787.9902899005348,788.9151611328125,11800,0.0,0
2020-06-26,795.3892238569955,825.9099731445314,795.3892238569955,825.9099731445312,25100,0.0,0
2020-06-29,825.9100840307481,840.7080250660134,815.7364995690031,827.7598266601562,15700,0.0,0
2020-06-30,832.3841497871314,832.3841497871314,816.6613380689299,823.1354370117188,8000,0.0,0
2020-07-01,832.3840744142898,832.3840744142898,786.140514724607,794.46435546875,22600,0.0,0
2020-07-02,802.7883016318757,818.5111139910252,778.7416474355291,817.5862426757812,16200,0.0,0
2020-07-03,830.5344016335227,830.5344016335227,813.88671875,824.060302734375,8800,0.0,0
2020-07-06,828.6846148498332,852.7312666200293,827.7597436279026,831.459228515625,29900,0.0,0
2020-07-07,834.2338646221372,837.9333496093751,823.1354096604236,837.933349609375,22800,0.0,0
2020-07-08,834.2339240288454,875.8531330990206,833.3090527161748,868.4541625976562,29600,0.0,0
2020-07-09,875.8530710068499,895.2753671960197,841.6328348640268,848.10693359375,44300,0.0,0
2020-07-10,778.7416767093307,808.3375599096854,763.0188637591424,782.441162109375,85100,0.0,0
2020-07-13,804.6380629629459,804.6380629629459,774.1173088505583,784.2908935546875,14400,0.0,0
2020-07-14,794.4644556179852,794.4644556179852,774.1172867895851,787.9903564453125,14600,0.0,0
2020-07-15,787.990260950116,787.990260950116,771.3425793807472,773.1923217773438,11800,0.0,0
2020-07-16,773.1924159064729,786.1406142589736,773.1924159064729,777.8167724609375,19700,0.0,0
2020-07-17,784.2908879472174,786.1406306074701,775.042174645953,785.2157592773438,7100,0.0,0
2020-07-20,790.7649035973677,790.7649035973677,776.8918351132033,788.9151611328125,6500,0.0,0
2020-07-21,789.8400986407336,802.7882969791062,789.8400986407336,798.1639404296875,8500,0.0,0
2020-07-22,798.1638623332419,802.78821843019,790.764892578125,790.764892578125,9300,0.0,0
2020-07-27,782.4410299494324,794.4643554687499,782.4410299494324,794.46435546875,5400,0.0,0
2020-07-28,808.3374637237375,832.3841159626588,798.1638800841939,818.5110473632812,21000,0.0,0
2020-07-29,817.5862318638392,817.5862318638392,802.788291015625,809.2623901367188,5400,0.0,0
2020-07-30,815.7364166503348,815.7364166503348,800.0136058985711,811.112060546875,8000,0.0,0
2020-07-31,810.1872336647727,810.1872336647727,783.365966796875,793.53955078125,11100,0.0,0
2020-08-03,797.2390467615497,821.2857001441486,797.2390467615497,812.0369873046875,17100,0.0,0
2020-08-04,815.7364667913887,830.5344072320488,815.7364667913887,823.1354370117188,10700,0.0,0
2020-08-05,823.1354261243665,889.7261572265625,817.5861985325168,855.5059204101562,53100,0.0,0
2020-08-06,860.1302071941927,869.3789190995067,818.5110036202802,825.9099731445312,32600,0.0,0
2020-08-07,864.7546683175223,870.3038961356026,802.788291015625,809.2623901367188,27300,0.0,0
2020-08-11,947.9931111238442,947.9931111238442,868.4541769222338,906.3739013671875,158200,0.0,0
2020-08-12,906.3738063954713,910.9981625505502,877.7027982339819,891.5758666992188,24200,0.0,0
2020-08-13,901.749467510173,909.1484375,882.3271712868769,909.1484375,23100,0.0,0
2020-08-14,906.3739069781825,936.8946609886723,897.1251936416704,905.4490356445312,45000,0.0,0
2020-08-17,864.754633063239,876.7779595122465,850.8815640836149,855.5059204101562,41100,0.0,0
2020-08-18,849.9566818286687,874.9282056691192,849.9566818286687,857.3556518554688,13200,0.0,0
2020-08-19,858.2805123836436,872.1535810105344,858.2805123836436,869.3789672851562,5200,0.0,0
2020-08-20,868.4541461424208,868.4541461424208,861.05517578125,861.05517578125,10400,0.0,0
2020-08-21,862.9049674211923,873.0785522460938,861.980096073474,873.0785522460938,8700,0.0,0
2020-08-24,865.6795814643472,886.0267511141502,865.6795814643472,873.0785522460938,22000,0.0,0
2020-08-25,872.1536313230062,874.0033739132988,857.3556906006646,861.05517578125,18500,0.0,0
2020-08-26,861.0551535866477,866.6043812144886,860.130282315341,864.754638671875,7800,0.0,0
2020-08-27,869.3789669566571,869.3789669566571,852.7312846106785,859.2053833007812,14700,0.0,0
2020-08-28,873.7364771706717,873.7364771706717,829.6746591159276,839.9869995117188,36800,12.5,0
2020-08-31,835.2995750529883,850.2993429551744,835.2995750529883,836.237060546875,8800,0.0,0
2020-09-01,836.2370343692685,838.1120052983475,823.112237865715,830.6121215820312,9900,0.0,0
2020-09-02,836.2370057838398,851.2367727037293,836.2370057838398,848.42431640625,12000,0.0,0
2020-09-03,852.1742115147066,870.9239191387926,848.4242699898895,849.3617553710938,10900,0.0,0
2020-09-04,827.7996162388862,841.8618973754471,824.04967460247,835.2994995117188,10600,0.0,0
2020-09-07,836.2370605468749,839.0495170285349,830.6121475835552,836.237060546875,5400,0.0,0
2020-09-08,839.0494593587777,852.1742553710938,831.5495759231685,852.1742553710938,6600,0.0,0
2020-09-09,838.1119595834336,851.2367553710938,837.1744741700294,851.2367553710938,9200,0.0,0
2020-09-10,853.1117728000964,859.6741710524049,846.5493745477879,850.29931640625,7800,0.0,0
2020-09-11,857.7992059458857,862.4866333007811,848.4243512360945,862.4866333007812,7800,0.0,0
2020-09-14,862.4865841427364,870.9239529006545,854.0492153848184,867.1740112304688,14400,0.0,0
2020-09-15,867.174071943029,887.7987525730254,867.174071943029,886.8612670898438,11700,0.0,0
2020-09-16,889.6736858798868,899.0485403148698,886.861229549392,896.236083984375,14700,0.0,0
2020-09-17,897.1735868664128,899.9860432515741,886.8612467874885,893.4236450195312,11500,0.0,0
2020-09-18,895.2985831348493,896.2360685622156,867.1740203138593,875.6113891601562,19400,0.0,0
2020-09-23,863.4241129108668,867.1740547693288,838.1120053662486,850.29931640625,22000,0.0,0
2020-09-24,844.6744094186683,855.9242350713032,831.5496128239276,842.7994384765625,17000,0.0,0
2020-09-25,840.924456086706,857.7991943359376,834.3620578786715,857.7991943359375,9500,0.0,0
2020-09-28,854.98669921875,890.6111450195312,854.98669921875,890.6111450195312,25000,0.0,0
2020-09-29,899.9860984651405,910.2984391767202,854.0493080226489,900.923583984375,35300,0.0,0
2020-09-30,900.9235519773615,907.4859503788616,894.3611535758615,902.7985229492188,11100,0.0,0
2020-10-02,902.7984995043839,909.3608977354646,858.7366828099852,873.7364501953125,21900,0.0,0
2020-10-05,874.6738799734214,909.3608398437501,872.79890916962,909.36083984375,23900,0.0,0
2020-10-06,909.3608372118439,914.9857496069687,892.4861000264694,913.1107788085938,19600,0.0,0
2020-10-07,907.4859467913775,945.9228515624999,900.92354841582,945.9228515625,59500,0.0,0
2020-10-08,889.6736612515836,889.6736612515836,865.2990403953759,867.1740112304688,109900,0.0,0
2020-10-09,871.8614522185774,876.5488793810429,839.0494620813191,848.42431640625,42500,0.0,0
2020-10-12,846.5493309898714,848.4243018226285,838.1119622424641,847.48681640625,12800,0.0,0
2020-10-13,841.861979626962,847.4868926311511,825.924726115093,828.7371826171875,29200,0.0,0
2020-10-14,828.7371535528274,837.1745227632069,824.9872116815477,826.8621826171875,10500,0.0,0
2020-10-15,825.9246851840867,828.737141546802,801.5500633738866,802.487548828125,17100,0.0,0
2020-10-16,802.4875692450677,808.1124821136078,794.9876854203475,795.9251708984375,8000,0.0,0
2020-10-19,809.9873896059783,819.3622436523436,797.800079345703,819.3622436523438,13200,0.0,0
2020-10-20,818.4248104734916,818.4248104734916,804.3625285065931,810.9249267578125,8300,0.0,0
2020-10-21,817.4873250090317,818.4248104734916,810.9249267578124,810.9249267578125,4500,0.0,0
2020-10-22,817.4873368945082,817.4873368945082,795.9251708984375,795.9251708984375,7800,0.0,0
2020-10-23,802.4875662871849,802.4875662871849,788.4252841676665,799.6751098632812,7700,0.0,0
2020-10-26,792.1752434225643,800.612612879136,786.5503304515165,796.8626708984375,12700,0.0,0
2020-10-27,787.4878212585096,809.0499877929688,787.4878212585096,809.0499877929688,9600,0.0,0
2020-10-28,804.3625107802354,804.3625107802354,782.8003455728398,794.0501708984375,12000,0.0,0
2020-10-29,791.2377233772635,802.4875488281251,786.5502961060712,802.487548828125,5200,0.0,0
2020-10-30,802.4875009345096,802.4875009345096,782.8003075704621,783.73779296875,19300,0.0,0
2020-11-02,783.7378425419051,798.7376098632812,783.7378425419051,798.7376098632812,6300,0.0,0
2020-11-04,798.7375958643921,819.3622755698108,794.0501686586152,817.4873046875,14500,0.0,0
2020-11-05,815.6123282692649,829.6746097911488,806.2374739213424,824.9871826171875,13500,0.0,0
2020-11-06,824.9872173969972,839.0494995117188,822.1747609740529,839.0494995117188,15000,0.0,0
2020-11-09,837.1744461665766,837.1744461665766,824.0496508179405,825.9246215820312,11700,0.0,0
2020-11-10,825.9246797895702,837.1745051669536,820.2997671008784,829.6746215820312,18300,0.0,0
2020-11-11,837.1745112021941,841.8619384765625,820.299773014468,841.8619384765625,10600,0.0,0
2020-11-12,837.1745574849107,840.9244995117188,826.8622169111884,840.9244995117188,8500,0.0,0
2020-11-13,839.0494907628871,839.9869762274266,818.4248105430172,830.6121215820312,10600,0.0,0
2020-11-16,836.2370343692685,836.2370343692685,820.2997814720964,830.6121215820312,9800,0.0,0
2020-11-17,827.7996563797258,827.7996563797258,816.5498309249617,822.1747436523438,5700,0.0,0
2020-11-18,811.8624064826747,823.1122319766611,810.9249210248425,818.4248046875,9800,0.0,0
2020-11-19,824.0497145614711,833.4245691071078,820.2997727432164,822.1747436523438,13600,0.0,0
2020-11-20,811.8624701637119,823.1122965401144,811.8624701637119,814.6749267578125,8600,0.0,0
2020-11-24,828.7371124441964,828.7371124441964,813.737345703125,820.2997436523438,12500,0.0,0
2020-11-25,826.8622061623224,826.8622061623224,814.674894733626,816.5498657226562,6400,0.0,0
2020-11-26,814.674894733626,824.0497496787771,814.674894733626,816.5498657226562,3800,0.0,0
2020-11-27,818.4247845736417,826.8621534867721,816.5498137040572,824.9871826171875,12200,0.0,0
2020-11-30,824.9871882167431,826.8621590990539,817.4873046875,817.4873046875,6100,0.0,0
2020-12-01,818.4247845736417,824.9871826171875,818.4247845736417,824.9871826171875,3300,0.0,0
2020-12-02,824.987156080163,826.8621268894361,819.3622436523436,819.3622436523438,9200,0.0,0
2020-12-03,826.8621416015625,826.8621416015625,818.4247728097098,820.2997436523438,4600,0.0,0
2020-12-04,821.2372668668713,821.2372668668713,805.300013971053,810.9249267578125,8100,0.0,0
2020-12-07,810.9249032003837,810.9249032003837,801.550048828125,801.550048828125,4800,0.0,0
2020-12-08,805.2999933872603,805.2999933872603,797.8001098632811,797.8001098632812,7400,0.0,0
2020-12-09,796.8626534393775,802.4875662871849,796.8626534393775,799.6751098632812,5000,0.0,0
2020-12-10,799.6751304247701,800.6126159235096,793.1127319335938,793.1127319335938,6900,0.0,0
2020-12-11,803.4251003814101,819.3623544146469,794.9877305991082,814.6749267578125,28800,0.0,0
2020-12-14,814.6748539959943,824.0497084723579,802.4875431767217,809.9874267578125,8400,0.0,0
2020-12-15,809.987353572468,812.7998096612613,802.4874706690192,805.2999267578125,2700,0.0,0
2020-12-16,808.1124818999192,824.0497350232355,807.174996422077,815.6123657226562,28800,0.0,0
2020-12-17,818.4247582477071,821.2372144616168,810.9248750106148,819.3622436523438,10600,0.0,0
2020-12-18,815.6122953301939,815.6122953301939,805.29995596395,807.1749267578125,10800,0.0,0
2020-12-21,799.6750779536733,805.2999905770284,799.6750779536733,801.550048828125,4700,0.0,0
2020-12-22,801.5500182371874,801.5500182371874,779.0503686024592,779.9878540039062,15500,0.0,0
2020-12-23,779.0503659773102,789.3627053584779,779.0503659773102,783.73779296875,4700,0.0,0
2020-12-24,786.550295819494,786.550295819494,776.2379558266281,782.8003540039062,6500,0.0,0
2020-12-25,782.8003686074098,783.737854078796,758.4257463513708,764.0506591796875,15000,0.0,0
2020-12-28,757.488255070332,776.2379643542511,743.4259731073926,751.8633422851562,18300,0.0,0
2020-12-29,753.7383132878948,772.4880225736633,751.8633423593179,771.550537109375,7900,0.0,0
2020-12-30,771.5504853908833,779.9878540039062,750.9258065590492,779.9878540039062,13200,0.0,0
2021-01-04,779.9878944452934,779.9878944452934,750.9258454936057,766.8630981445312,12000,0.0,0
2021-01-05,766.8630771921643,766.8630771921643,751.8633104011194,753.73828125,7900,0.0,0
2021-01-06,758.4257290940412,770.613039944749,757.4882436439868,766.8630981445312,3800,0.0,0
2021-01-07,778.1128668137538,778.1128668137538,755.6132176528743,759.3631591796875,8200,0.0,0
2021-01-08,775.3004559487175,781.8628540039061,760.3006889654291,781.8628540039062,17700,0.0,0
2021-01-12,746.2384294999805,758.4257405345279,745.3009440357845,751.8633422851562,33300,0.0,0
2021-01-13,760.3006445613909,763.1131007065007,751.863276126061,759.3631591796875,11100,0.0,0
2021-01-14,759.3632084627328,759.3632084627328,754.6757812499999,754.67578125,5600,0.0,0
2021-01-15,754.6757986777441,757.488255070332,749.9883713567643,751.8633422851562,7600,0.0,0
2021-01-18,749.988354037267,754.6757812499999,748.1133831521738,754.67578125,6000,0.0,0
2021-01-19,754.6758308410645,755.6133163452149,749.9884033203125,749.9884033203125,3400,0.0,0
2021-01-20,749.9884033203125,754.6758308410645,749.9884033203125,749.9884033203125,3500,0.0,0
2021-01-21,755.6132520988807,755.6132520988807,749.9883395522388,753.73828125,3900,0.0,0
2021-01-22,755.6133309315504,755.6133309315504,749.9884177980649,750.9259033203125,4900,0.0,0
2021-01-25,745.3009324211399,750.9258451186579,745.3009324211399,747.1759033203125,11300,0.0,0
2021-01-26,750.9258713205605,752.8008422851562,746.2384439090714,752.8008422851562,5300,0.0,0
2021-01-27,752.8008598327636,753.7383453369141,749.9884033203125,749.9884033203125,3600,0.0,0
2021-01-28,749.9883079055521,755.6132202148438,747.1758517509063,755.6132202148438,10000,0.0,0
2021-01-29,749.0509322758173,752.8008743648077,746.2384757090746,750.9259033203125,8100,0.0,0
2021-02-01,750.9258742923283,750.9258742923283,746.2384468622888,749.0509033203125,6400,0.0,0
2021-02-02,752.8008422851562,755.6132987320497,748.113414873667,752.8008422851562,11200,0.0,0
2021-02-03,754.6758711766428,758.4258133936696,749.9884434053594,756.5508422851562,16400,0.0,0
2021-02-04,756.550769606136,756.550769606136,748.1134004283724,751.8633422851562,22500,0.0,0
2021-02-05,756.550769606136,756.550769606136,751.8633422851562,751.8633422851562,10900,0.0,0
2021-02-08,752.8007958255597,756.550737523321,750.9258249766791,753.73828125,17700,0.0,0
2021-02-09,754.6757348299618,756.5507055997257,752.8007640601979,755.6132202148438,7200,0.0,0
2021-02-10,754.6758132497519,758.4257551789432,752.8008422851562,752.8008422851562,12300,0.0,0
2021-02-12,753.7382494450799,756.5507055997257,753.7382494450799,755.6132202148438,1600,0.0,0
2021-02-15,754.6757986777441,756.550769606136,751.8633422851562,751.8633422851562,5700,0.0,0
2021-02-16,755.6133309315504,755.6133309315504,750.9259033203125,750.9259033203125,10200,0.0,0
2021-02-17,750.9258394798136,756.5507521350931,750.9258394798136,754.67578125,14200,0.0,0
2021-02-18,759.3631617543715,780.9253256066562,752.8007640601979,755.6132202148438,31100,0.0,0
2021-02-19,756.5507320911427,764.9881008505234,756.5507320911427,761.2381591796875,10500,0.0,0
2021-02-22,761.2381882726122,764.0506446332253,761.2381882726122,763.1131591796875,5400,0.0,0
2021-02-24,766.8630981445312,773.4254962949123,760.3006999941501,766.8630981445312,15500,0.0,0
2021-02-25,777.8114870540128,786.3797898489773,776.8594534101278,782.5716552734375,11300,12.5,0
2021-02-26,780.6676145953898,780.6676145953898,771.1472778320312,771.1472778320312,10300,0.0,0
2021-03-01,768.2911721254007,779.715576171875,768.2911721254007,779.715576171875,10900,0.0,0
2021-03-02,776.8594897490821,777.8115234375001,772.0993213069921,777.8115234375,6200,0.0,0
2021-03-03,774.0033424049799,777.8114769309576,772.099275141991,775.9074096679688,3700,0.0,0
2021-03-04,771.1472458756591,772.0992795125427,764.4830104174744,767.339111328125,11900,0.0,0
2021-03-05,765.4350468965948,774.9553833007812,746.3943740882218,774.9553833007812,22200,0.0,0
2021-03-08,774.9553833007812,774.9553833007812,770.1952150986881,774.9553833007812,5600,0.0,0
2021-03-09,774.0034274217559,780.6676635742188,768.2912250053591,780.6676635742188,11700,0.0,0
2021-03-10,775.9074096679688,778.7635105624521,774.0033424049799,775.9074096679688,6000,0.0,0
2021-03-11,773.0513936856897,780.6676635742188,773.0513936856897,780.6676635742188,7600,0.0,0
2021-03-12,780.6676635742188,780.6676635742188,774.955461157822,780.6676635742188,7300,0.0,0
2021-03-15,778.7635134654086,785.4277489107116,778.7635134654086,783.523681640625,7100,0.0,0
2021-03-16,784.4757181436146,791.1399536132812,781.6196172280431,791.1399536132812,8500,0.0,0
2021-03-17,801.612334816094,821.6050415039064,795.9001329052904,821.6050415039062,15000,0.0,0
2021-03-18,820.6530124208687,820.6530124208687,805.4204739072562,813.0367431640625,9100,0.0,0
2021-03-19,806.3725245985873,818.7489624023438,806.3725245985873,818.7489624023438,8900,0.0,0
2021-03-22,823.5091307884039,823.5091307884039,811.1326929846475,818.7489624023438,6800,0.0,0
2021-03-23,815.8928311408205,815.8928311408205,784.4757209568683,798.7562255859375,16900,0.0,0
2021-03-24,798.7562374395685,798.7562374395685,782.5716652864426,789.2359008789062,6200,0.0,0
2021-03-25,789.2358834508847,793.0440179910578,781.6196143705384,783.523681640625,7700,0.0,0
2021-03-26,790.1879882812499,793.9961231645331,786.3798533979668,790.18798828125,4800,0.0,0
2021-03-29,790.1879283168859,813.9887695312499,790.1879283168859,813.98876953125,16400,0.0,0
2021-03-30,806.3725220586213,813.9887914523272,806.3725220586213,811.1326904296875,7000,0.0,0
2021-03-31,806.3725489298503,806.3725489298503,798.7562792823428,799.7083129882812,2700,0.0,0
2021-04-01,798.7561966250092,809.2285663066244,792.0919613730723,802.5643310546875,9400,0.0,0
2021-04-02,800.6602826485266,810.1806189463688,792.0919799804686,792.0919799804688,6200,0.0,0
2021-04-05,792.0920000369385,805.4204711914062,781.6196298441425,805.4204711914062,12200,0.0,0
2021-04-06,808.2766014668758,808.2766014668758,772.0993213069921,777.8115234375,18100,0.0,0
2021-04-07,777.8115210956236,794.9481274355516,777.8115210956236,793.99609375,15100,0.0,0
2021-04-08,774.9554175868739,797.8042259678135,774.9554175868739,786.3798217773438,21300,0.0,0
2021-04-09,786.3797710001969,794.9480735897874,784.4757037580657,793.0440063476562,7900,0.0,0
2021-04-12,791.1400049450328,791.1400049450328,784.4757690429688,784.4757690429688,2100,0.0,0
2021-04-13,781.6196316303764,795.9001364713698,781.6196316303764,789.2359008789062,7400,0.0,0
2021-04-14,793.0440770467122,799.7083129882812,793.0440770467122,799.7083129882812,8100,0.0,0
2021-04-15,796.8521922852744,796.8521922852744,771.1472828567172,786.3798217773438,22900,0.0,0
2021-04-16,797.8042259678135,797.8042259678135,786.3798217773438,786.3798217773438,4700,0.0,0
2021-04-19,785.4277635172426,786.3797971699909,778.7635279480054,781.61962890625,7400,0.0,0
2021-04-20,781.6196114569353,782.5716450884298,775.9074096679688,775.9074096679688,11800,0.0,0
2021-04-21,775.9074462137105,776.8594798900464,767.3391431266879,771.1472778320312,9500,0.0,0
2021-04-22,771.1472559854992,778.7635251804178,766.3870877386752,774.0033569335938,16000,0.0,0
2021-04-23,774.0033321569462,784.4757019647277,769.2431640625,769.2431640625,10100,0.0,0
2021-04-26,769.2432031972488,774.9554052011888,768.2911695299255,772.0993041992188,2300,0.0,0
2021-04-27,774.0033248693893,774.9553584793147,770.1951904296875,770.1951904296875,2100,0.0,0
2021-04-28,770.1951976813892,778.7635002513923,769.2431640625,769.2431640625,2800,0.0,0
2021-04-30,771.1473146047651,771.1473146047651,766.3871459960938,766.3871459960938,5100,0.0,0
2021-05-06,769.2432545524332,769.2432545524332,765.4351196289062,765.4351196289062,3600,0.0,0
2021-05-07,765.4350805389747,767.3391479034996,761.6269458099251,762.5789794921875,7300,0.0,0
2021-05-10,763.53101317445,768.2911815857619,761.6269458099251,762.5789794921875,5800,0.0,0
2021-05-11,762.5789868164063,764.4830541992188,761.6269531250001,761.626953125,5400,0.0,0
2021-05-12,768.2912037784893,768.2912037784893,756.866799261337,759.722900390625,7200,0.0,0
2021-05-13,757.8187866210939,763.530988530298,757.8187866210939,757.8187866210938,4300,0.0,0
2021-05-14,765.435087890625,765.435087890625,759.7228857421876,761.626953125,3600,0.0,0
2021-05-17,763.531005859375,767.3391405519404,761.6269385130923,763.531005859375,4000,0.0,0
2021-05-18,762.5789215502839,771.1472240396129,762.5789215502839,770.1951904296875,6400,0.0,0
2021-05-19,771.1472559854992,774.0033569335936,769.2431886867696,774.0033569335938,5000,0.0,0
2021-05-20,774.955461157822,780.6676635742188,771.1473262135574,780.6676635742188,6500,0.0,0
2021-05-21,780.6675807354951,788.2838498158414,780.6675807354951,783.523681640625,6800,0.0,0
2021-05-24,796.8521728515624,796.8521728515624,793.044038214279,796.8521728515625,6500,0.0,0
2021-05-25,799.7082416951156,802.5643425583124,785.4277373791314,793.0440063476562,7700,0.0,0
2021-05-26,784.4757688272967,808.276611328125,784.4757688272967,808.276611328125,12200,0.0,0
2021-05-27,810.1806585618008,833.0294667938609,761.6269410686729,771.1472778320312,77900,0.0,0
2021-05-28,807.32460818407,809.2286756562023,776.8595286299542,780.6676635742188,26000,0.0,0
2021-05-31,802.5643842648237,802.5643842648237,779.715576171875,779.715576171875,7100,0.0,0
2021-06-01,785.4277562050925,793.0440253561721,781.6196216295526,782.5716552734375,4100,0.0,0
2021-06-02,782.5717310463509,789.2359671988138,780.6676635742188,780.6676635742188,7000,0.0,0
2021-06-03,776.8594432994631,783.5236787199243,773.0513087734854,775.9074096679688,8400,0.0,0
2021-06-04,773.0513672480058,774.0034009515132,768.2911987304688,768.2911987304688,3700,0.0,0
2021-06-07,774.9553905829584,775.9074242323233,774.0033569335936,774.0033569335938,3600,0.0,0
2021-06-08,775.907438868512,778.7635398704821,772.0993041992188,772.0993041992188,5600,0.0,0
2021-06-09,776.8594505816186,776.8594505816186,771.1472487391067,774.9553833007812,2100,0.0,0
2021-06-10,773.0513305664062,777.8114988580713,770.1952295914072,773.0513305664062,5100,0.0,0
2021-06-11,768.2911449650086,773.0513131494262,767.339111328125,767.339111328125,14800,0.0,0
2021-06-14,769.2432324339762,772.0993335444983,768.2911987304688,768.2911987304688,2700,0.0,0
2021-06-15,772.0992823795253,774.9553833007812,772.0992823795253,774.9553833007812,2700,0.0,0
2021-06-16,775.907438868512,775.907438868512,772.0993041992188,772.0993041992188,2700,0.0,0
2021-06-17,769.2432104793596,771.1472778320312,769.2432104793596,771.1472778320312,1400,0.0,0
2021-06-18,771.1472487391067,775.9074169411999,769.2431814582694,774.9553833007812,4300,0.0,0
2021-06-21,770.1952539301561,779.7155908143361,768.2911865533201,777.8115234375,13200,0.0,0
2021-06-22,782.5716552734375,785.4277562050925,780.6675879856676,782.5716552734375,2300,0.0,0
2021-06-23,781.6196973102848,782.5717310463509,776.8595286299542,780.6676635742188,2100,0.0,0
2021-06-24,778.7635206978977,785.4277562050925,778.7635206978977,782.5716552734375,4100,0.0,0
2021-06-25,785.4277781951122,785.4277781951122,779.715576171875,779.715576171875,3800,0.0,0
2021-06-28,784.4757518814945,784.4757518814945,778.7635498046875,778.7635498046875,2700,0.0,0
2021-06-29,778.7634929190165,778.7634929190165,770.1951904296875,770.1951904296875,6500,0.0,0
2021-06-30,769.2431640625,773.0512985380569,769.2431640625,769.2431640625,2700,0.0,0
2021-07-01,769.2432324339762,771.147299840991,768.2911987304688,768.2911987304688,1600,0.0,0
2021-07-02,769.2432324339762,771.147299840991,768.2911987304688,768.2911987304688,3400,0.0,0
2021-07-05,768.2911304436108,771.1472313002785,768.2911304436108,769.2431640625,2200,0.0,0
2021-07-06,771.1472313002785,771.1472313002785,769.2431640625,769.2431640625,1500,0.0,0
2021-07-07,770.1952808830308,770.1952808830308,766.3871459960938,766.3871459960938,5900,0.0,0
2021-07-08,770.1952563476564,771.1472900390626,761.6269531250001,761.626953125,9600,0.0,0
2021-07-09,760.6748657226562,768.2911347161247,759.7228320984727,760.6748657226562,13800,0.0,0
2021-07-12,759.7228711668096,766.3871068787992,759.7228711668096,763.531005859375,6800,0.0,0
2021-07-13,764.4830395325164,766.3871068787992,761.6269385130923,763.531005859375,3100,0.0,0
2021-07-14,765.4350732056578,765.4350732056578,763.531005859375,763.531005859375,1800,0.0,0
2021-07-15,764.4830858980246,765.4351196289062,761.6269847053794,765.4351196289062,3300,0.0,0
2021-07-16,765.435044054358,770.1952122387756,765.435044054358,767.339111328125,3700,0.0,0
2021-07-19,767.3391405519404,767.3391405519404,763.531005859375,763.531005859375,2200,0.0,0
2021-07-20,762.5790015199132,763.5310352296758,758.7708666808624,759.722900390625,8400,0.0,0
2021-07-21,761.6269678101504,761.6269678101504,759.7229003906251,759.722900390625,4200,0.0,0
2021-07-26,761.6268993468399,767.3391010919411,760.6748657226562,760.6748657226562,8700,0.0,0
2021-07-27,760.6749509744977,769.2432545524332,760.6749509744977,765.4351196289062,3100,0.0,0
2021-07-28,763.5309985625195,766.3870995546486,763.5309985625195,764.4830322265625,1200,0.0,0
2021-07-29,761.6269095068238,767.339111328125,760.6748758699403,767.339111328125,4800,0.0,0
2021-07-30,768.2912037784893,768.2912037784893,759.7229003906251,759.722900390625,6100,0.0,0
2021-08-02,759.7228784454003,766.3871142212372,757.8188110808754,762.5789794921875,12900,0.0,0
2021-08-03,761.62692122723,766.3870894849001,756.8667529695598,757.8187866210938,5900,0.0,0
2021-08-04,759.7228539241619,763.530988530298,757.8187866210939,757.8187866210938,3100,0.0,0
2021-08-05,757.8188012264837,761.6269359060138,755.9147338867188,755.9147338867188,3800,0.0,0
2021-08-06,755.9146800864991,757.8187472907472,754.0106128822509,754.962646484375,5400,0.0,0
2021-08-10,752.1065992071887,756.8667675566013,750.2025318674237,755.9147338867188,6800,0.0,0
2021-08-11,756.8667282316688,756.8667282316688,748.2984256479141,753.05859375,7800,0.0,0
2021-08-12,750.2025174088216,757.8187866210939,750.2025174088216,757.8187866210938,3200,0.0,0
2021-08-13,757.818840304462,761.6269751803638,757.818840304462,758.7708740234375,3700,0.0,0
2021-08-16,754.9626755708374,757.8187764872466,751.1545410156251,751.154541015625,4900,0.0,0
2021-08-17,753.0586155925306,754.9626828885927,750.2025146484375,750.2025146484375,1500,0.0,0
2021-08-18,752.1065352345241,754.0106024123331,748.2984008789064,748.2984008789062,6600,0.0,0
2021-08-19,748.298469222731,752.1066039261545,747.3464355468751,747.346435546875,2000,0.0,0
2021-08-20,757.8187367679509,757.8187367679509,747.3463672900018,748.2984008789062,3900,0.0,0
2021-08-23,747.3464209666852,752.1065892530972,747.3464209666852,749.25048828125,5000,0.0,0
2021-08-24,749.2504909683324,757.818793914603,749.2504909683324,756.8667602539062,5500,0.0,0
2021-08-25,756.8667529695598,757.8187866210939,750.2025174088216,757.8187866210938,3800,0.0,0
2021-08-26,757.8187472907472,757.8187472907472,753.0585792801269,754.962646484375,2100,0.0,0
2021-08-27,756.8667629142182,766.3870995546486,754.010661922089,764.4830322265625,4600,0.0,0
2021-08-30,754.3286644020661,764.9666327461978,754.3286644020661,762.0653686523438,12300,12.5,0
2021-08-31,758.196974522293,762.065326433121,756.2627985668789,759.1640625,6200,0.0,0
2021-09-01,757.2298724894621,758.1969604492186,755.2956965699487,758.1969604492188,4600,0.0,0
2021-09-02,758.196993386349,761.098257391654,756.2628173828125,756.2628173828125,2900,0.0,0
2021-09-03,754.32861328125,763.9994929387019,752.3944373497595,754.32861328125,8800,0.0,0
2021-09-06,756.262765886823,761.0982055664062,756.262765886823,761.0982055664062,5100,0.0,0
2021-09-07,756.262765886823,761.0982055664062,756.262765886823,761.0982055664062,4800,0.0,0
2021-09-08,761.0982055664062,761.0982055664062,756.262765886823,761.0982055664062,6700,0.0,0
2021-09-09,763.032414410828,763.032414410828,755.2957105891719,759.1640625,6400,0.0,0
2021-09-10,756.262765886823,764.9665573100729,755.2956779509063,761.0982055664062,13100,0.0,0
2021-09-13,759.164071771163,763.99951171875,757.2298957921282,763.99951171875,5100,0.0,0
2021-09-14,763.9995487840142,770.7691650390625,758.1970205654015,770.7691650390625,12500,0.0,0
2021-09-15,768.8349468702033,768.8349468702033,763.9995069527806,767.8678588867188,3800,0.0,0
2021-09-16,766.9007849351415,768.8349609374999,763.0324329304244,768.8349609375,3800,0.0,0
2021-09-17,763.0324281542114,772.7033081054689,760.1311641688342,772.7033081054688,10800,0.0,0
2021-09-21,766.9007331819062,768.8349090537395,761.0982055664062,761.0982055664062,9300,0.0,0
2021-09-22,761.0982337245773,763.9994976396646,759.1640577811856,763.0324096679688,3400,0.0,0
2021-09-24,763.0323911678718,783.3412380810851,763.0323911678718,778.5057983398438,18900,0.0,0
2021-09-27,777.5387054903424,777.5387054903424,768.8349140109729,769.802001953125,7500,0.0,0
2021-09-28,771.7362292844858,777.5387573242188,763.9995252315085,777.5387573242188,7800,0.0,0
2021-09-29,767.8678495264477,772.7032893849266,763.0324096679689,763.0324096679688,6700,0.0,0
2021-09-30,762.065326433121,769.802030254777,759.1640625,759.1640625,7800,0.0,0
2021-10-01,759.1640813881173,760.1311693898857,756.2628173828125,756.2628173828125,4200,0.0,0
2021-10-04,758.1969792833706,759.1640672671505,755.2957153320312,755.2957153320312,2900,0.0,0
2021-10-05,756.2628081136382,756.2628081136382,751.4273681640625,751.4273681640625,7500,0.0,0
2021-10-06,759.1640578594404,759.1640578594404,750.4602661132811,750.4602661132812,2900,0.0,0
2021-10-07,749.4931781414857,752.3944420568721,749.4931781414857,750.4602661132812,3600,0.0,0
2021-10-08,751.4273493840144,754.32861328125,750.4602614182692,754.32861328125,4600,0.0,0
2021-10-11,754.3286038306452,754.3286038306452,749.4931640625,749.4931640625,3100,0.0,0
2021-10-12,754.3285896242128,754.3285896242128,748.5260620117188,748.5260620117188,3600,0.0,0
2021-10-13,753.3615206504354,759.1640484089753,749.4931688114087,758.1969604492188,11300,0.0,0
2021-10-14,769.8020538060011,776.571669857059,758.1969977184735,764.9666137695312,29100,0.0,0
2021-10-15,771.7362489651907,771.7362489651907,757.2299284959201,762.0653686523438,8500,0.0,0
2021-10-18,763.032400248002,763.032400248002,758.1969604492186,758.1969604492188,9000,0.0,0
2021-10-19,758.1969651442307,760.1311410757211,754.32861328125,754.32861328125,6800,0.0,0
2021-10-20,751.4273212501506,754.3285850387612,751.4273212501506,752.3944091796875,3700,0.0,0
2021-10-21,754.3286602916398,754.3286602916398,751.4273962135951,753.361572265625,2000,0.0,0
2021-10-22,752.39448423961,754.3286602916398,750.4603081875802,753.361572265625,3100,0.0,0
2021-10-25,751.4273681640625,752.3944561539777,749.4931921842323,751.4273681640625,2200,0.0,0
2021-10-26,752.39448423961,753.3615722656249,751.4273962135951,753.361572265625,2500,0.0,0
2021-10-27,754.3286086101921,758.1969604492186,753.3615206504354,758.1969604492188,2000,0.0,0
2021-10-28,753.3615158770161,754.3286038306452,749.4931640625,749.4931640625,4100,0.0,0
2021-10-29,749.4931781414857,750.4602661132811,749.4931781414857,750.4602661132812,2200,0.0,0
2021-11-01,759.1640813881173,759.1640813881173,752.3944653757393,756.2628173828125,3400,0.0,0
2021-11-02,752.3944326906787,760.131136368732,752.3944326906787,758.1969604492188,7900,0.0,0
2021-11-04,758.1969743695175,771.7362060546875,752.3944465044447,771.7362060546875,14300,0.0,0
2021-11-05,763.032400248002,789.1437751614317,758.1969604492186,758.1969604492188,34500,0.0,0
2021-11-08,763.9995069527806,772.7032988041415,757.229891068389,767.8678588867188,6300,0.0,0
2021-11-09,769.8020679204151,769.8020679204151,760.1311876701586,765.9337158203125,6700,0.0,0
2021-11-10,767.8678636768196,771.7362156348893,763.0324237292326,763.99951171875,7700,0.0,0
2021-11-11,763.99951171875,766.9007756873023,759.164071771163,763.99951171875,5200,0.0,0
2021-11-12,763.9995257622373,766.9007897841192,762.0653497476494,764.9666137695312,2300,0.0,0
2021-11-15,764.9665997082674,766.9007756873023,761.0982477501977,763.99951171875,2700,0.0,0
2021-11-16,755.2957249650055,760.1311649455754,747.5590209960939,747.5590209960938,19000,0.0,0
2021-11-17,748.5261243524398,748.5261243524398,710.80969173003,723.3818359375,56900,0.0,0
2021-11-18,734.0197755542581,734.0197755542581,721.4476318359375,721.4476318359375,7000,0.0,0
2021-11-19,733.0526875759258,733.0526875759258,721.4476318359375,721.4476318359375,3800,0.0,0
2021-11-22,730.1514520492145,735.9539801449698,720.4805718896223,723.3818359375,8500,0.0,0
2021-11-24,730.1514378640866,730.1514378640866,719.5134698952058,722.4147338867188,4700,0.0,0
2021-11-25,720.480595844799,720.480595844799,712.7438914598883,716.6122436523438,11300,0.0,0
2021-11-26,731.1185267179915,731.1185267179915,694.369182782431,697.2704467773438,32400,0.0,0
2021-11-29,697.2704419787177,701.1387939453125,690.5008260371768,701.1387939453125,16600,0.0,0
2021-11-30,701.1388085834777,708.8755126781919,683.7312243703707,689.5337524414062,24400,0.0,0
2021-12-01,681.7969925077409,689.5336959688217,681.7969925077409,685.6653442382812,6600,0.0,0
2021-12-02,678.8957989702211,684.6983271665479,677.9287109375,677.9287109375,8900,0.0,0
2021-12-03,677.928668616358,687.5995483398438,677.928668616358,687.5995483398438,8100,0.0,0
2021-12-06,691.4678477562677,691.4678477562677,679.86279296875,679.86279296875,11400,0.0,0
2021-12-07,685.6653585051436,699.20458984375,685.6653585051436,699.20458984375,8500,0.0,0
2021-12-08,705.9742387620817,708.8755027569944,696.3033587790395,697.2704467773438,4800,0.0,0
2021-12-09,697.2704327053494,701.1387846204971,694.3691687689887,696.3033447265625,2700,0.0,0
2021-12-10,717.5792849191422,717.5792849191422,699.2046132028838,705.0071411132812,8100,0.0,0
2021-12-13,705.0071317556814,705.9742197279114,696.3033400056113,700.1716918945312,3800,0.0,0
2021-12-14,705.9742245144315,705.9742245144315,692.434992811415,696.3033447265625,7900,0.0,0
2021-12-15,687.5995529174805,698.2375206841364,687.5995529174805,696.3033447265625,5800,0.0,0
2021-12-16,690.500835594273,696.303363624477,690.500835594273,693.402099609375,7300,0.0,0
2021-12-17,693.4021087392875,698.237548828125,693.4021087392875,698.237548828125,10200,0.0,0
2021-12-20,696.3033495002619,697.2704374856789,691.4679095731768,692.4349975585938,11500,0.0,0
2021-12-21,699.2045849711955,699.2045849711955,686.6324416729582,690.5007934570312,11700,0.0,0
2021-12-22,687.5995623985034,694.369178343355,676.961594485165,688.566650390625,29500,0.0,0
2021-12-23,694.3691641462839,694.3691641462839,685.6653723951466,687.5995483398438,10000,0.0,0
2021-12-24,689.5336959688217,690.5007839014568,684.6982563056462,685.6653442382812,11800,0.0,0
2021-12-27,682.7640850094193,682.7640850094193,672.1261176792442,681.7969970703125,14900,0.0,0
2021-12-28,679.86279296875,682.7640566656294,674.060265574991,679.86279296875,17300,0.0,0
2021-12-29,684.6982984221384,689.5337383827467,682.764122437895,688.566650390625,6300,0.0,0
2021-12-30,690.5008122568895,692.4349882015867,687.5995483398438,687.5995483398438,5200,0.0,0
2022-01-04,696.3033679300104,702.1058959960938,691.4679278749409,702.1058959960938,10000,0.0,0
2022-01-05,700.1716777965077,700.1716777965077,695.3362380327196,699.20458984375,3600,0.0,0
2022-01-06,695.336280512442,695.336280512442,689.5337524414064,689.5337524414062,5800,0.0,0
2022-01-07,693.4021087392875,702.1059008991949,692.4350207215201,698.237548828125,11300,0.0,0
2022-01-11,701.1387939453125,701.1387939453125,689.533738045528,701.1387939453125,8300,0.0,0
2022-01-12,701.1388309666368,707.908447265625,701.1388309666368,707.908447265625,8500,0.0,0
2022-01-13,713.7109329788773,737.888132605533,702.1058771580825,705.0071411132812,54000,0.0,0
2022-01-14,701.1387751652644,701.1387751652644,689.533719576322,691.4678955078125,11600,0.0,0
2022-01-17,686.632465108955,688.5666410670084,679.8628492557682,683.731201171875,9900,0.0,0
2022-01-18,694.3691832116768,699.2046232061871,679.862863228146,684.6983032226562,9600,0.0,0
2022-01-19,680.8299278846154,683.731191781851,678.895751953125,678.895751953125,6400,0.0,0
2022-01-20,677.9286639873798,680.8299278846154,677.9286639873798,678.895751953125,6100,0.0,0
2022-01-21,677.9287149778553,686.6325073242186,677.9287149778553,686.6325073242188,2400,0.0,0
2022-01-24,683.7312152237542,686.6324792204604,679.862863228146,684.6983032226562,7200,0.0,0
2022-01-25,686.6324840892446,686.6324840892446,678.8957800431685,680.8299560546875,4000,0.0,0
2022-01-26,679.8628399188701,686.6324556790864,678.895751953125,678.895751953125,2600,0.0,0
2022-01-27,678.8957989702211,680.8299750356634,677.9287109375,677.9287109375,13200,0.0,0
2022-01-28,684.6983080777255,684.6983080777255,677.9286920374091,680.8299560546875,3100,0.0,0
2022-01-31,681.7970671317946,686.6325073242186,681.7970671317946,686.6325073242188,2700,0.0,0
2022-02-01,681.7970111619987,684.6982750392839,679.8628352438087,682.7640991210938,3400,0.0,0
2022-02-02,679.8628260508304,691.4678814030494,678.8957381048123,690.5007934570312,7600,0.0,0
2022-02-03,696.3033495002619,696.3033495002619,687.5995576315087,692.4349975585938,2900,0.0,0
2022-02-04,697.2704419787177,701.1387939453125,696.303353987069,701.1387939453125,4100,0.0,0
2022-02-07,698.2375018909925,702.1058537020228,697.2704139382348,699.20458984375,1700,0.0,0
2022-02-08,702.1058310178857,719.513413605106,702.1058310178857,718.5463256835938,16200,0.0,0
2022-02-09,717.5792564598289,720.480520299963,711.7767287795608,715.6450805664062,4900,0.0,0
2022-02-10,715.6450993655657,715.6450993655657,708.8754835607563,712.7438354492188,3600,0.0,0
2022-02-14,710.8096642383613,715.6451041311392,702.1058724313609,708.87548828125,3800,0.0,0
2022-02-15,707.9083909254807,710.8096548227163,704.0400390625,704.0400390625,3600,0.0,0
2022-02-16,718.5463915916515,718.5463915916515,706.9413354690407,714.6780395507812,4200,0.0,0
2022-02-17,710.8096880952189,710.8096880952189,700.1717199740659,702.1058959960938,1900,0.0,0
2022-02-18,697.2704608103575,702.1059008991949,696.30337279259,698.237548828125,900,0.0,0
2022-02-21,699.2046558873544,700.1717439314586,695.3363037109375,695.3363037109375,2700,0.0,0
2022-02-22,693.4020714393029,698.2375112680288,691.4678955078125,691.4678955078125,5500,0.0,0
2022-02-24,691.4679002292381,691.4679002292381,685.6653723951466,687.5995483398438,6700,0.0,0
2022-02-25,703.842057926913,703.842057926913,691.0449296009691,699.9044799804688,8700,12.5,0
2022-02-28,699.9044799804686,703.842057926913,699.9044799804686,699.9044799804688,3600,0.0,0
2022-03-01,697.9357029021041,697.9357029021041,689.076152371612,690.060546875,13000,0.0,0
2022-03-02,690.0605639508328,690.0605639508328,686.1229858398438,686.1229858398438,4900,0.0,0
2022-03-03,695.9669287924308,751.0930221621284,690.0605616456776,707.7796630859375,110700,0.0,0
2022-03-04,722.5455423554297,722.5455423554297,683.1697634804744,688.0917358398438,31600,0.0,0
2022-03-07,688.0917773437501,693.9981445312501,685.13859375,689.076171875,18600,0.0,0
2022-03-08,689.0761472852968,696.9513032542716,683.1697803085657,684.1541748046875,26400,0.0,0
2022-03-09,684.1541918521334,687.107375414085,680.2166137695312,680.2166137695312,16100,0.0,0
2022-03-10,683.1697828407615,689.0761498393848,680.2165993414499,687.1073608398438,11800,0.0,0
2022-03-11,683.1697582338451,683.1697582338451,681.2009693052173,682.1853637695312,5800,0.0,0
2022-03-14,684.1541748046875,684.1541748046875,680.2165968202002,684.1541748046875,3400,0.0,0
2022-03-15,684.1541579523482,688.0917358398438,683.1697634804744,688.0917358398438,6300,0.0,0
2022-03-16,687.1073439725783,691.0449218749999,687.1073439725783,691.044921875,12300,0.0,0
2022-03-17,691.0449103880464,700.8888549804688,691.0449103880464,700.8888549804688,7500,0.0,0
2022-03-18,698.9201049804688,701.8732885226398,697.9357104664117,698.9201049804688,4000,0.0,0
2022-03-22,698.9200905942185,705.8108520507812,697.9356961004238,705.8108520507812,4400,0.0,0
2022-03-23,709.7484521348553,711.717241183773,704.8264795125608,707.7796630859375,5500,0.0,0
2022-03-24,708.764018615638,713.6859909671355,703.8420462641404,709.7484130859375,19500,0.0,0
2022-03-25,711.7172241210938,712.7016186219528,707.7796461176575,711.7172241210938,6500,0.0,0
2022-03-28,713.6860327046994,713.6860327046994,708.7640600653567,710.7328491210938,1100,0.0,0
2022-03-29,713.6860351562501,713.6860351562501,707.7796679687501,713.68603515625,7600,0.0,0
2022-03-30,711.7172164275865,711.7172164275865,699.9044825449711,702.857666015625,7800,0.0,0
2022-03-31,702.8576830366967,703.8420775507537,698.9201049804688,698.9201049804688,5700,0.0,0
2022-04-01,694.9825176064899,712.7016186219528,691.0449396030536,711.7172241210938,9400,0.0,0
2022-04-04,711.7172460937501,713.6860351562501,708.7640625,713.68603515625,3800,0.0,0
2022-04-05,713.6859935950179,716.6391770167903,708.7640212253971,712.7015991210938,12600,0.0,0
2022-04-06,704.8264549960609,711.7172164275865,702.8576660156249,702.857666015625,11800,0.0,0
2022-04-07,698.9200803066823,704.8264471825133,693.9981079101564,693.9981079101562,5000,0.0,0
2022-04-08,704.8264433297004,712.7015991210938,704.8264433297004,712.7015991210938,9100,0.0,0
2022-04-11,712.7016186219528,712.7016186219528,707.7796461176575,711.7172241210938,2600,0.0,0
2022-04-12,711.717241183773,711.717241183773,706.7952685614786,707.7796630859375,4400,0.0,0
2022-04-13,734.3583178743621,740.2646850422524,716.6392163706911,735.3427124023438,52900,0.0,0
2022-04-14,680.2165635001778,696.9512691145093,673.3258023648649,692.029296875,57100,0.0,0
2022-04-15,693.9981053018162,693.9981053018162,688.0917384481837,691.044921875,8700,0.0,0
2022-04-18,691.0449413783881,693.9981248885521,688.091757868224,690.060546875,5300,0.0,0
2022-04-19,692.0293333386965,692.0293333386965,687.1073608398438,687.1073608398438,4600,0.0,0
2022-04-20,694.9825168380081,694.9825168380081,687.1073608398438,687.1073608398438,5800,0.0,0
2022-04-21,693.0137329101562,693.998127417131,689.0761548822577,693.0137329101562,3900,0.0,0
2022-04-22,690.0605247835915,694.9824971429609,687.1073413679699,688.0917358398438,5000,0.0,0
2022-04-25,690.0605299929356,786.5311889648439,684.1541631171044,786.5311889648438,255500,0.0,0
2022-04-26,934.1903958544319,934.1903958544319,793.4219800407504,797.3595581054688,1125000,0.0,0
2022-04-27,782.5936005530546,890.8769918245464,749.1241887055025,774.7184448242188,1263400,0.0,0
2022-04-28,748.1397963019432,770.7808690847652,721.5611456438478,731.4050903320312,201500,0.0,0
2022-05-02,729.4362907357483,742.2334186433931,708.7640071926301,719.5923461914062,72700,0.0,0
2022-05-06,716.6391914825226,724.5143474328801,705.8108520507812,705.8108520507812,52300,0.0,0
2022-05-09,714.6704126679848,753.0617984724634,706.7952566055277,717.6235961914062,157400,0.0,0
2022-05-10,714.6703801081732,733.3738749043926,699.9044631637894,703.842041015625,95200,0.0,0
2022-05-11,704.826435478584,710.7328022563374,697.9356742378716,703.842041015625,21800,0.0,0
2022-05-12,698.9200803066823,711.7172085376496,693.9981079101564,693.9981079101562,38200,0.0,0
2022-05-13,700.8889014147253,747.1554440642929,698.9201123658075,707.7796630859375,91200,0.0,0
2022-05-16,713.6860302326908,714.6704247571496,702.857690463643,707.7796630859375,14200,0.0,0
2022-05-17,705.8108272766799,706.7952217359222,699.9044605212265,700.8888549804688,18700,0.0,0
2022-05-18,710.7328346367563,719.5923852070205,702.8576785742991,717.6235961914062,39900,0.0,0
2022-05-19,705.8108299415429,715.6547745711321,702.8576465526661,703.842041015625,31500,0.0,0
2022-05-20,705.8108789062501,713.6860351562501,703.84208984375,713.68603515625,23000,0.0,0
2022-05-23,713.686003892318,729.4363157023554,713.686003892318,724.5143432617188,25500,0.0,0
2022-05-24,723.5299581314023,724.5143526322614,711.7172241210938,711.7172241210938,24700,0.0,0
2022-05-25,715.65482421875,720.5767968750001,707.7796679687501,713.68603515625,18700,0.0,0
2022-05-26,713.6859987859857,721.5611546346587,713.6859987859857,718.6079711914062,13800,0.0,0
2022-05-27,724.5143184635773,724.5143184635773,715.6547683736695,719.5923461914062,8800,0.0,0
2022-05-30,718.6079517369722,722.5455295547089,715.6547683736695,719.5923461914062,20100,0.0,0
2022-05-31,723.5299293383491,727.4675071850885,718.607957029925,725.4987182617188,18500,0.0,0
2022-06-01,728.4519313873454,737.3114819042186,723.5299588779715,736.3270874023438,17300,0.0,0
2022-06-02,734.3583063384151,769.7965087890624,731.4051228008611,769.7965087890625,48300,0.0,0
2022-06-03,771.7652744722682,771.7652744722682,737.3114675761848,743.2178344726562,42000,0.0,0
2022-06-06,737.3114918758995,756.9993821796619,728.4519412392065,748.1398315429688,26000,0.0,0
2022-06-07,746.1710306539163,769.7964986429586,745.1866361543729,757.9837646484375,48700,0.0,0
2022-06-08,757.9837440211716,781.609211367286,757.9837440211716,780.6248168945312,41100,0.0,0
2022-06-09,772.7496532518036,784.5623868046974,767.8276809380978,771.7652587890625,35500,0.0,0
2022-06-10,764.8745064939507,768.8120843909595,757.9837451741854,758.9681396484375,22000,0.0,0
2022-06-13,740.2646342844203,749.1241844287817,739.2802398239356,747.1553955078125,21200,0.0,0
2022-06-14,732.3894874225034,745.1866155629504,730.4206984778193,734.3582763671875,19000,0.0,0
2022-06-15,736.327062676123,740.2646405513964,731.4050903320312,731.4050903320312,13100,0.0,0
2022-06-16,731.4050823492316,740.2646324719007,721.5611377684883,722.5455322265625,18800,0.0,0
2022-06-17,718.607957029925,729.4362961084581,711.7171957981312,725.4987182617188,16300,0.0,0
2022-06-20,726.4831442084194,729.4363277214618,712.7016211475551,714.67041015625,13300,0.0,0
2022-06-21,716.6392094323395,751.0930175781251,716.6392094323395,751.093017578125,39100,0.0,0
2022-06-22,755.0305656270779,755.0305656270779,728.4519146858379,740.2646484375,20100,0.0,0
2022-06-23,740.2646510244206,753.0617793001087,739.2802565416753,743.2178344726562,16300,0.0,0
2022-06-24,750.1086035923183,762.9057320000613,741.2490531561886,752.077392578125,26500,0.0,0
2022-06-27,761.921337507158,764.8745209858679,747.1554201136084,752.077392578125,17300,0.0,0
2022-06-28,753.0617921507203,763.890131645698,748.1398196530032,757.9837646484375,22600,0.0,0
2022-06-29,760.9369532005074,770.7808982613161,750.1086136336179,763.89013671875,46900,0.0,0
2022-06-30,764.8745386986217,795.3907686853105,759.9525661201234,772.7496948242188,50500,0.0,0
2022-07-01,772.7496821415888,775.7028656402191,748.1398196530032,757.9837646484375,38000,0.0,0
2022-07-04,765.858930257699,765.858930257699,743.2178564840137,745.1866455078125,19100,0.0,0
2022-07-05,745.1866455078124,756.0149851387054,743.2178564840137,745.1866455078125,17400,0.0,0
2022-07-06,746.170998386605,750.1085762145027,743.2178150156818,744.2022094726562,12000,0.0,0
2022-07-07,758.9681740388047,778.6560644159462,751.0930178879481,775.702880859375,73900,0.0,0
2022-07-08,777.6716644004912,777.6716644004912,743.2178564840137,745.1866455078125,95700,0.0,0
2022-07-11,743.2178539812406,756.9993771014226,739.280275946903,742.2334594726562,42900,0.0,0
2022-07-12,747.1554018331249,747.1554018331249,731.4050903320312,731.4050903320312,29200,0.0,0
2022-07-13,732.3894874225034,735.3426708395297,728.4519095331351,734.3582763671875,13800,0.0,0
2022-07-14,738.2958738595847,738.2958738595847,732.389506868708,733.3739013671875,6000,0.0,0
2022-07-15,735.3427099412488,735.3427099412488,728.4519482684392,732.3895263671875,17900,0.0,0
2022-07-19,733.37392578125,738.2958984375001,724.5143750000001,738.2958984375,18500,0.0,0
2022-07-20,741.249062447986,742.233456953229,735.3426954165279,739.2802734375,14600,0.0,0
2022-07-21,743.2178176658741,753.0617622707201,738.2958453634511,747.1553955078125,20000,0.0,0
2022-07-22,745.186620834026,749.1241987512468,740.2646484375001,740.2646484375,12200,0.0,0
2022-07-25,743.2178514584721,743.2178514584721,734.3583009112849,739.2802734375,8000,0.0,0
2022-07-26,739.280259104706,751.0929929386027,739.280259104706,746.1710205078125,16400,0.0,0
2022-07-27,745.1866404689581,748.139823984687,733.373906406042,739.2802734375,17700,0.0,0
2022-07-28,746.1710230743367,751.0929955220566,741.2490506266168,749.1242065429688,11700,0.0,0
2022-07-29,752.0774045585005,752.0774045585005,739.280275946903,742.2334594726562,19900,0.0,0
2022-08-01,750.1085788892663,751.0929733497509,738.2958453634511,747.1553955078125,23300,0.0,0
2022-08-02,748.1398315429688,750.108620573345,741.249069936652,748.1398315429688,11800,0.0,0
2022-08-03,752.0773651284516,752.0773651284516,742.2334205587074,744.2022094726562,16900,0.0,0
2022-08-04,744.202255948968,753.0618066150271,743.2178614305169,751.093017578125,17600,0.0,0
2022-08-05,754.0461916579414,767.8277147430734,750.1086136336179,763.89013671875,26400,0.0,0
2022-08-08,767.8277147430734,767.8277147430734,750.1086136336179,763.89013671875,21700,0.0,0
2022-08-09,762.9057149092356,762.9057149092356,755.0305591424305,756.0149536132812,29200,0.0,0
2022-08-10,756.0149831514763,766.8433227539062,751.0930106049171,766.8433227539062,39400,0.0,0
2022-08-12,765.8589087853065,767.8276977539062,756.0149639423076,767.8276977539062,29500,0.0,0
2022-08-15,767.8276729460686,767.8276729460686,757.9837284211189,762.9057006835938,18100,0.0,0
2022-08-16,758.9681616779441,764.874528694893,756.9993726722944,760.9369506835938,9800,0.0,0
2022-08-17,758.9681281603864,768.8120727539062,753.0617614042744,768.8120727539062,21200,0.0,0
2022-08-18,762.9057189327987,784.5623974057297,762.9057189327987,783.5780029296875,27600,0.0,0
2022-08-19,783.5779914193354,808.1878529588873,775.7028357266787,793.4219360351562,60300,0.0,0
2022-08-22,787.5155962070024,812.1254585884712,786.5312017117436,801.297119140625,44800,0.0,0
2022-08-23,798.3439399383353,801.2971234399567,777.6716554269851,782.5936279296875,36600,0.0,0
2022-08-24,778.6560668945311,786.5312230704557,767.827727152635,778.6560668945312,31300,0.0,0
2022-08-25,787.5155666251557,790.46875,778.6560165006226,790.46875,8500,0.0,0
2022-08-26,790.4687526504099,793.4219360351561,778.6560191114249,793.4219360351562,31600,0.0,0
2022-08-29,782.5936329588015,797.3595505617977,776.687265917603,788.5,37300,0.0,0
2022-08-30,789.0,801.0,780.0,796.0,25200,12.5,0
2022-08-31,781.0,792.0,776.0,784.0,24200,0.0,0
2022-09-01,778.0,786.0,773.0,785.0,19300,0.0,0
2022-09-02,785.0,785.0,773.0,782.0,17700,0.0,0
2022-09-05,782.0,783.0,776.0,776.0,16400,0.0,0
2022-09-06,775.0,788.0,775.0,783.0,33600,0.0,0
2022-09-07,779.0,790.0,773.0,783.0,17600,0.0,0
2022-09-08,784.0,794.0,783.0,794.0,13700,0.0,0
2022-09-09,790.0,794.0,782.0,791.0,19800,0.0,0
2022-09-12,791.0,804.0,791.0,804.0,22700,0.0,0
2022-09-13,807.0,835.0,798.0,802.0,128000,0.0,0
2022-09-14,774.0,827.0,760.0,810.0,166600,0.0,0
2022-09-15,803.0,805.0,783.0,784.0,53700,0.0,0
2022-09-16,786.0,788.0,771.0,776.0,29800,0.0,0
