Date,Open,High,Low,Close,Volume,Dividends,Stock Splits
2001-01-01,461.584716796875,461.584716796875,461.584716796875,461.584716796875,0,0.0,0
2001-01-02,461.584716796875,461.584716796875,461.584716796875,461.584716796875,0,0.0,0
2001-01-03,461.584716796875,461.584716796875,461.584716796875,461.584716796875,0,0.0,0
2001-01-04,468.3726988545705,468.3726988545705,448.6874694824219,448.6874694824219,5000,0.0,0
2001-01-05,448.6874694824219,448.6874694824219,448.6874694824219,448.6874694824219,2000,0.0,0
2001-01-08,448.6874694824219,448.6874694824219,448.6874694824219,448.6874694824219,0,0.0,0
2001-01-09,448.6874694824219,448.6874694824219,448.6874694824219,448.6874694824219,5000,0.0,0
2001-01-10,448.6874694824219,448.6874694824219,448.6874694824219,448.6874694824219,0,0.0,0
2001-01-11,448.6874694824219,448.6874694824219,448.6874694824219,448.6874694824219,0,0.0,0
2001-01-12,448.0085913814715,454.7966003417968,448.0085913814715,454.7966003417969,12000,0.0,0
2001-01-15,454.7966003417968,454.7966003417968,454.7966003417968,454.7966003417969,10000,0.0,0
2001-01-16,454.7966770981297,454.7966770981297,448.0086669921875,448.0086669921875,6000,0.0,0
2001-01-17,448.0086669921875,448.6874680027817,448.0086669921875,448.0086669921875,8000,0.0,0
2001-01-18,448.0086669921875,448.0086669921875,448.0086669921875,448.0086669921875,5000,0.0,0
2001-01-19,448.0086669921875,448.0086669921875,448.0086669921875,448.0086669921875,0,0.0,0
2001-01-22,471.76675228845505,471.76675228845505,456.1543273925781,456.1543273925781,3000,0.0,0
2001-01-23,456.1543273925781,456.1543273925781,456.1543273925781,456.1543273925781,0,0.0,0
2001-01-24,456.1543273925781,456.1543273925781,456.1543273925781,456.1543273925781,0,0.0,0
2001-01-25,469.7302200545126,469.7302200545126,454.7966003417968,454.7966003417969,5000,0.0,0
2001-01-26,451.4026489257813,451.4026489257813,451.4026489257813,451.40264892578125,2000,0.0,0
2001-01-29,458.1906433105469,458.1906433105469,458.1906433105469,458.1906433105469,2000,0.0,0
2001-01-30,458.1906433105469,458.1906433105469,458.1906433105469,458.1906433105469,1000,0.0,0
2001-01-31,458.1906957211702,468.3727111816406,458.1906957211702,468.3727111816406,3000,0.0,0
2001-02-01,454.7966003417968,454.7966003417968,454.7966003417968,454.7966003417969,1000,0.0,0
2001-02-02,458.1906048219595,458.1906048219595,454.7966003417968,454.7966003417969,4000,0.0,0
2001-02-05,454.7966003417968,454.7966003417968,454.7966003417968,454.7966003417969,3000,0.0,0
2001-02-06,454.7966618464543,454.7966618464543,441.22064208984375,441.22064208984375,7000,0.0,0
2001-02-07,444.6146470289964,444.6146470289964,441.22064208984375,441.22064208984375,4000,0.0,0
2001-02-08,441.22064208984375,441.22064208984375,441.22064208984375,441.22064208984375,0,0.0,0
2001-02-09,441.22064208984375,441.22064208984375,441.22064208984375,441.22064208984375,0,0.0,0
2001-02-12,441.22064208984375,441.22064208984375,441.22064208984375,441.22064208984375,0,0.0,0
2001-02-13,454.79669056768,468.3727111816406,454.79669056768,468.3727111816406,3000,0.0,0
2001-02-14,468.3727111816406,468.3727111816406,468.3727111816406,468.3727111816406,0,0.0,0
2001-02-15,481.9487915039063,481.9487915039063,475.16078035596394,481.94879150390625,10000,0.0,0
2001-02-16,483.98513784849166,483.98513784849166,455.4754943847656,455.4754943847656,6000,0.0,0
2001-02-19,455.4754943847656,455.4754943847656,455.4754943847656,455.4754943847656,0,0.0,0
2001-02-20,455.4754943847656,455.4754943847656,455.4754943847656,455.4754943847656,1000,0.0,0
2001-02-21,455.4754943847656,455.4754943847656,455.4754943847656,455.4754943847656,0,0.0,0
2001-02-22,454.7966770981297,454.7966770981297,448.0086669921875,448.0086669921875,5000,0.0,0
2001-02-23,448.00858027255373,450.04498291015625,448.00858027255373,450.04498291015625,5000,0.0,0
2001-02-26,450.04498291015625,450.04498291015625,450.04498291015625,450.04498291015625,0,0.0,0
2001-02-27,450.04498291015625,450.04498291015625,450.04498291015625,450.04498291015625,0,0.0,0
2001-02-28,461.584716796875,461.584716796875,461.584716796875,461.584716796875,1000,0.0,0
2001-03-01,461.584716796875,461.584716796875,461.584716796875,461.584716796875,3000,0.0,0
2001-03-02,461.584716796875,461.584716796875,461.584716796875,461.584716796875,1000,0.0,0
2001-03-05,461.584716796875,461.584716796875,448.68749676872704,461.584716796875,4000,0.0,0
2001-03-06,461.584716796875,461.584716796875,461.584716796875,461.584716796875,1000,0.0,0
2001-03-07,461.584716796875,461.584716796875,461.584716796875,461.584716796875,0,0.0,0
2001-03-08,461.584716796875,461.584716796875,461.584716796875,461.584716796875,1000,0.0,0
2001-03-09,461.584716796875,461.584716796875,461.584716796875,461.584716796875,0,0.0,0
2001-03-12,461.584716796875,461.584716796875,461.584716796875,461.584716796875,0,0.0,0
2001-03-13,455.475479610749,455.475479610749,448.6874694824219,448.6874694824219,13000,0.0,0
2001-03-14,448.6874694824219,448.6874694824219,448.6874694824219,448.6874694824219,0,0.0,0
2001-03-15,448.008651968149,448.008651968149,441.22064208984375,441.22064208984375,16000,0.0,0
2001-03-16,441.22064208984375,441.22064208984375,441.22064208984375,441.22064208984375,0,0.0,0
2001-03-19,448.0086669921875,448.0086669921875,448.0086669921875,448.0086669921875,1000,0.0,0
2001-03-20,448.0086669921875,448.0086669921875,448.0086669921875,448.0086669921875,0,0.0,0
2001-03-21,448.0086669921875,448.0086669921875,448.0086669921875,448.0086669921875,9000,0.0,0
2001-03-22,454.7966003417968,454.7966003417968,454.7966003417968,454.7966003417969,2000,0.0,0
2001-03-23,468.3727111816406,468.3727111816406,468.3727111816406,468.3727111816406,3000,0.0,0
2001-03-26,461.58468720407194,461.58468720407194,448.0086669921875,448.0086669921875,4000,0.0,0
2001-03-27,456.1666833894543,458.2061767578125,456.1666833894543,458.2061767578125,2000,1.0,0
2001-03-28,462.28503109618777,462.28503109618777,457.5262145996094,457.5262145996094,3000,0.0,0
2001-03-29,457.5262145996094,457.5262145996094,457.5262145996094,457.5262145996094,0,0.0,0
2001-03-30,457.5262145996094,457.5262145996094,457.5262145996094,457.5262145996094,0,0.0,0
2001-04-02,457.5262145996094,457.5262145996094,457.5262145996094,457.5262145996094,0,0.0,0
2001-04-03,457.5262145996094,457.5262145996094,457.5262145996094,457.5262145996094,0,0.0,0
2001-04-04,457.5262145996094,457.5262145996094,457.5262145996094,457.5262145996094,0,0.0,0
2001-04-05,456.84639899887725,456.84639899887725,449.3682585390742,454.1270751953125,4000,0.0,0
2001-04-06,454.1270751953125,454.1270751953125,454.1270751953125,454.1270751953125,3000,0.0,0
2001-04-09,454.12713392202863,454.12713392202863,449.3683166503906,449.3683166503906,3000,0.0,0
2001-04-10,450.0481872558594,450.0481872558594,450.0481872558594,450.0481872558594,1000,0.0,0
2001-04-11,450.0481872558594,450.0481872558594,450.0481872558594,450.0481872558594,1000,0.0,0
2001-04-12,455.4867248535156,455.4867248535156,455.4867248535156,455.4867248535156,1000,0.0,0
2001-04-13,454.8068939208984,455.4867248535156,454.8068939208984,455.4867248535156,2000,0.0,0
2001-04-16,455.48670992886065,465.6841735839844,455.48670992886065,465.6841735839844,6000,0.0,0
2001-04-17,455.4867248535156,455.4867248535156,455.4867248535156,455.4867248535156,5000,0.0,0
2001-04-18,456.846435546875,456.846435546875,456.846435546875,456.846435546875,1000,0.0,0
2001-04-19,465.6841733579282,465.6841733579282,458.88586425781244,458.8858642578125,8000,0.0,0
2001-04-20,458.88586425781244,458.88586425781244,458.88586425781244,458.8858642578125,3000,0.0,0
2001-04-23,459.56569516782406,459.56569516782406,458.88586425781244,458.8858642578125,5000,0.0,0
2001-04-24,468.4035949707031,468.4035949707031,468.4035949707031,468.4035949707031,1000,0.0,0
2001-04-25,465.00457763671875,465.00457763671875,465.00457763671875,465.00457763671875,2000,0.0,0
2001-04-26,465.00457763671875,465.00457763671875,465.00457763671875,465.00457763671875,2000,0.0,0
2001-04-27,469.08349391392295,482.68011692592074,469.08349391392295,475.8818054199219,8000,0.0,0
2001-04-30,475.8818054199219,475.8818054199219,475.8818054199219,475.8818054199219,0,0.0,0
2001-05-01,475.8817659086083,475.8817659086083,475.2019348144532,475.2019348144531,9000,0.0,0
2001-05-02,475.88174184163415,489.4783630371094,475.88174184163415,489.4783630371094,11000,0.0,0
2001-05-03,489.4783630371094,489.4783630371094,489.4783630371094,489.4783630371094,0,0.0,0
2001-05-04,489.4783630371094,489.4783630371094,489.4783630371094,489.4783630371094,0,0.0,0
2001-05-07,486.07928466796875,486.07928466796875,485.39945350060094,486.07928466796875,200,0.0,0
2001-05-08,485.39945350060094,489.4784405048077,485.39945350060094,486.07928466796875,90,0.0,0
2001-05-09,486.07928466796875,486.07928466796875,486.07928466796875,486.07928466796875,0,0.0,0
2001-05-10,486.07928466796875,486.07928466796875,486.07928466796875,486.07928466796875,20,0.0,0
2001-05-11,489.4783630371094,489.4783630371094,489.4783630371094,489.4783630371094,30,0.0,0
2001-05-14,488.7985534667969,488.7985534667969,488.7985534667969,488.7985534667969,10,0.0,0
2001-05-15,488.79853197733564,489.4783630371094,488.79853197733564,489.4783630371094,13000,0.0,0
2001-05-16,489.4783630371094,489.4783630371094,489.4783630371094,489.4783630371094,2000,0.0,0
2001-05-17,489.4783630371094,489.4783630371094,489.4783630371094,489.4783630371094,0,0.0,0
2001-05-18,489.4783630371094,489.4783630371094,489.4783630371094,489.4783630371094,0,0.0,0
2001-05-21,475.8818054199219,477.24146772112164,475.8818054199219,475.8818054199219,7000,0.0,0
2001-05-22,469.08340543859146,475.88171566233916,462.28509521484375,462.28509521484375,20000,0.0,0
2001-05-23,462.96486511230466,462.96486511230466,455.4867248535156,455.4867248535156,8000,0.0,0
2001-05-24,455.4867248535156,458.88587951660156,449.3682464599609,455.4867248535156,24000,0.0,0
2001-05-25,462.2850341796875,462.2850341796875,452.0875701904297,455.4867248535156,13000,0.0,0
2001-05-28,452.087646484375,452.087646484375,452.087646484375,452.087646484375,14000,0.0,0
2001-05-29,452.0876931855173,452.0876931855173,448.68853759765625,448.68853759765625,10000,0.0,0
2001-05-30,448.68853759765625,448.68853759765625,448.68853759765625,448.68853759765625,1000,0.0,0
2001-05-31,445.28938200979525,448.68853759765625,445.28938200979525,448.68853759765625,2000,0.0,0
2001-06-01,448.68853759765625,448.68853759765625,448.68853759765625,448.68853759765625,0,0.0,0
2001-06-04,448.68853759765625,448.68853759765625,448.68853759765625,448.68853759765625,1000,0.0,0
2001-06-05,448.68853759765625,448.68853759765625,448.68853759765625,448.68853759765625,3000,0.0,0
2001-06-06,445.28942871093756,445.28942871093756,445.28942871093756,445.2894287109375,3000,0.0,0
2001-06-07,445.28942871093756,445.28942871093756,445.28942871093756,445.2894287109375,0,0.0,0
2001-06-08,448.6885322012552,448.6885322012552,445.9692077636718,445.9692077636719,7000,0.0,0
2001-06-11,445.9692726777852,445.9692726777852,443.9297790527344,443.9297790527344,10000,0.0,0
2001-06-12,445.28944146943496,445.28944146943496,443.9297790527344,443.9297790527344,6000,0.0,0
2001-06-13,443.9295376821664,445.28919935960033,441.8900451660156,441.8900451660156,15000,0.0,0
2001-06-14,441.89018530348324,443.2498474121094,441.89018530348324,443.2498474121094,4000,0.0,0
2001-06-15,443.2498474121094,443.2498474121094,443.2498474121094,443.2498474121094,1000,0.0,0
2001-06-18,448.6884912476504,452.7674775317199,448.6884912476504,452.087646484375,6000,0.0,0
2001-06-19,452.7674775317199,452.7674775317199,452.087646484375,452.087646484375,9000,0.0,0
2001-06-20,443.9297790527344,443.9297790527344,443.9297790527344,443.9297790527344,2000,0.0,0
2001-06-21,444.60950952073546,444.60950952073546,443.2498474121094,443.2498474121094,10000,0.0,0
2001-06-22,443.2498474121094,443.2498474121094,443.2498474121094,443.2498474121094,5000,0.0,0
2001-06-25,450.0481544114278,463.644775390625,450.0481544114278,463.644775390625,5000,0.0,0
2001-06-26,462.28509521484375,462.28509521484375,462.28509521484375,462.28509521484375,2000,0.0,0
2001-06-27,471.80272952809054,471.80272952809054,462.28509521484375,462.28509521484375,8000,0.0,0
2001-06-28,462.28509521484375,462.28509521484375,462.28509521484375,462.28509521484375,0,0.0,0
2001-06-29,462.28509521484375,462.28509521484375,462.28509521484375,462.28509521484375,0,0.0,0
2001-07-02,452.087646484375,452.087646484375,452.087646484375,452.087646484375,3000,0.0,0
2001-07-03,475.88171566233916,475.88171566233916,462.28509521484375,462.28509521484375,14000,0.0,0
2001-07-04,462.28509521484375,462.28509521484375,462.28509521484375,462.28509521484375,4000,0.0,0
2001-07-05,462.28522396516587,462.28522396516587,453.4474182128906,453.4474182128906,2000,0.0,0
2001-07-06,453.4474182128906,453.4474182128906,453.4474182128906,453.4474182128906,0,0.0,0
2001-07-09,452.087646484375,452.087646484375,452.087646484375,452.087646484375,6000,0.0,0
2001-07-10,445.28942871093756,445.28942871093756,445.28942871093756,445.2894287109375,3000,0.0,0
2001-07-11,445.28942871093756,445.28942871093756,445.28942871093756,445.2894287109375,0,0.0,0
2001-07-12,445.28942871093756,445.28942871093756,445.28942871093756,445.2894287109375,0,0.0,0
2001-07-13,445.28942871093756,445.28942871093756,445.28942871093756,445.2894287109375,1000,0.0,0
2001-07-16,448.68853759765625,448.68853759765625,448.68853759765625,448.68853759765625,24000,0.0,0
2001-07-17,448.68853759765625,448.68853759765625,448.68853759765625,448.68853759765625,1000,0.0,0
2001-07-18,441.8900451660156,441.8900451660156,441.8900451660156,441.8900451660156,1000,0.0,0
2001-07-19,441.8900451660156,441.8900451660156,441.8900451660156,441.8900451660156,0,0.0,0
2001-07-20,441.8900451660156,441.8900451660156,441.8900451660156,441.8900451660156,0,0.0,0
2001-07-23,438.4909822940827,438.4909822940827,435.0918273925782,435.0918273925781,5000,0.0,0
2001-07-24,428.2934875488281,428.2934875488281,428.2934875488281,428.2934875488281,1000,0.0,0
2001-07-25,441.8900451660156,441.8900451660156,441.8900451660156,441.8900451660156,4000,0.0,0
2001-07-26,441.8900451660156,441.8900451660156,441.8900451660156,441.8900451660156,9000,0.0,0
2001-07-27,441.8900451660156,441.8900451660156,441.8900451660156,441.8900451660156,0,0.0,0
2001-07-30,401.100341796875,401.100341796875,401.100341796875,401.100341796875,1000,0.0,0
2001-07-31,407.898681640625,407.898681640625,407.898681640625,407.898681640625,2000,0.0,0
2001-08-01,421.4952392578125,421.4952392578125,421.4952392578125,421.4952392578125,1000,0.0,0
2001-08-02,421.4952392578125,421.4952392578125,421.4952392578125,421.4952392578125,0,0.0,0
2001-08-03,421.4952392578125,421.4952392578125,421.4952392578125,421.4952392578125,0,0.0,0
2001-08-06,408.5783996582031,408.5783996582031,408.5783996582031,408.5783996582031,2000,0.0,0
2001-08-07,408.57851277669266,408.57851277669266,407.898681640625,407.898681640625,2000,0.0,0
2001-08-08,407.8985998473192,407.8985998473192,401.7801208496094,401.7801208496094,2000,0.0,0
2001-08-09,401.7801208496094,401.7801208496094,401.7801208496094,401.7801208496094,0,0.0,0
2001-08-10,401.7801208496094,401.7801208496094,401.7801208496094,401.7801208496094,0,0.0,0
2001-08-13,407.89865267478814,407.89865267478814,401.100341796875,401.100341796875,2000,0.0,0
2001-08-14,401.100341796875,401.100341796875,401.100341796875,401.100341796875,0,0.0,0
2001-08-15,401.100341796875,401.100341796875,401.100341796875,401.100341796875,0,0.0,0
2001-08-16,401.100341796875,401.100341796875,401.100341796875,401.100341796875,0,0.0,0
2001-08-17,407.898681640625,407.898681640625,407.898681640625,407.898681640625,3000,0.0,0
2001-08-20,408.5783996582031,408.5783996582031,408.5783996582031,408.5783996582031,1000,0.0,0
2001-08-21,421.49530436197915,421.49530436197915,395.66172119140623,407.898681640625,11000,0.0,0
2001-08-22,414.6969299316406,414.6969299316406,414.6969299316406,414.6969299316406,3000,0.0,0
2001-08-23,414.6969299316406,414.6969299316406,414.6969299316406,414.6969299316406,0,0.0,0
2001-08-24,418.09600830078125,418.09600830078125,418.09600830078125,418.09600830078125,2000,0.0,0
2001-08-27,407.898681640625,407.898681640625,407.898681640625,407.898681640625,2000,0.0,0
2001-08-28,407.898681640625,407.898681640625,407.898681640625,407.898681640625,0,0.0,0
2001-08-29,397.7012023925781,397.7012023925781,397.7012023925781,397.7012023925781,1000,0.0,0
2001-08-30,350.11302459716796,350.11302459716796,339.9155578613281,339.9155578613281,30000,0.0,0
2001-08-31,339.2356652353324,346.71380615234375,333.11718630323224,346.71380615234375,10000,0.0,0
2001-09-03,339.91550920478795,340.5953402231975,338.55584716796875,338.55584716796875,19000,0.0,0
2001-09-04,338.5559310913086,338.5559310913086,326.3189697265625,326.3189697265625,11000,0.0,0
2001-09-05,328.35845947265625,328.35845947265625,328.35845947265625,328.35845947265625,10000,0.0,0
2001-09-06,329.0382919622927,333.1172790527344,329.0382919622927,333.1172790527344,12000,0.0,0
2001-09-07,333.1172790527344,333.1172790527344,333.1172790527344,333.1172790527344,1000,0.0,0
2001-09-10,333.79711023447464,333.79711023447464,333.1172790527344,333.1172790527344,6000,0.0,0
2001-09-11,333.1172790527344,333.1172790527344,333.1172790527344,333.1172790527344,0,0.0,0
2001-09-12,333.1172815958659,333.1172815958659,326.3189697265625,326.3189697265625,7000,0.0,0
2001-09-13,326.3189697265625,326.3189697265625,326.3189697265625,326.3189697265625,0,0.0,0
2001-09-14,319.52065785725915,326.3189697265625,319.52065785725915,326.3189697265625,2000,0.0,0
2001-09-17,333.11725243101733,333.11725243101733,312.7223186087101,319.5206298828125,21000,0.0,0
2001-09-18,319.5206035267223,319.5206035267223,299.12567138671875,299.12567138671875,31000,0.0,0
2001-09-19,309.3230895996094,309.3230895996094,309.3230895996094,309.3230895996094,10000,0.0,0
2001-09-20,309.3230895996094,309.3230895996094,309.3230895996094,309.3230895996094,0,0.0,0
2001-09-21,301.1651306152344,301.1651306152344,301.1651306152344,301.1651306152344,5000,0.0,0
2001-09-24,301.1651306152344,301.1651306152344,301.1651306152344,301.1651306152344,0,0.0,0
2001-09-25,312.8541256374783,312.8541256374783,309.4161682128906,309.4161682128906,5000,5.0,0
2001-09-26,308.7287016769935,308.7287016769935,299.1024169921875,299.1024169921875,3000,0.0,0
2001-09-27,298.4147644042969,298.4147644042969,298.4147644042969,298.4147644042969,2000,0.0,0
2001-09-28,298.4147644042969,298.4147644042969,298.4147644042969,298.4147644042969,0,0.0,0
2001-10-01,295.6643981933594,295.6643981933594,295.6643981933594,295.6643981933594,3000,0.0,0
2001-10-02,297.0396417025862,299.1024169921875,297.0396417025862,299.1024169921875,3000,0.0,0
2001-10-03,299.1024169921875,299.79000875538793,299.1024169921875,299.1024169921875,13000,0.0,0
2001-10-04,299.1024169921875,299.1024169921875,299.1024169921875,299.1024169921875,0,0.0,0
2001-10-05,299.1024169921875,299.1024169921875,299.1024169921875,299.1024169921875,0,0.0,0
2001-10-08,299.1024169921875,299.1024169921875,299.1024169921875,299.1024169921875,0,0.0,0
2001-10-09,299.1024169921875,299.1024169921875,299.1024169921875,299.1024169921875,0,0.0,0
2001-10-10,316.2922086843995,316.2922086843995,306.6659240722656,306.6659240722656,2000,0.0,0
2001-10-11,303.2279052734375,303.2279052734375,303.2279052734375,303.2279052734375,1000,0.0,0
2001-10-12,309.4161682128906,309.4161682128906,309.4161682128906,309.4161682128906,4000,0.0,0
2001-10-15,310.1038808320698,316.29220661364104,310.1038808320698,313.5418395996094,10000,0.0,0
2001-10-16,320.4177551269531,321.1053468761526,320.4177551269531,320.4177551269531,26000,0.0,0
2001-10-17,320.4177551269531,320.4177551269531,320.4177551269531,320.4177551269531,0,0.0,0
2001-10-18,316.9797363944676,320.41769448985224,316.2921447753906,316.2921447753906,7000,0.0,0
2001-10-19,316.2921447753906,316.2921447753906,316.2921447753906,316.2921447753906,0,0.0,0
2001-10-22,316.2921447753906,316.2921447753906,316.2921447753906,316.2921447753906,0,0.0,0
2001-10-23,309.41622994162816,309.41622994162816,302.5403137207031,302.5403137207031,8000,0.0,0
2001-10-24,302.5403137207031,302.5403137207031,302.5403137207031,302.5403137207031,0,0.0,0
2001-10-25,309.41635303283005,309.41635303283005,302.54043407654495,305.9783935546875,19000,0.0,0
2001-10-26,305.97827183116567,305.97827183116567,302.5403137207031,302.5403137207031,17000,0.0,0
2001-10-29,302.5403137207031,302.5403137207031,302.5403137207031,302.5403137207031,0,0.0,0
2001-10-30,302.5403137207031,302.5403137207031,302.5403137207031,302.5403137207031,0,0.0,0
2001-10-31,309.4161682128906,309.4161682128906,309.4161682128906,309.4161682128906,7000,0.0,0
2001-11-01,309.4161682128906,309.4161682128906,309.4161682128906,309.4161682128906,3000,0.0,0
2001-11-02,309.4161682128906,309.4161682128906,309.4161682128906,309.4161682128906,5000,0.0,0
2001-11-05,309.4161682128906,309.4161682128906,309.4161682128906,309.4161682128906,6000,0.0,0
2001-11-06,310.1037596978082,310.1037596978082,309.4161682128906,309.4161682128906,4000,0.0,0
2001-11-07,309.41628848805146,315.6046142578125,309.41628848805146,315.6046142578125,3000,0.0,0
2001-11-08,315.6046142578125,315.6046142578125,315.6046142578125,315.6046142578125,0,0.0,0
2001-11-09,315.6046142578125,315.6046142578125,315.6046142578125,315.6046142578125,0,0.0,0
2001-11-12,309.4161682128906,309.4161682128906,309.4161682128906,309.4161682128906,1000,0.0,0
2001-11-13,309.4161682128906,309.4161682128906,309.4161682128906,309.4161682128906,10000,0.0,0
2001-11-14,310.1037596978082,310.1037596978082,309.4161682128906,309.4161682128906,15000,0.0,0
2001-11-15,309.41622858462125,316.2921447753906,309.41622858462125,316.2921447753906,24000,0.0,0
2001-11-16,314.91690009223095,314.91690009223095,309.4161682128906,309.4161682128906,10000,0.0,0
2001-11-19,309.4161682128906,309.4161682128906,309.4161682128906,309.4161682128906,5000,0.0,0
2001-11-20,309.4161682128906,309.4161682128906,309.4161682128906,309.4161682128906,1000,0.0,0
2001-11-21,310.1037596978082,310.1037596978082,309.4161682128906,309.4161682128906,11000,0.0,0
2001-11-22,322.48049952897065,322.48049952897065,321.1053161621094,321.1053161621094,10000,0.0,0
2001-11-23,321.1053161621094,321.1053161621094,321.1053161621094,321.1053161621094,0,0.0,0
2001-11-26,321.79290771484375,321.79290771484375,321.79290771484375,321.79290771484375,1000,0.0,0
2001-11-27,321.79290771484375,321.79290771484375,321.79290771484375,321.79290771484375,0,0.0,0
2001-11-28,303.2279675713901,303.2279675713901,295.66445817618535,299.1024169921875,4000,0.0,0
2001-11-29,299.1024169921875,299.1024169921875,299.1024169921875,299.1024169921875,1000,0.0,0
2001-11-30,299.1024169921875,299.1024169921875,299.1024169921875,299.1024169921875,1000,0.0,0
2001-12-03,299.1024169921875,299.1024169921875,299.1024169921875,299.1024169921875,0,0.0,0
2001-12-04,299.1024169921875,299.1024169921875,299.1024169921875,299.1024169921875,0,0.0,0
2001-12-05,261.28485107421875,261.28485107421875,261.28485107421875,261.28485107421875,5000,0.0,0
2001-12-06,268.84835799859496,271.59872483234017,268.84835799859496,269.53594970703125,4000,0.0,0
2001-12-07,271.5986934661865,275.0366516113281,271.5986934661865,275.0366516113281,2000,0.0,0
2001-12-10,295.66439749977803,302.5403137207031,295.66439749977803,302.5403137207031,3000,0.0,0
2001-12-11,309.4161682128906,309.4161682128906,309.4161682128906,309.4161682128906,3000,0.0,0
2001-12-12,330.04412841796875,330.04412841796875,330.04412841796875,330.04412841796875,10000,0.0,0
2001-12-13,326.6060791015625,326.6060791015625,326.6060791015625,326.6060791015625,12000,0.0,0
2001-12-14,326.6060791015625,326.6060791015625,326.6060791015625,326.6060791015625,0,0.0,0
2001-12-17,323.16806096616,323.16806096616,316.2921447753906,316.2921447753906,11000,0.0,0
2001-12-18,315.60449157714845,315.60449157714845,309.4161682128906,309.4161682128906,16000,0.0,0
2001-12-19,309.4161682128906,309.4161682128906,309.4161682128906,309.4161682128906,5000,0.0,0
2001-12-20,302.5403137207031,302.5403137207031,302.5403137207031,302.5403137207031,4000,0.0,0
2001-12-21,302.5403137207031,302.5403137207031,302.5403137207031,302.5403137207031,0,0.0,0
2001-12-24,302.5403137207031,302.5403137207031,302.5403137207031,302.5403137207031,0,0.0,0
2001-12-25,308.72863831953566,308.72863831953566,302.5403137207031,302.5403137207031,3000,0.0,0
2001-12-26,295.6643981933594,295.6643981933594,295.6643981933594,295.6643981933594,2000,0.0,0
2001-12-27,275.7242736816406,275.7242736816406,275.7242736816406,275.7242736816406,1000,0.0,0
2001-12-28,288.7885437011719,288.7885437011719,288.7885437011719,288.7885437011719,4000,0.0,0
2001-12-31,288.7885437011719,288.7885437011719,288.7885437011719,288.7885437011719,0,0.0,0
2002-01-01,288.7885437011719,288.7885437011719,288.7885437011719,288.7885437011719,0,0.0,0
2002-01-02,288.7885437011719,288.7885437011719,288.7885437011719,288.7885437011719,0,0.0,0
2002-01-03,288.7885437011719,288.7885437011719,288.7885437011719,288.7885437011719,0,0.0,0
2002-01-04,288.7885437011719,288.7885437011719,288.7885437011719,288.7885437011719,0,0.0,0
2002-01-07,288.7885437011719,288.7885437011719,288.7885437011719,288.7885437011719,6000,0.0,0
2002-01-08,281.91262599400113,288.7885437011719,281.91262599400113,288.7885437011719,2000,0.0,0
2002-01-09,288.7885437011719,288.7885437011719,288.7885437011719,288.7885437011719,0,0.0,0
2002-01-10,288.7885437011719,288.7885437011719,288.7885437011719,288.7885437011719,0,0.0,0
2002-01-11,288.7885437011719,288.7885437011719,288.7885437011719,288.7885437011719,0,0.0,0
2002-01-14,288.7885437011719,288.7885437011719,288.7885437011719,288.7885437011719,0,0.0,0
2002-01-15,302.5403137207031,302.5403137207031,302.5403137207031,302.5403137207031,10000,0.0,0
2002-01-16,302.5403137207031,302.5403137207031,302.5403137207031,302.5403137207031,6000,0.0,0
2002-01-17,302.5403137207031,302.5403137207031,302.5403137207031,302.5403137207031,6000,0.0,0
2002-01-18,302.5403137207031,302.5403137207031,302.5403137207031,302.5403137207031,0,0.0,0
2002-01-21,281.91259765625,281.91259765625,281.91259765625,281.91259765625,1000,0.0,0
2002-01-22,281.91259765625,281.91259765625,281.91259765625,281.91259765625,0,0.0,0
2002-01-23,285.35052490234375,285.35052490234375,285.35052490234375,285.35052490234375,2000,0.0,0
2002-01-24,284.6629638671875,284.6629638671875,284.6629638671875,284.6629638671875,1000,0.0,0
2002-01-25,292.2264404296875,292.2264404296875,292.2264404296875,292.2264404296875,3000,0.0,0
2002-01-28,285.35055723734587,285.35055723734587,277.0994567871094,277.0994567871094,2000,0.0,0
2002-01-29,287.413330078125,287.413330078125,287.413330078125,287.413330078125,1000,0.0,0
2002-01-30,288.7885437011719,288.7885437011719,288.7885437011719,288.7885437011719,2000,0.0,0
2002-01-31,288.7885437011719,288.7885437011719,288.7885437011719,288.7885437011719,0,0.0,0
2002-02-01,288.1009519304548,288.7885437011719,288.1009519304548,288.7885437011719,2000,0.0,0
2002-02-04,288.7885437011719,288.7885437011719,288.7885437011719,288.7885437011719,0,0.0,0
2002-02-05,288.7885437011719,288.7885437011719,288.7885437011719,288.7885437011719,0,0.0,0
2002-02-06,288.7885437011719,288.7885437011719,288.7885437011719,288.7885437011719,0,0.0,0
2002-02-07,288.7885437011719,288.7885437011719,288.7885437011719,288.7885437011719,0,0.0,0
2002-02-08,281.225005366376,284.6629638671875,275.03668006491546,284.6629638671875,11000,0.0,0
2002-02-11,284.6629638671875,284.6629638671875,284.6629638671875,284.6629638671875,0,0.0,0
2002-02-12,284.6629638671875,284.6629638671875,284.6629638671875,284.6629638671875,0,0.0,0
2002-02-13,284.6629638671875,284.6629638671875,284.6629638671875,284.6629638671875,0,0.0,0
2002-02-14,284.6629344177246,284.6629344177246,275.0366516113281,275.0366516113281,5000,0.0,0
2002-02-15,278.474609375,279.1622010030864,275.0366512345679,278.474609375,22000,0.0,0
2002-02-18,288.10089111328125,288.10089111328125,288.10089111328125,288.10089111328125,1000,0.0,0
2002-02-19,288.7884819563045,298.4147646881813,288.7884819563045,295.6643981933594,8000,0.0,0
2002-02-20,299.1024169921875,299.1024169921875,299.1024169921875,299.1024169921875,3000,0.0,0
2002-02-21,307.35339375813805,309.4161682128906,307.35339375813805,309.4161682128906,7000,0.0,0
2002-02-22,311.4790954589844,311.4790954589844,311.4790954589844,311.4790954589844,1000,0.0,0
2002-02-25,338.98272761130823,338.98272761130823,336.9199523925781,336.9199523925781,4000,0.0,0
2002-02-26,323.1681213378906,323.1681213378906,323.1681213378906,323.1681213378906,1000,0.0,0
2002-02-27,302.5403137207031,302.5403137207031,302.5403137207031,302.5403137207031,1000,0.0,0
2002-02-28,298.4147644042969,298.4147644042969,298.4147644042969,298.4147644042969,1000,0.0,0
2002-03-01,298.4147644042969,298.4147644042969,298.4147644042969,298.4147644042969,3000,0.0,0
2002-03-04,309.4161682128906,309.4161682128906,305.978210788303,309.4161682128906,6000,0.0,0
2002-03-05,309.4161682128906,309.4161682128906,309.4161682128906,309.4161682128906,0,0.0,0
2002-03-06,309.4161682128906,309.4161682128906,309.4161682128906,309.4161682128906,0,0.0,0
2002-03-07,326.60608007552776,326.60608007552776,323.1681213378906,323.1681213378906,2000,0.0,0
2002-03-08,323.1680914766045,323.1680914766045,319.7301330566406,319.7301330566406,3000,0.0,0
2002-03-11,323.8557113615605,329.3564453125,323.8557113615605,329.3564453125,2000,0.0,0
2002-03-12,329.3564470656375,329.3564470656375,323.1681213378906,323.1681213378906,3000,0.0,0
2002-03-13,310.1039123535156,310.1039123535156,310.1039123535156,310.1039123535156,2000,0.0,0
2002-03-14,324.54327328599976,327.9812316894531,324.54327328599976,327.9812316894531,2000,0.0,0
2002-03-15,328.66885151765786,336.9199523925781,328.66885151765786,336.9199523925781,8000,0.0,0
2002-03-18,336.9199505615235,343.7958679199219,336.9199505615235,343.7958679199219,13000,0.0,0
2002-03-19,343.79583764746485,343.79583764746485,342.420654296875,342.420654296875,5000,0.0,0
2002-03-20,343.10821533203125,343.10821533203125,343.10821533203125,343.10821533203125,5000,0.0,0
2002-03-21,343.10821533203125,343.10821533203125,343.10821533203125,343.10821533203125,0,0.0,0
2002-03-22,340.35784912109375,340.35784912109375,340.35784912109375,340.35784912109375,5000,0.0,0
2002-03-25,340.35784912109375,340.35784912109375,340.35784912109375,340.35784912109375,3000,0.0,0
2002-03-26,343.83099365234375,343.83099365234375,343.83099365234375,343.83099365234375,1000,5.0,0
2002-03-27,343.83099365234375,343.83099365234375,343.83099365234375,343.83099365234375,0,0.0,0
2002-03-28,343.83099365234375,343.83099365234375,343.83099365234375,343.83099365234375,0,0.0,0
2002-03-29,343.83099365234375,343.83099365234375,343.83099365234375,343.83099365234375,0,0.0,0
2002-04-01,343.83099365234375,343.83099365234375,343.83099365234375,343.83099365234375,0,0.0,0
2002-04-02,343.83099365234375,343.83099365234375,343.83099365234375,343.83099365234375,0,0.0,0
2002-04-03,343.83099365234375,343.83099365234375,343.83099365234375,343.83099365234375,0,0.0,0
2002-04-04,343.83099365234375,343.83099365234375,343.83099365234375,343.83099365234375,0,0.0,0
2002-04-05,343.83099365234375,343.83099365234375,343.83099365234375,343.83099365234375,1000,0.0,0
2002-04-08,320.90887451171875,320.90887451171875,320.90887451171875,320.90887451171875,1000,0.0,0
2002-04-09,320.90887451171875,320.90887451171875,320.90887451171875,320.90887451171875,0,0.0,0
2002-04-10,326.4657287597656,326.4657287597656,326.4657287597656,326.4657287597656,3000,0.0,0
2002-04-11,321.6033870442708,321.6033870442708,312.573486328125,312.573486328125,9000,0.0,0
2002-04-12,316.7412414550781,316.7412414550781,316.7412414550781,316.7412414550781,1000,0.0,0
2002-04-15,326.4658444722494,347.3040898640951,326.4658444722494,333.41192626953125,12000,0.0,0
2002-04-16,340.3579007190873,345.9147644042969,340.3579007190873,345.9147644042969,7000,0.0,0
2002-04-17,345.9147644042969,345.9147644042969,345.9147644042969,345.9147644042969,1000,0.0,0
2002-04-18,340.3578796386719,340.3578796386719,340.3578796386719,340.3578796386719,1000,0.0,0
2002-04-19,340.3578796386719,340.3578796386719,340.3578796386719,340.3578796386719,0,0.0,0
2002-04-22,340.3578796386719,340.3578796386719,340.3578796386719,340.3578796386719,0,0.0,0
2002-04-23,340.3578796386719,340.3578796386719,340.3578796386719,340.3578796386719,0,0.0,0
2002-04-24,333.41192626953125,333.41192626953125,333.41192626953125,333.41192626953125,3000,0.0,0
2002-04-25,340.3578796386719,340.3578796386719,340.3578796386719,340.3578796386719,2000,0.0,0
2002-04-26,340.3578796386719,340.3578796386719,340.3578796386719,340.3578796386719,1000,0.0,0
2002-04-29,340.3578796386719,340.3578796386719,340.3578796386719,340.3578796386719,0,0.0,0
2002-04-30,340.3578796386719,340.3578796386719,340.3578796386719,340.3578796386719,0,0.0,0
2002-05-01,340.3578796386719,340.3578796386719,340.3578796386719,340.3578796386719,0,0.0,0
2002-05-02,340.3578796386719,340.3578796386719,340.3578796386719,340.3578796386719,0,0.0,0
2002-05-03,340.3578796386719,340.3578796386719,340.3578796386719,340.3578796386719,0,0.0,0
2002-05-06,340.3578796386719,340.3578796386719,340.3578796386719,340.3578796386719,0,0.0,0
2002-05-07,340.3578796386719,340.3578796386719,340.3578796386719,340.3578796386719,0,0.0,0
2002-05-08,340.3578796386719,340.3578796386719,340.3578796386719,340.3578796386719,0,0.0,0
2002-05-09,340.3578796386719,340.3578796386719,340.3578796386719,340.3578796386719,0,0.0,0
2002-05-10,340.3578796386719,340.3578796386719,340.3578796386719,340.3578796386719,0,0.0,0
2002-05-13,321.6034851074219,321.6034851074219,321.6034851074219,321.6034851074219,6000,0.0,0
2002-05-14,333.4117907072369,333.4117907072369,329.9387512207031,329.9387512207031,2000,0.0,0
2002-05-15,336.8849129724984,343.83099365234375,336.8849129724984,343.83099365234375,7000,0.0,0
2002-05-16,343.83099365234375,343.83099365234375,343.83099365234375,343.83099365234375,11000,0.0,0
2002-05-17,339.663399887085,339.663399887085,333.41192626953125,333.41192626953125,9000,0.0,0
2002-05-20,333.41192626953125,347.3040898640951,333.41192626953125,333.41192626953125,16000,0.0,0
2002-05-21,333.41192626953125,333.41192626953125,333.41192626953125,333.41192626953125,0,0.0,0
2002-05-22,333.411826171875,347.3039855957031,333.411826171875,347.3039855957031,6000,0.0,0
2002-05-23,352.8608755074295,358.4177396886489,352.8608755074295,354.2500915527344,21000,0.0,0
2002-05-24,361.19610595703125,361.19610595703125,361.19610595703125,361.19610595703125,8000,0.0,0
2002-05-27,361.19610595703125,361.19610595703125,361.19610595703125,361.19610595703125,8000,0.0,0
2002-05-28,361.196127107828,361.196127107828,350.7770080566406,350.7770080566406,4000,0.0,0
2002-05-29,350.7770080566406,350.7770080566406,350.7770080566406,350.7770080566406,0,0.0,0
2002-05-30,347.3039855957031,347.3039855957031,347.3039855957031,347.3039855957031,1000,0.0,0
2002-05-31,354.2500915527344,354.2500915527344,354.2500915527344,354.2500915527344,1000,0.0,0
2002-06-03,354.2500915527344,354.2500915527344,354.2500915527344,354.2500915527344,2000,0.0,0
2002-06-04,354.2500915527344,354.2500915527344,354.2500915527344,354.2500915527344,0,0.0,0
2002-06-05,354.2500915527344,354.2500915527344,354.2500915527344,354.2500915527344,0,0.0,0
2002-06-06,354.2500915527344,354.2500915527344,354.2500915527344,354.2500915527344,0,0.0,0
2002-06-07,354.2500915527344,354.2500915527344,354.2500915527344,354.2500915527344,0,0.0,0
2002-06-10,353.555483530082,354.2500915527344,353.555483530082,354.2500915527344,2000,0.0,0
2002-06-11,347.9986267089844,347.9986267089844,347.9986267089844,347.9986267089844,1000,0.0,0
2002-06-12,347.3039855957031,347.3039855957031,347.3039855957031,347.3039855957031,1000,0.0,0
2002-06-13,347.9986267089844,347.9986267089844,347.9986267089844,347.9986267089844,1000,0.0,0
2002-06-14,347.3039855957031,347.3039855957031,347.3039855957031,347.3039855957031,1000,0.0,0
2002-06-17,347.3039855957031,347.3039855957031,347.3039855957031,347.3039855957031,16000,0.0,0
2002-06-18,347.3040238167476,357.72314453125,347.3040238167476,357.72314453125,8000,0.0,0
2002-06-19,357.72310516357425,357.72310516357425,347.3039855957031,347.3039855957031,4000,0.0,0
2002-06-20,347.3039855957031,347.3039855957031,347.3039855957031,347.3039855957031,0,0.0,0
2002-06-21,347.3039855957031,347.3039855957031,347.3039855957031,347.3039855957031,0,0.0,0
2002-06-24,346.60931396484375,346.60931396484375,346.60931396484375,346.60931396484375,1000,0.0,0
2002-06-25,347.3040113262102,354.2500915527344,347.3040113262102,354.2500915527344,4000,0.0,0
2002-06-26,354.2500653076172,354.2500653076172,347.3039855957031,347.3039855957031,6000,0.0,0
2002-06-27,347.3039855957031,347.3039855957031,347.3039855957031,347.3039855957031,3000,0.0,0
2002-06-28,347.3039855957031,347.3039855957031,347.3039855957031,347.3039855957031,0,0.0,0
2002-07-01,347.3039855957031,347.3039855957031,347.3039855957031,347.3039855957031,0,0.0,0
2002-07-02,347.3039855957031,347.3039855957031,347.3039855957031,347.3039855957031,3000,0.0,0
2002-07-03,402.87262391207514,402.87262391207514,395.9265441894531,395.9265441894531,10000,0.0,0
2002-07-04,388.98046875,388.98046875,388.98046875,388.98046875,4000,0.0,0
2002-07-05,388.98046875,388.98046875,388.98046875,388.98046875,0,0.0,0
2002-07-08,388.98046875,388.98046875,388.98046875,388.98046875,0,0.0,0
2002-07-09,388.98046875,388.98046875,388.98046875,388.98046875,0,0.0,0
2002-07-10,388.9804731889204,388.9804731889204,382.0343933105469,382.0343933105469,2000,0.0,0
2002-07-11,382.0343933105469,382.0343933105469,382.0343933105469,382.0343933105469,1000,0.0,0
2002-07-12,382.0343933105469,382.0343933105469,382.0343933105469,382.0343933105469,0,0.0,0
2002-07-15,382.03438895089283,391.0642926897321,382.03438895089283,388.98046875,27000,0.0,0
2002-07-16,388.98046875,388.98046875,388.98046875,388.98046875,1000,0.0,0
2002-07-17,388.98046875,388.98046875,388.98046875,388.98046875,0,0.0,0
2002-07-18,387.59115600585943,387.59115600585943,387.59115600585943,387.5911560058594,1000,0.0,0
2002-07-19,387.59115600585943,387.59115600585943,387.59115600585943,387.5911560058594,0,0.0,0
2002-07-22,374.3937072753906,374.3937072753906,374.3937072753906,374.3937072753906,1000,0.0,0
2002-07-23,374.3937072753906,374.3937072753906,374.3937072753906,374.3937072753906,0,0.0,0
2002-07-24,374.3937072753906,374.3937072753906,374.3937072753906,374.3937072753906,1000,0.0,0
2002-07-25,388.98046875,388.98046875,388.98046875,388.98046875,2000,0.0,0
2002-07-26,388.98046875,388.98046875,388.98046875,388.98046875,0,0.0,0
2002-07-29,388.98046875,388.98046875,388.98046875,388.98046875,0,0.0,0
2002-07-30,388.98046875,388.98046875,388.98046875,388.98046875,0,0.0,0
2002-07-31,388.98046875,388.98046875,388.98046875,388.98046875,0,0.0,0
2002-08-01,385.50750732421875,385.50750732421875,385.50750732421875,385.50750732421875,4000,0.0,0
2002-08-02,364.6691589355469,364.6691589355469,364.6691589355469,364.6691589355469,2000,0.0,0
2002-08-05,378.5613098144531,378.5613098144531,378.5613098144531,378.5613098144531,1000,0.0,0
2002-08-06,350.7770132388709,368.1422119140625,350.7770132388709,368.1422119140625,2000,0.0,0
2002-08-07,368.1422119140625,368.1422119140625,368.1422119140625,368.1422119140625,2000,0.0,0
2002-08-08,368.1422119140625,368.1422119140625,368.1422119140625,368.1422119140625,0,0.0,0
2002-08-09,368.1422119140625,368.1422119140625,368.1422119140625,368.1422119140625,0,0.0,0
2002-08-12,368.1422119140625,368.1422119140625,368.1422119140625,368.1422119140625,0,0.0,0
2002-08-13,368.1422119140625,368.1422119140625,368.1422119140625,368.1422119140625,0,0.0,0
2002-08-14,368.1422119140625,368.1422119140625,368.1422119140625,368.1422119140625,2000,0.0,0
2002-08-15,368.1422119140625,368.1422119140625,368.1422119140625,368.1422119140625,1000,0.0,0
2002-08-16,368.1422119140625,368.1422119140625,368.1422119140625,368.1422119140625,0,0.0,0
2002-08-19,388.28586077008924,388.98046875,388.28586077008924,388.98046875,6000,0.0,0
2002-08-20,387.59115600585943,387.59115600585943,387.59115600585943,387.5911560058594,5000,0.0,0
2002-08-21,382.0343933105469,382.0343933105469,382.0343933105469,382.0343933105469,6000,0.0,0
2002-08-22,382.0343933105469,382.0343933105469,382.0343933105469,382.0343933105469,0,0.0,0
2002-08-23,382.0343933105469,382.0343933105469,382.0343933105469,382.0343933105469,0,0.0,0
2002-08-26,375.0882873535156,375.0882873535156,375.0882873535156,375.0882873535156,1000,0.0,0
2002-08-27,375.0882873535156,375.0882873535156,375.0882873535156,375.0882873535156,20000,0.0,0
2002-08-28,355.63931511976045,355.63931511976045,347.9986267089844,347.9986267089844,3000,0.0,0
2002-08-29,348.6932067871094,348.6932067871094,348.6932067871094,348.6932067871094,0,0.0,0
2002-08-30,348.6932067871094,348.6932067871094,348.6932067871094,348.6932067871094,0,0.0,0
2002-09-02,348.6932067871094,348.6932067871094,348.6932067871094,348.6932067871094,0,0.0,0
2002-09-03,348.6932067871094,348.6932067871094,348.6932067871094,348.6932067871094,0,0.0,0
2002-09-04,348.6932067871094,348.6932067871094,348.6932067871094,348.6932067871094,0,0.0,0
2002-09-05,338.27413376843765,353.5555114746094,338.27413376843765,353.5555114746094,9000,0.0,0
2002-09-06,353.5555114746094,353.5555114746094,353.5555114746094,353.5555114746094,0,0.0,0
2002-09-09,347.3039855957031,347.3039855957031,347.3039855957031,347.3039855957031,1000,0.0,0
2002-09-10,347.3039855957031,347.3039855957031,347.3039855957031,347.3039855957031,1000,0.0,0
2002-09-11,350.7770080566406,350.7770080566406,350.7770080566406,350.7770080566406,3000,0.0,0
2002-09-12,350.7770080566406,350.7770080566406,350.7770080566406,350.7770080566406,0,0.0,0
2002-09-13,347.3040113262102,354.2500915527344,347.3040113262102,354.2500915527344,2000,0.0,0
2002-09-16,354.2500915527344,354.2500915527344,354.2500915527344,354.2500915527344,0,0.0,0
2002-09-17,354.2500915527344,354.2500915527344,354.2500915527344,354.2500915527344,1000,0.0,0
2002-09-18,362.5853714244043,375.0883152666251,362.5853714244043,374.3937072753906,11000,0.0,0
2002-09-19,375.0882873535156,375.0882873535156,375.0882873535156,375.0882873535156,8000,0.0,0
2002-09-20,375.0882873535156,375.0882873535156,375.0882873535156,375.0882873535156,37000,0.0,0
2002-09-23,375.0882873535156,375.0882873535156,375.0882873535156,375.0882873535156,0,0.0,0
2002-09-24,375.0882873535156,375.0882873535156,375.0882873535156,375.0882873535156,0,0.0,0
2002-09-25,385.6047668457031,385.6047668457031,385.6047668457031,385.6047668457031,2000,5.0,0
2002-09-26,385.6047668457031,385.6047668457031,385.6047668457031,385.6047668457031,1000,0.0,0
2002-09-27,384.2025146484375,384.2025146484375,384.2025146484375,384.2025146484375,3000,0.0,0
2002-09-30,384.2025146484375,384.2025146484375,384.2025146484375,384.2025146484375,0,0.0,0
2002-10-01,371.5827941894531,371.5827941894531,371.5827941894531,371.5827941894531,0,0.0,0
2002-10-02,371.5827941894531,371.5827941894531,371.5827941894531,371.5827941894531,0,0.0,0
2002-10-03,371.5827941894531,371.5827941894531,371.5827941894531,371.5827941894531,0,0.0,0
2002-10-04,371.5827941894531,371.5827941894531,371.5827941894531,371.5827941894531,0,0.0,0
2002-10-07,350.5497741699219,350.5497741699219,350.5497741699219,350.5497741699219,1000,0.0,0
2002-10-08,351.2508850097656,351.2508850097656,351.2508850097656,351.2508850097656,1000,0.0,0
2002-10-09,351.2508850097656,351.2508850097656,351.2508850097656,351.2508850097656,0,0.0,0
2002-10-10,351.2508850097656,351.2508850097656,351.2508850097656,351.2508850097656,0,0.0,0
2002-10-11,351.2508850097656,351.2508850097656,351.2508850097656,351.2508850097656,1000,0.0,0
2002-10-14,351.2508850097656,351.2508850097656,351.2508850097656,351.2508850097656,0,0.0,0
2002-10-15,351.2508669686638,365.2728576660156,351.2508669686638,365.2728576660156,2000,0.0,0
2002-10-16,384.90366726962003,385.6047668457031,384.90366726962003,385.6047668457031,7000,0.0,0
2002-10-17,385.6047668457031,385.6047668457031,385.6047668457031,385.6047668457031,4000,0.0,0
2002-10-18,394.0179748535156,394.0179748535156,394.0179748535156,394.0179748535156,4000,0.0,0
2002-10-21,365.9739685058594,365.9739685058594,365.9739685058594,365.9739685058594,1000,0.0,0
2002-10-22,354.75638286415455,354.75638286415455,351.2508850097656,351.2508850097656,4000,0.0,0
2002-10-23,351.2508850097656,351.2508850097656,351.2508850097656,351.2508850097656,0,0.0,0
2002-10-24,351.2508850097656,351.2508850097656,351.2508850097656,351.2508850097656,0,0.0,0
2002-10-25,379.294921875,379.294921875,379.294921875,379.294921875,2000,0.0,0
2002-10-28,379.29485565185547,379.29485565185547,350.5497741699219,350.5497741699219,2000,0.0,0
2002-10-29,371.5827941894531,371.5827941894531,371.5827941894531,371.5827941894531,1000,0.0,0
2002-10-30,371.5827941894531,371.5827941894531,371.5827941894531,371.5827941894531,0,0.0,0
2002-10-31,371.5827941894531,371.5827941894531,371.5827941894531,371.5827941894531,0,0.0,0
2002-11-01,371.5827941894531,371.5827941894531,371.5827941894531,371.5827941894531,1000,0.0,0
2002-11-04,371.5827941894531,371.5827941894531,371.5827941894531,371.5827941894531,0,0.0,0
2002-11-05,351.95197326660156,351.95197326660156,350.5497741699219,350.5497741699219,2000,0.0,0
2002-11-06,351.25087371826174,351.25087371826174,350.5497741699219,350.5497741699219,4000,0.0,0
2002-11-07,350.5497741699219,350.5497741699219,350.5497741699219,350.5497741699219,3000,0.0,0
2002-11-08,350.5497741699219,350.5497741699219,350.5497741699219,350.5497741699219,1000,0.0,0
2002-11-11,350.5497741699219,350.5497741699219,350.5497741699219,350.5497741699219,0,0.0,0
2002-11-12,350.5497741699219,350.5497741699219,350.5497741699219,350.5497741699219,0,0.0,0
2002-11-13,350.5497741699219,350.5497741699219,350.5497741699219,350.5497741699219,2000,0.0,0
2002-11-14,350.5497741699219,350.5497741699219,350.5497741699219,350.5497741699219,2000,0.0,0
2002-11-15,350.5497741699219,350.5497741699219,350.5497741699219,350.5497741699219,13000,0.0,0
2002-11-18,346.34332275390625,346.34332275390625,343.5389233793807,346.34332275390625,8000,0.0,0
2002-11-19,346.3433032719776,347.0444030761719,346.3433032719776,347.0444030761719,2000,0.0,0
2002-11-20,347.0444030761719,347.0444030761719,347.0444030761719,347.0444030761719,0,0.0,0
2002-11-21,342.13661282121643,342.13661282121643,339.33221435546875,339.33221435546875,7000,0.0,0
2002-11-22,339.33221435546875,339.33221435546875,339.33221435546875,339.33221435546875,0,0.0,0
2002-11-25,339.33221435546875,339.33221435546875,338.63111473903183,339.33221435546875,7000,0.0,0
2002-11-26,339.33221435546875,339.33221435546875,339.33221435546875,339.33221435546875,1000,0.0,0
2002-11-27,339.33221435546875,339.33221435546875,339.33221435546875,339.33221435546875,0,0.0,0
2002-11-28,333.02231321943566,333.02231321943566,329.5168151855469,329.5168151855469,2000,0.0,0
2002-11-29,333.72344970703125,333.72344970703125,329.5168516014804,333.72344970703125,7000,0.0,0
2002-12-02,333.72344970703125,333.72344970703125,333.72344970703125,333.72344970703125,0,0.0,0
2002-12-03,330.2178649902344,330.2178649902344,330.2178649902344,330.2178649902344,1000,0.0,0
2002-12-04,323.2069396972656,323.2069396972656,323.2069396972656,323.2069396972656,1000,0.0,0
2002-12-05,323.2069396972656,323.2069396972656,323.2069396972656,323.2069396972656,12000,0.0,0
2002-12-06,322.5058288574219,322.5058288574219,322.5058288574219,322.5058288574219,2000,0.0,0
2002-12-09,321.1035461425781,321.1035461425781,321.1035461425781,321.1035461425781,3000,0.0,0
2002-12-10,324.60912105245774,331.6201171875,324.60912105245774,331.6201171875,4000,0.0,0
2002-12-11,324.60906982421875,324.60906982421875,324.60906982421875,324.60906982421875,2000,0.0,0
2002-12-12,314.0925914417614,314.0925914417614,308.4837951660156,308.4837951660156,4000,0.0,0
2002-12-13,314.0926050646552,314.0926050646552,284.64642333984375,284.64642333984375,16000,0.0,0
2002-12-16,298.6684016834606,308.4837951660156,298.6684016834606,308.4837951660156,26000,0.0,0
2002-12-17,314.0925879576659,314.0925879576659,306.3804931640625,306.3804931640625,122000,0.0,0
2002-12-18,306.3805253177812,306.3805253177812,300.771728515625,300.771728515625,56000,0.0,0
2002-12-19,297.26629638671875,297.26629638671875,297.26629638671875,297.26629638671875,16000,0.0,0
2002-12-20,297.266240304296,297.266240304296,293.7607421875,293.7607421875,10000,0.0,0
2002-12-23,293.7607421875,293.7607421875,293.7607421875,293.7607421875,0,0.0,0
2002-12-24,288.1519357820837,288.1519357820837,287.4508361816406,287.4508361816406,5000,0.0,0
2002-12-25,288.15185546875,288.15185546875,287.45075606371654,288.15185546875,8000,0.0,0
2002-12-26,288.1519512580423,297.96734619140625,288.1519512580423,297.96734619140625,26000,0.0,0
2002-12-27,297.96734619140625,297.96734619140625,297.96734619140625,297.96734619140625,2000,0.0,0
2002-12-30,297.96734619140625,297.96734619140625,297.96734619140625,297.96734619140625,0,0.0,0
2002-12-31,297.96734619140625,297.96734619140625,297.96734619140625,297.96734619140625,0,0.0,0
2003-01-01,297.96734619140625,297.96734619140625,297.96734619140625,297.96734619140625,0,0.0,0
2003-01-02,297.96734619140625,297.96734619140625,297.96734619140625,297.96734619140625,0,0.0,0
2003-01-03,297.96734619140625,297.96734619140625,297.96734619140625,297.96734619140625,0,0.0,0
2003-01-06,299.3695373535156,299.3695373535156,299.3695373535156,299.3695373535156,0,0.0,0
2003-01-07,304.9783683599428,304.9783683599428,301.4728698730469,301.4728698730469,3000,0.0,0
2003-01-08,302.8749694824219,302.8749694824219,302.8749694824219,302.8749694824219,1000,0.0,0
2003-01-09,305.67938232421875,305.67938232421875,305.67938232421875,305.67938232421875,0,0.0,0
2003-01-10,314.7937316894531,314.7937316894531,314.7937316894531,314.7937316894531,1000,0.0,0
2003-01-13,314.7937316894531,314.7937316894531,314.7937316894531,314.7937316894531,0,0.0,0
2003-01-14,316.1959533691406,316.1959533691406,316.1959533691406,316.1959533691406,0,0.0,0
2003-01-15,343.5389040552004,347.0444030761719,343.5389040552004,347.0444030761719,7000,0.0,0
2003-01-16,350.54990209714333,350.54990209714333,346.3433032719776,347.0444030761719,15000,0.0,0
2003-01-17,345.6421813964844,345.6421813964844,345.6421813964844,345.6421813964844,0,0.0,0
2003-01-20,343.53887939453125,343.53887939453125,343.53887939453125,343.53887939453125,0,0.0,0
2003-01-21,344.23997914839765,344.23997914839765,343.53887939453125,343.53887939453125,10000,0.0,0
2003-01-22,345.6421813964844,345.6421813964844,345.6421813964844,345.6421813964844,1000,0.0,0
2003-01-23,342.1365966796875,342.1365966796875,342.1365966796875,342.1365966796875,0,0.0,0
2003-01-24,342.1365966796875,342.1365966796875,342.1365966796875,342.1365966796875,3000,0.0,0
2003-01-27,342.1365966796875,342.1365966796875,342.1365966796875,342.1365966796875,1000,0.0,0
2003-01-28,341.4355773925781,341.4355773925781,341.4355773925781,341.4355773925781,0,0.0,0
2003-01-29,341.4355773925781,341.4355773925781,341.4355773925781,341.4355773925781,0,0.0,0
2003-01-30,341.4355773925781,341.4355773925781,341.4355773925781,341.4355773925781,0,0.0,0
2003-01-31,341.4355773925781,341.4355773925781,341.4355773925781,341.4355773925781,2000,0.0,0
2003-02-03,341.4355773925781,341.4355773925781,341.4355773925781,341.4355773925781,0,0.0,0
2003-02-04,340.73443603515625,340.73443603515625,340.73443603515625,340.73443603515625,1000,0.0,0
2003-02-05,339.33221435546875,339.33221435546875,339.33221435546875,339.33221435546875,1000,0.0,0
2003-02-06,339.33221435546875,339.33221435546875,339.33221435546875,339.33221435546875,0,0.0,0
2003-02-07,339.33221435546875,339.33221435546875,339.33221435546875,339.33221435546875,0,0.0,0
2003-02-10,336.5278625488281,336.5278625488281,336.5278625488281,336.5278625488281,0,0.0,0
2003-02-11,336.5278625488281,336.5278625488281,336.5278625488281,336.5278625488281,0,0.0,0
2003-02-12,329.5168151855469,329.5168151855469,329.5168151855469,329.5168151855469,1000,0.0,0
2003-02-13,336.52781300730516,336.52781300730516,323.90802001953125,323.90802001953125,8000,0.0,0
2003-02-14,315.4948536942645,316.8970530440168,315.4948536942645,316.1959533691406,16000,0.0,0
2003-02-17,322.50581911776925,329.5168151855469,322.50581911776925,329.5168151855469,20000,0.0,0
2003-02-18,331.6201140058801,336.52781125332444,329.5168151855469,329.5168151855469,12000,0.0,0
2003-02-19,330.91901439910237,331.6201140058801,329.5168151855469,329.5168151855469,7000,0.0,0
2003-02-20,326.0113220214844,326.0113220214844,326.0113220214844,326.0113220214844,1000,0.0,0
2003-02-21,326.0113220214844,326.0113220214844,326.0113220214844,326.0113220214844,0,0.0,0
2003-02-24,330.2179147923246,330.2179147923246,329.5168151855469,329.5168151855469,2000,0.0,0
2003-02-25,335.8267517089844,335.8267517089844,335.8267517089844,335.8267517089844,3000,0.0,0
2003-02-26,335.8267517089844,335.8267517089844,335.8267517089844,335.8267517089844,0,0.0,0
2003-02-27,335.8267517089844,335.8267517089844,335.8267517089844,335.8267517089844,1000,0.0,0
2003-02-28,342.8377796406649,343.53887939453125,342.8377796406649,343.53887939453125,10000,0.0,0
2003-03-03,349.84870958142704,364.57180156781976,349.84870958142704,360.3652038574219,7000,0.0,0
2003-03-04,339.33217270795035,360.36515861960015,339.33217270795035,357.5607604980469,19000,0.0,0
2003-03-05,361.0662570791355,363.1695556640625,347.04426651295546,363.1695556640625,19000,0.0,0
2003-03-06,367.376220703125,367.376220703125,365.2729217296338,367.376220703125,10000,0.0,0
2003-03-07,370.8816113985502,370.8816113985502,364.57171630859375,364.57171630859375,3000,0.0,0
2003-03-10,364.57171630859375,364.57171630859375,363.16951739971455,364.57171630859375,12000,0.0,0
2003-03-11,363.8707275390625,363.8707275390625,363.8707275390625,363.8707275390625,0,0.0,0
2003-03-12,357.5607604980469,357.5607604980469,357.5607604980469,357.5607604980469,0,0.0,0
2003-03-13,355.4574279785156,355.4574279785156,355.4574279785156,355.4574279785156,0,0.0,0
2003-03-14,355.45742340087895,364.57171630859375,355.45742340087895,364.57171630859375,9000,0.0,0
2003-03-17,364.571798072671,371.5827941894531,357.56080195588885,371.5827941894531,13000,0.0,0
2003-03-18,371.5826986437646,378.5936929577979,370.88159921236127,375.08819580078125,28000,0.0,0
2003-03-19,382.0992623022047,413.64874267578125,375.0882666636321,413.64874267578125,31000,0.0,0
2003-03-20,420.65972900390625,420.65972900390625,410.8443353271485,420.65972900390625,36000,0.0,0
2003-03-21,420.65972900390625,420.65972900390625,420.65972900390625,420.65972900390625,0,0.0,0
2003-03-24,422.0620364458133,422.7631361741286,407.33894215119193,410.1433410644531,29000,0.0,0
2003-03-25,405.9366984014462,407.3388977050781,405.9366984014462,407.3388977050781,3000,0.0,0
2003-03-26,408.04727590460527,410.8809375428317,403.7967834472656,403.7967834472656,4000,6.0,0
2003-03-27,403.7967834472656,403.7967834472656,403.7967834472656,403.7967834472656,0,0.0,0
2003-03-28,403.79680732371276,410.17254638671875,403.79680732371276,410.17254638671875,2000,0.0,0
2003-03-31,381.8359754454415,381.8359754454415,375.4602355957031,375.4602355957031,2000,0.0,0
2003-04-01,375.4602355957031,375.4602355957031,375.4602355957031,375.4602355957031,3000,0.0,0
2003-04-02,379.0022277832031,379.0022277832031,379.0022277832031,379.0022277832031,0,0.0,0
2003-04-03,379.0023022093117,379.0023022093117,376.1686401367187,376.16864013671875,6000,0.0,0
2003-04-04,376.1686401367187,376.1686401367187,376.1686401367187,376.16864013671875,25000,0.0,0
2003-04-07,376.16869303385414,382.54443359375,376.16869303385414,382.54443359375,3000,0.0,0
2003-04-08,396.71262935169955,404.50519885682223,396.71262935169955,403.7967834472656,8000,0.0,0
2003-04-09,417.96510111490886,425.04925537109375,417.96510111490886,425.04925537109375,35000,0.0,0
2003-04-10,425.75767079671226,428.5913324991862,417.96510111490886,425.04925537109375,44000,0.0,0
2003-04-11,424.34083994547524,425.04925537109375,417.96510111490886,425.04925537109375,12000,0.0,0
2003-04-14,423.6324245198568,426.4660862223307,417.96510111490886,425.04925537109375,19000,0.0,0
2003-04-15,425.04925537109375,427.1745016479492,425.04925537109375,425.04925537109375,40000,0.0,0
2003-04-16,423.63238720292804,425.04921792935926,421.50714111328125,421.50714111328125,15000,0.0,0
2003-04-17,421.5071782430013,425.04925537109375,420.09034739176434,425.04925537109375,33000,0.0,0
2003-04-18,425.04925537109375,425.04925537109375,425.04925537109375,425.04925537109375,2000,0.0,0
2003-04-21,425.0491755558894,460.4699401855468,425.0491755558894,460.4699401855469,26000,0.0,0
2003-04-22,456.92799014136904,467.5542224702381,446.3017578125,446.3017578125,28000,0.0,0
2003-04-23,453.3858337402344,453.3858337402344,453.3858337402344,453.3858337402344,2000,0.0,0
2003-04-24,453.38578345070425,453.38578345070425,452.6773681640625,452.6773681640625,6000,0.0,0
2003-04-25,459.76171875,459.76171875,459.76171875,459.76171875,2000,0.0,0
2003-04-28,453.3858337402344,453.3858337402344,453.3858337402344,453.3858337402344,11000,0.0,0
2003-04-29,453.3858337402344,453.3858337402344,453.3858337402344,453.3858337402344,0,0.0,0
2003-04-30,446.3017578125,446.3017578125,446.3017578125,446.3017578125,2000,0.0,0
2003-05-01,446.3017578125,446.3017578125,446.3017578125,446.3017578125,10000,0.0,0
2003-05-02,446.3017140050088,446.3017140050088,439.2175598144531,439.2175598144531,19000,0.0,0
2003-05-05,439.2175598144531,439.2175598144531,439.2175598144531,439.2175598144531,0,0.0,0
2003-05-06,447.0101733010913,447.0101733010913,446.3017578125,446.3017578125,2000,0.0,0
2003-05-07,447.01014923336,449.84381103515625,447.01014923336,449.84381103515625,2000,0.0,0
2003-05-08,456.92789906788744,466.13729858398443,456.92789906788744,466.1372985839844,14000,0.0,0
2003-05-09,467.55416311596355,483.84771728515625,467.55416311596355,483.84771728515625,17000,0.0,0
2003-05-12,483.84771728515625,488.09820967711954,481.014055690514,483.84771728515625,25000,0.0,0
2003-05-13,467.55414600400405,481.0140380859375,467.55414600400405,481.0140380859375,9000,0.0,0
2003-05-14,460.46993881908816,474.63824462890625,460.46993881908816,474.63824462890625,4000,0.0,0
2003-05-15,474.63836027446547,474.63836027446547,471.0962829589844,471.0962829589844,20000,0.0,0
2003-05-16,474.6383185859199,476.7635647885434,471.8046569824219,471.8046569824219,7000,0.0,0
2003-05-19,460.47000797650287,464.0120849609375,460.47000797650287,464.0120849609375,2000,0.0,0
2003-05-20,464.0120849609375,464.0120849609375,464.0120849609375,464.0120849609375,0,0.0,0
2003-05-21,460.4699401855468,460.4699401855468,460.4699401855468,460.4699401855469,0,0.0,0
2003-05-22,453.38585400763355,464.0120849609375,453.38585400763355,464.0120849609375,11000,0.0,0
2003-05-23,460.4700866226078,460.4700866226078,456.9280090332032,456.9280090332031,9000,0.0,0
2003-05-26,460.46998739242554,460.46998739242554,446.3016800880432,453.3858337402344,9000,0.0,0
2003-05-27,425.0492931547619,446.3017578125,425.0492931547619,446.3017578125,4000,0.0,0
2003-05-28,439.2175598144531,439.2175598144531,439.2175598144531,439.2175598144531,1000,0.0,0
2003-05-29,439.2175598144531,439.2175598144531,439.2175598144531,439.2175598144531,2000,0.0,0
2003-05-30,433.5503845214844,433.5503845214844,433.5503845214844,433.5503845214844,1000,0.0,0
2003-06-02,432.1334228515625,432.1334228515625,432.1334228515625,432.1334228515625,1000,0.0,0
2003-06-03,439.2175598144531,439.2175598144531,439.2175598144531,439.2175598144531,1000,0.0,0
2003-06-04,429.2997741699219,429.2997741699219,429.2997741699219,429.2997741699219,1000,0.0,0
2003-06-05,429.2997741699219,429.2997741699219,429.2997741699219,429.2997741699219,3000,0.0,0
2003-06-06,432.1334228515625,432.1334228515625,432.1334228515625,432.1334228515625,0,0.0,0
2003-06-09,430.7165787760417,430.7165787760417,425.04925537109375,425.04925537109375,11000,0.0,0
2003-06-10,425.04925537109375,425.04925537109375,425.04925537109375,425.04925537109375,7000,0.0,0
2003-06-11,424.34083994547524,425.04925537109375,424.34083994547524,425.04925537109375,5000,0.0,0
2003-06-12,425.04925537109375,425.04925537109375,425.04925537109375,425.04925537109375,5000,0.0,0
2003-06-13,425.04925537109375,425.04925537109375,417.96510111490886,425.04925537109375,7000,0.0,0
2003-06-16,425.0493224593234,428.59140014648443,418.6735826224335,428.5914001464844,17000,0.0,0
2003-06-17,428.5913324991862,428.5913324991862,425.04925537109375,425.04925537109375,5000,0.0,0
2003-06-18,425.04925537109375,425.04925537109375,425.04925537109375,425.04925537109375,0,0.0,0
2003-06-19,435.67550202617497,449.84381103515625,435.67550202617497,449.84381103515625,2000,0.0,0
2003-06-20,449.84381103515625,449.84381103515625,449.84381103515625,449.84381103515625,0,0.0,0
2003-06-23,442.05126953125,442.05126953125,442.05126953125,442.05126953125,1000,0.0,0
2003-06-24,452.6774728369525,452.6774728369525,449.84381103515625,449.84381103515625,6000,0.0,0
2003-06-25,453.3858882874016,453.3858882874016,449.84381103515625,449.84381103515625,3000,0.0,0
2003-06-26,449.8438399877304,449.8438399877304,442.05126953125,442.05126953125,2000,0.0,0
2003-06-27,442.05126953125,442.05126953125,442.05126953125,442.05126953125,0,0.0,0
2003-06-30,442.7596740722656,442.7596740722656,442.7596740722656,442.7596740722656,1000,0.0,0
2003-07-01,442.75966117052525,442.75966117052525,435.6755065917968,435.6755065917969,4000,0.0,0
2003-07-02,439.21758388116103,442.75966117052525,435.6755065917968,435.6755065917969,13000,0.0,0
2003-07-03,442.75963690973094,442.75963690973094,438.5091443953975,439.2175598144531,23000,0.0,0
2003-07-04,442.75963690973094,442.75963690973094,439.2175598144531,439.2175598144531,15000,0.0,0
2003-07-07,439.21770674732926,443.46820068359375,439.21770674732926,443.46820068359375,17000,0.0,0
2003-07-08,456.9279894621476,456.9279894621476,456.21957397460943,456.2195739746094,12000,0.0,0
2003-07-09,449.8438288574219,449.8438288574219,442.7596740722656,442.7596740722656,3000,0.0,0
2003-07-10,442.75973253189375,444.8849792480469,442.75973253189375,444.8849792480469,9000,0.0,0
2003-07-11,444.8848831668977,444.8848831668977,439.2175598144531,439.2175598144531,2000,0.0,0
2003-07-14,439.2175598144531,439.2175598144531,439.2175598144531,439.2175598144531,7000,0.0,0
2003-07-15,442.0513169598427,446.3018103921489,442.0513169598427,444.8849792480469,24000,0.0,0
2003-07-16,444.8848831668977,444.8848831668977,439.2175598144531,439.2175598144531,17000,0.0,0
2003-07-17,439.2175598144531,439.2175598144531,439.2175598144531,439.2175598144531,5000,0.0,0
2003-07-18,453.3859126984127,453.3859126984127,446.3017578125,446.3017578125,4000,0.0,0
2003-07-21,446.3017578125,446.3017578125,446.3017578125,446.3017578125,0,0.0,0
2003-07-22,439.21758388116103,439.21758388116103,435.6755065917968,435.6755065917969,10000,0.0,0
2003-07-23,436.3839220496697,436.3839220496697,435.6755065917968,435.6755065917969,6000,0.0,0
2003-07-24,436.38385009765625,436.38385009765625,436.38385009765625,436.38385009765625,3000,0.0,0
2003-07-25,436.3839220496697,436.3839220496697,435.6755065917968,435.6755065917969,5000,0.0,0
2003-07-28,436.38385009765625,436.38385009765625,436.38385009765625,436.38385009765625,2000,0.0,0
2003-07-29,442.7596803695437,446.3017578125,437.80077194940475,446.3017578125,6000,0.0,0
2003-07-30,481.7224696568081,495.8907775878907,467.55416172572546,495.8907775878906,90000,0.0,0
2003-07-31,495.18231201171875,495.89072733648516,488.8065740888211,495.18231201171875,23000,0.0,0
2003-08-01,495.89087520085326,499.4329528808594,493.7656285928496,499.4329528808594,42000,0.0,0
2003-08-04,497.30760838099894,497.30760838099894,495.8907775878907,495.8907775878906,2000,0.0,0
2003-08-05,495.89072733648516,495.89072733648516,495.18231201171875,495.18231201171875,17000,0.0,0
2003-08-06,481.0140816695602,481.0140816695602,478.18041992187506,478.180419921875,2000,0.0,0
2003-08-07,478.18041992187506,478.18041992187506,478.18041992187506,478.180419921875,6000,0.0,0
2003-08-08,481.72247314453125,481.72247314453125,481.72247314453125,481.72247314453125,2000,0.0,0
2003-08-11,488.80670166015625,488.80670166015625,488.80670166015625,488.80670166015625,10000,0.0,0
2003-08-12,481.7223975338153,481.7223975338153,474.63824462890625,474.63824462890625,8000,0.0,0
2003-08-13,495.89078117819395,495.89078117819395,481.72247314453125,481.72247314453125,71000,0.0,0
2003-08-14,488.8066271613626,495.89078117819395,481.72247314453125,481.72247314453125,23000,0.0,0
2003-08-15,488.80669837962455,502.97500847758465,488.80669837962455,500.8497619628906,85000,0.0,0
2003-08-18,503.6833910445093,510.05913017165494,502.97497558593756,502.9749755859375,57000,0.0,0
2003-08-19,506.5170288085937,510.05910593312933,503.68336710896523,506.51702880859375,7000,0.0,0
2003-08-20,506.51700507269965,510.05908203125,503.68334350585934,510.05908203125,9000,0.0,0
2003-08-21,510.05908203125,512.1843282063802,510.05908203125,510.05908203125,50000,0.0,0
2003-08-22,510.0592403017242,513.601318359375,510.0592403017242,513.601318359375,15000,0.0,0
2003-08-25,513.6010560182526,513.6010560182526,510.0589797698509,510.76739501953125,12000,0.0,0
2003-08-26,510.0589797698509,517.1431322666544,510.0589797698509,510.76739501953125,5000,0.0,0
2003-08-27,510.0592403017242,513.601318359375,510.0592403017242,513.601318359375,7000,0.0,0
2003-08-28,513.6011589898003,513.6011589898003,510.05908203125,510.05908203125,7000,0.0,0
2003-08-29,510.76739501953125,510.76739501953125,510.76739501953125,510.76739501953125,0,0.0,0
2003-09-01,517.1432495117188,517.1432495117188,517.1432495117188,517.1432495117188,1000,0.0,0
2003-09-02,517.1431812378917,525.6441650390625,517.1431812378917,525.6441650390625,5000,0.0,0
2003-09-03,501.55829847181167,524.2276000976562,501.55829847181167,524.2276000976562,3000,0.0,0
2003-09-04,524.2276000976562,524.2276000976562,524.2276000976562,524.2276000976562,0,0.0,0
2003-09-05,510.05912109375,531.3115844726562,510.05912109375,531.3115844726562,19000,0.0,0
2003-09-08,531.3116098379161,552.5640742314326,531.3116098379161,545.4799194335938,35000,0.0,0
2003-09-09,545.4798114483173,552.56396484375,545.4798114483173,552.56396484375,49000,0.0,0
2003-09-10,563.8987474658821,566.7324095134494,559.6482543945312,559.6482543945312,14000,0.0,0
2003-09-11,559.6482290292715,563.190306428191,545.4799194335938,545.4799194335938,5000,0.0,0
2003-09-12,566.7323608398438,566.7323608398438,566.7323608398438,566.7323608398438,2000,0.0,0
2003-09-15,566.7323608398438,566.7323608398438,566.7323608398438,566.7323608398438,0,0.0,0
2003-09-16,566.7323608398438,566.7323608398438,563.1902835845947,566.7323608398438,18000,0.0,0
2003-09-17,566.7323838271104,566.7323838271104,538.3957646357549,545.4799194335938,12000,0.0,0
2003-09-18,545.4798114483173,558.9397028996394,545.4798114483173,552.56396484375,13000,0.0,0
2003-09-19,623.405517578125,623.405517578125,623.405517578125,623.405517578125,0,0.0,0
2003-09-22,672.9946152707364,694.2470768056018,660.2431383498172,665.9104614257812,198000,0.0,0
2003-09-23,665.9104614257812,665.9104614257812,665.9104614257812,665.9104614257812,0,0.0,0
2003-09-24,665.9104044596354,665.9104044596354,629.7812229410807,637.5737915039062,39000,0.0,0
2003-09-25,636.147392134233,636.8605618563565,627.58935546875,627.58935546875,3000,6.0,0
2003-09-26,579.8071559361049,599.062744140625,579.0939860026042,599.062744140625,18000,0.0,0
2003-09-29,641.8529803936298,661.1085698054386,616.8920311560997,648.9846801757812,91000,0.0,0
2003-09-30,656.1163940429688,677.5114938487178,641.8529941724695,656.1163940429688,42000,0.0,0
2003-10-01,655.4032240494438,670.3797939134681,641.8529941724695,656.1163940429688,22000,0.0,0
2003-10-02,648.9845425075955,649.697712334527,641.8528442382812,641.8528442382812,36000,0.0,0
2003-10-03,641.8529941724695,656.1163940429688,634.7212942372198,656.1163940429688,37000,0.0,0
2003-10-06,656.1162407769098,656.1162407769098,641.8528442382812,641.8528442382812,3000,0.0,0
2003-10-07,641.852771389869,663.2478637695312,641.852771389869,663.2478637695312,41000,0.0,0
2003-10-08,663.2481479644775,688.2090997695923,663.2481479644775,684.6432495117188,44000,0.0,0
2003-10-09,683.9300458635603,698.9066162109375,677.5115157146844,698.9066162109375,61000,0.0,0
2003-10-10,698.9065345433116,727.4333318716101,698.9065345433116,706.7514038085938,73000,0.0,0
2003-10-13,706.7514038085938,706.7514038085938,706.7514038085938,706.7514038085938,0,0.0,0
2003-10-14,727.4332965742437,778.068359375,727.4332965742437,778.068359375,155000,0.0,0
2003-10-15,778.0684089799361,784.4869384765625,748.8284412730824,784.4869384765625,70000,0.0,0
2003-10-16,795.89760145009,813.0136789006294,793.044921875,793.044921875,55000,0.0,0
2003-10-17,790.9057841333849,827.2774658203125,784.487252070986,827.2774658203125,80000,0.0,0
2003-10-20,855.8037719726562,855.8037719726562,841.540375773112,855.8037719726562,29000,0.0,0
2003-10-21,841.5404201341712,848.6721186098846,820.1453247070312,820.1453247070312,31000,0.0,0
2003-10-22,812.3003831249172,841.5403442382812,795.1843083268504,841.5403442382812,24000,0.0,0
2003-10-23,798.7502977858744,820.1453950479961,795.1844482421875,795.1844482421875,19000,0.0,0
2003-10-24,805.8819968732483,820.1453950479961,795.1844482421875,795.1844482421875,15000,0.0,0
2003-10-27,795.1844701176196,820.1454176101009,795.1844701176196,805.8820190429688,13000,0.0,0
2003-10-28,791.6186060224261,820.1454026358468,791.6186060224261,798.7503051757812,12000,0.0,0
2003-10-29,813.0138549804688,813.0138549804688,813.0138549804688,813.0138549804688,1000,0.0,0
2003-10-30,813.0137183265349,820.1454176101009,805.8820190429688,805.8820190429688,21000,0.0,0
2003-10-31,791.6186060224261,813.0137034824917,791.6186060224261,798.7503051757812,15000,0.0,0
2003-11-03,798.7503051757812,798.7503051757812,798.7503051757812,798.7503051757812,0,0.0,0
2003-11-04,791.61865234375,791.61865234375,784.4869527730856,791.61865234375,27000,0.0,0
2003-11-05,784.4869527730856,796.6108420432151,777.3552532024212,791.61865234375,57000,0.0,0
2003-11-06,792.3317260742188,798.7502549083033,791.6185562037649,792.3317260742188,14000,0.0,0
2003-11-07,805.8816964285714,805.8816964285714,792.3314732142857,793.7578125,53000,0.0,0
2003-11-10,812.3004563837467,827.2770231827446,793.0448704993207,820.1453247070312,57000,0.0,0
2003-11-11,805.8822117798718,808.0217220766325,803.0295313841908,804.4558715820312,39000,0.0,0
2003-11-12,805.8821611029613,816.5797119140625,805.8821611029613,816.5797119140625,10000,0.0,0
2003-11-13,816.5796008410755,819.4322806693413,791.61865234375,791.61865234375,34000,0.0,0
2003-11-14,798.7503249507442,814.4400634765624,798.7503249507442,814.4400634765625,35000,0.0,0
2003-11-17,814.4400581832481,814.4400581832481,805.8820190429688,805.8820190429688,16000,0.0,0
2003-11-18,805.8820043291365,805.8820043291365,798.7503051757812,798.7503051757812,33000,0.0,0
2003-11-19,791.61865234375,798.7503519144144,791.61865234375,791.61865234375,6000,0.0,0
2003-11-20,791.61865234375,791.61865234375,784.4869527730856,791.61865234375,16000,0.0,0
2003-11-21,784.4869384765625,791.6186379172585,784.4869384765625,784.4869384765625,25000,0.0,0
2003-11-24,784.4869384765625,784.4869384765625,784.4869384765625,784.4869384765625,0,0.0,0
2003-11-25,791.6186379172585,791.6186379172585,784.4869384765625,784.4869384765625,6000,0.0,0
2003-11-26,784.486862322606,784.486862322606,777.3551635742188,777.3551635742188,9000,0.0,0
2003-11-27,763.0917044503349,763.0917044503349,748.8283081054688,748.8283081054688,14000,0.0,0
2003-11-28,734.5649117606027,748.8283081054688,734.5649117606027,748.8283081054688,11000,0.0,0
2003-12-01,748.8283081054688,748.8283081054688,748.8283081054688,748.8283081054688,1000,0.0,0
2003-12-02,750.968017578125,770.2236077724359,750.968017578125,750.968017578125,9000,0.0,0
2003-12-03,750.9678175571987,750.9678175571987,748.8283081054688,748.8283081054688,6000,0.0,0
2003-12-04,748.8285050302181,755.960205078125,748.8285050302181,755.960205078125,3000,0.0,0
2003-12-05,755.960205078125,755.960205078125,741.6968049823113,755.960205078125,17000,0.0,0
2003-12-08,741.696763121966,741.696763121966,727.433363831159,734.5650634765625,18000,0.0,0
2003-12-09,741.6965942382812,741.6965942382812,741.6965942382812,741.6965942382812,1000,0.0,0
2003-12-10,727.4332885742188,727.4332885742188,727.4332885742188,727.4332885742188,19000,0.0,0
2003-12-11,748.8284725613064,770.2235717773438,748.8284725613064,770.2235717773438,16000,0.0,0
2003-12-12,784.4869211922705,805.8820190429688,784.4869211922705,805.8820190429688,30000,0.0,0
2003-12-15,805.8821058737083,806.5952758789062,798.7504058217286,806.5952758789062,29000,0.0,0
2003-12-16,807.3083766867898,813.0137362393466,784.4869384765625,784.4869384765625,15000,0.0,0
2003-12-17,784.4869384765625,784.4869384765625,784.4869384765625,784.4869384765625,4000,0.0,0
2003-12-18,784.4869384765625,784.4869384765625,784.4869384765625,784.4869384765625,10000,0.0,0
2003-12-19,798.7503051757812,798.7503051757812,784.4869068690709,798.7503051757812,14000,0.0,0
2003-12-22,806.595097603176,820.1453247070312,806.595097603176,820.1453247070312,10000,0.0,0
2003-12-23,820.1453247070312,820.1453247070312,820.1453247070312,820.1453247070312,0,0.0,0
2003-12-24,813.0138549804688,813.0138549804688,813.0138549804688,813.0138549804688,9000,0.0,0
2003-12-25,770.2235717773438,770.2235717773438,770.2235717773438,770.2235717773438,14000,0.0,0
2003-12-26,780.9210815429688,780.9210815429688,773.7893821681472,780.9210815429688,56000,0.0,0
2003-12-29,780.9210815429688,780.9210815429688,780.9210815429688,780.9210815429688,0,0.0,0
2003-12-30,788.0527881969106,788.0527881969106,784.4869384765625,784.4869384765625,5000,0.0,0
2003-12-31,784.4869384765625,784.4869384765625,784.4869384765625,784.4869384765625,0,0.0,0
2004-01-01,784.4869384765625,784.4869384765625,784.4869384765625,784.4869384765625,0,0.0,0
2004-01-02,784.4869384765625,784.4869384765625,784.4869384765625,784.4869384765625,0,0.0,0
2004-01-05,785.2004223001414,827.2774658203125,784.487252070986,827.2774658203125,5000,0.0,0
2004-01-06,827.2772559450384,827.2772559450384,805.8821544981839,813.0138549804688,14000,0.0,0
2004-01-07,813.0137183265349,813.0137183265349,805.8820190429688,805.8820190429688,3000,0.0,0
2004-01-08,791.6186379172585,791.6186379172585,784.4869384765625,784.4869384765625,16000,0.0,0
2004-01-09,795.1844482421875,795.1844482421875,795.1844482421875,795.1844482421875,0,0.0,0
2004-01-12,795.1844482421875,795.1844482421875,795.1844482421875,795.1844482421875,0,0.0,0
2004-01-13,820.1455349392361,834.408935546875,805.8821343315972,834.408935546875,42000,0.0,0
2004-01-14,828.7033191935221,855.8037719726562,828.7033191935221,855.8037719726562,42000,0.0,0
2004-01-15,855.8037719726562,855.8037719726562,855.090602162679,855.8037719726562,48000,0.0,0
2004-01-16,877.1987267127405,927.1206054687501,877.1987267127405,927.12060546875,75000,0.0,0
2004-01-19,927.1206054687501,930.6864539513222,927.1206054687501,927.12060546875,124000,0.0,0
2004-01-20,927.120863172743,962.7793579101562,927.120863172743,962.7793579101562,49000,0.0,0
2004-01-21,948.5159600151909,962.7793579101562,948.5159600151909,962.7793579101562,61000,0.0,0
2004-01-22,962.7792448955049,962.7792448955049,961.3529052734375,961.3529052734375,21000,0.0,0
2004-01-23,947.0896202256944,962.7793579101562,947.0896202256944,962.7793579101562,26000,0.0,0
2004-01-26,962.0663218658242,962.7794918597943,948.51609198039,956.3609619140625,19000,0.0,0
2004-01-27,955.6476589626735,962.7793579101562,955.6476589626735,962.7793579101562,4000,0.0,0
2004-01-28,962.7792891605193,962.7792891605193,955.6475907222932,959.2134399414062,13000,0.0,0
2004-01-29,948.5160522460938,962.7794515279899,948.5160522460938,948.5160522460938,43000,0.0,0
2004-01-30,949.2291299099392,962.7793579101562,949.2291299099392,962.7793579101562,27000,0.0,0
2004-02-02,970.6242735905433,970.6242735905433,955.647705078125,955.647705078125,55000,0.0,0
2004-02-03,948.5159935766413,948.5159935766413,919.9891967773439,919.9891967773438,15000,0.0,0
2004-02-04,919.9893828322901,919.9893828322901,914.9971923828125,914.9971923828125,14000,0.0,0
2004-02-05,883.6175578962053,884.3307278380101,873.6331787109375,873.6331787109375,8000,0.0,0
2004-02-06,859.3697211028151,859.3697211028151,841.5404737770306,845.1063232421875,14000,0.0,0
2004-02-09,855.8039621693465,859.3698120117188,855.8039621693465,859.3698120117188,9000,0.0,0
2004-02-10,860.0829116328255,862.9355912733987,859.3697417226822,860.7960815429688,5000,0.0,0
2004-02-11,860.7960815429688,860.7960815429688,860.7960815429688,860.7960815429688,0,0.0,0
2004-02-12,883.6175937011719,891.4624633789062,883.6175937011719,891.4624633789062,29000,0.0,0
2004-02-13,905.7258372587315,909.2916870117188,905.7258372587315,909.2916870117188,14000,0.0,0
2004-02-16,927.1206054687501,927.1206054687501,927.1206054687501,927.12060546875,10000,0.0,0
2004-02-17,941.3839993990385,941.3839993990385,927.1206054687501,927.12060546875,54000,0.0,0
2004-02-18,927.1206054687501,927.1206054687501,927.1206054687501,927.12060546875,48000,0.0,0
2004-02-19,927.1207589814157,941.3841552734376,927.1207589814157,941.3841552734375,34000,0.0,0
2004-02-20,941.3841552734376,942.0973250880387,941.3841552734376,941.3841552734375,4000,0.0,0
2004-02-23,962.7793579101562,962.7793579101562,955.6476589626735,962.7793579101562,63000,0.0,0
2004-02-24,948.5158534194485,948.5158534194485,941.3841552734376,941.3841552734375,25000,0.0,0
2004-02-25,927.8337751652645,927.8337751652645,927.1206054687501,927.12060546875,12000,0.0,0
2004-02-26,912.8573608398438,919.989058971405,912.8573608398438,912.8573608398438,15000,0.0,0
2004-02-27,905.7258627929688,905.7258627929688,884.330763671875,891.4624633789062,12000,0.0,0
2004-03-01,877.1989893759451,884.3306884765625,870.0672902753277,884.3306884765625,7000,0.0,0
2004-03-02,884.330796652693,884.330796652693,877.1990966796874,877.1990966796875,5000,0.0,0
2004-03-03,876.4858194658833,884.3306884765625,876.4858194658833,884.3306884765625,16000,0.0,0
2004-03-04,884.3306810633857,895.0282296246363,880.7648315429688,880.7648315429688,16000,0.0,0
2004-03-05,870.0673470596887,870.0673470596887,848.6722483614997,852.2380981445312,27000,0.0,0
2004-03-08,880.7649183036867,880.7649183036867,862.9356689453125,862.9356689453125,9000,0.0,0
2004-03-09,877.1989893759451,884.3306884765625,866.5014407250189,884.3306884765625,24000,0.0,0
2004-03-10,865.0751694783125,870.0673592444693,852.2381100796237,864.3619995117188,18000,0.0,0
2004-03-11,863.6488295451248,870.0673592444693,863.6488295451248,864.3619995117188,11000,0.0,0
2004-03-12,862.9356474936258,862.9356474936258,852.2380981445311,852.2380981445312,14000,0.0,0
2004-03-15,887.8964173793793,941.3841533660889,887.8964173793793,912.8573608398438,54000,0.0,0
2004-03-16,912.1442210363963,912.1442210363963,897.8808243040054,898.593994140625,9000,0.0,0
2004-03-17,884.3304786253511,905.7255708501581,883.6173088845243,888.6094970703125,43000,0.0,0
2004-03-18,884.3306884765625,887.8965380268712,877.1989893759451,884.3306884765625,21000,0.0,0
2004-03-19,855.8039692019628,870.0673686886622,855.8039692019628,862.9356689453125,16000,0.0,0
2004-03-22,855.8037719726562,855.8037719726562,854.3774323527019,855.8037719726562,15000,0.0,0
2004-03-23,855.0906477727809,855.0906477727809,848.672119140625,848.672119140625,20000,0.0,0
2004-03-24,847.9590346176736,847.9590346176736,820.1454077462781,830.8429565429688,29000,0.0,0
2004-03-25,835.1218993083739,835.1218993083739,820.8585022236878,823.711181640625,17000,0.0,0
2004-03-26,842.3502891401329,842.3502891401329,825.1448364257812,825.1448364257812,12000,6.0,0
2004-03-29,845.217917428524,845.9348113364362,838.7658722573138,842.350341796875,30000,0.0,0
2004-03-30,853.1039382158699,853.1039382158699,845.9349975585938,845.9349975585938,24000,0.0,0
2004-03-31,845.9351525743157,847.3689409685094,824.4283266614093,838.04931640625,20000,0.0,0
2004-04-01,838.0489705920019,852.3868486175279,838.0489705920019,847.3685913085938,26000,0.0,0
2004-04-02,846.6520717523036,846.6520717523036,838.7662353515625,838.7662353515625,21000,0.0,0
2004-04-05,848.0857450597427,860.2729451155462,848.0857450597427,853.10400390625,36000,0.0,0
2004-04-06,896.1178342087733,896.1178342087733,871.0265348509276,895.4009399414062,110000,0.0,0
2004-04-07,872.45985946035,891.8159943867505,868.8753900295351,881.7794799804688,65000,0.0,0
2004-04-08,880.3458910620078,887.5148315429688,873.1769505810468,887.5148315429688,59000,0.0,0
2004-04-09,887.5146310697726,887.5146310697726,871.742965574187,881.7794799804688,76000,0.0,0
2004-04-12,882.4966136994909,882.4966136994909,873.1769906466125,874.6107788085938,31000,0.0,0
2004-04-13,874.6106954337725,881.7796355602788,874.6106954337725,877.478271484375,20000,0.0,0
2004-04-14,874.6106954337725,877.4782714843751,867.4417553072662,877.478271484375,19000,0.0,0
2004-04-15,877.4782550209447,877.4782550209447,871.7431030273438,871.7431030273438,19000,0.0,0
2004-04-16,878.912109375,878.912109375,871.7431688417619,878.912109375,14000,0.0,0
2004-04-19,878.9120966796875,896.1175537109375,877.47830859375,896.1175537109375,16000,0.0,0
2004-04-20,895.4008915168196,895.4008915168196,867.4420166015625,867.4420166015625,14000,0.0,0
2004-04-21,868.1587320796779,894.683813076332,868.1587320796779,874.6107788085938,7000,0.0,0
2004-04-22,894.6834823608399,924.7930226325989,888.9483318328857,917.6240844726562,53000,0.0,0
2004-04-23,939.1311434047428,967.8069035087044,910.4553833007811,910.4553833007812,36000,0.0,0
2004-04-26,931.9619760884867,931.9619760884867,883.2131958007812,883.2131958007812,4000,0.0,0
2004-04-27,911.8892190867457,911.8892190867457,871.7431528376437,873.1769409179688,4000,0.0,0
2004-04-28,875.3276728895844,876.044566970575,873.1769906466125,874.6107788085938,26000,0.0,0
2004-04-29,874.6107788085938,874.6107788085938,874.6107788085938,874.6107788085938,0,0.0,0
2004-04-30,861.7065706568837,866.0079345703125,861.7065706568837,866.0079345703125,5000,0.0,0
2004-05-03,866.0079345703125,866.0079345703125,866.0079345703125,866.0079345703125,0,0.0,0
2004-05-04,866.0079345703125,866.0079345703125,866.0079345703125,866.0079345703125,0,0.0,0
2004-05-05,866.0079345703125,866.0079345703125,866.0079345703125,866.0079345703125,0,0.0,0
2004-05-06,868.1584512871241,868.1584512871241,859.5557250976562,859.5557250976562,11000,0.0,0
2004-05-07,845.2180319950498,845.2180319950498,828.729469878098,831.5970458984375,5000,0.0,0
2004-05-10,810.0902560147372,810.0902560147372,753.4556274968927,788.5834350585938,6000,0.0,0
2004-05-11,739.1177234875277,787.8665161132812,739.1177234875277,787.8665161132812,10000,0.0,0
2004-05-12,788.5834350585938,788.5834350585938,787.8665410267223,788.5834350585938,16000,0.0,0
2004-05-13,788.5834350585938,788.5834350585938,788.5834350585938,788.5834350585938,3000,0.0,0
2004-05-14,787.8665161132812,787.8665161132812,787.8665161132812,787.8665161132812,1000,0.0,0
2004-05-17,787.8665161132812,787.8665161132812,787.8665161132812,787.8665161132812,8000,0.0,0
2004-05-18,739.834753027249,739.834753027249,739.1178588867188,739.1178588867188,2000,0.0,0
2004-05-19,752.7387084960938,752.7387084960938,752.7387084960938,752.7387084960938,1000,0.0,0
2004-05-20,752.7387084960938,752.7387084960938,752.7387084960938,752.7387084960938,0,0.0,0
2004-05-21,745.5697930914012,753.4556274414062,745.5697930914012,753.4556274414062,2000,0.0,0
2004-05-24,759.9076737837357,802.9213156960227,759.9076737837357,788.5834350585938,47000,0.0,0
2004-05-25,788.5834350585938,788.5834350585938,788.5834350585938,788.5834350585938,2000,0.0,0
2004-05-26,788.5834916141055,788.5834916141055,781.41455078125,781.41455078125,4000,0.0,0
2004-05-27,781.4144947398793,788.5834350585938,781.4144947398793,788.5834350585938,4000,0.0,0
2004-05-28,788.5834424485005,801.4875351431124,788.5834424485005,799.3368530273438,15000,0.0,0
2004-05-31,788.5834350585938,795.7523753773082,788.5834350585938,788.5834350585938,27000,0.0,0
2004-06-01,788.5834350585938,788.5834350585938,788.5834350585938,788.5834350585938,2000,0.0,0
2004-06-02,788.5834870515047,788.5834870515047,768.5104528356482,774.24560546875,22000,0.0,0
2004-06-03,774.2455962558963,774.2455962558963,745.5698334316038,759.90771484375,17000,0.0,0
2004-06-04,759.9077676626353,759.9077676626353,745.5698852539062,745.5698852539062,9000,0.0,0
2004-06-07,745.5698334316038,759.90771484375,745.5698334316038,759.90771484375,5000,0.0,0
2004-06-08,802.9213156960227,802.9213156960227,788.5834350585938,788.5834350585938,15000,0.0,0
2004-06-09,764.92578125,764.92578125,764.92578125,764.92578125,1000,0.0,0
2004-06-10,763.4921376613212,763.4921376613212,762.058349609375,762.058349609375,2000,0.0,0
2004-06-11,763.4921179244767,768.5103759765625,763.4921179244767,768.5103759765625,3000,0.0,0
2004-06-14,770.6610991048327,774.9624633789062,770.6610991048327,774.9624633789062,3000,0.0,0
2004-06-15,782.1313887717507,788.5834350585938,782.1313887717507,788.5834350585938,4000,0.0,0
2004-06-16,788.5833795221002,795.7523193359375,788.5833795221002,795.7523193359375,6000,0.0,0
2004-06-17,795.7523753773082,795.7523753773082,788.5834350585938,788.5834350585938,2000,0.0,0
2004-06-18,788.5833795221002,795.7523193359375,788.5833795221002,795.7523193359375,4000,0.0,0
2004-06-21,788.5835590621466,792.1680297851562,788.5835590621466,792.1680297851562,3000,0.0,0
2004-06-22,788.5834350585938,788.5834350585938,788.5834350585938,788.5834350585938,2000,0.0,0
2004-06-23,788.5834350585938,788.5834350585938,788.5834350585938,788.5834350585938,6000,0.0,0
2004-06-24,788.5835647583008,802.9214477539062,788.5835647583008,802.9214477539062,7000,0.0,0
2004-06-25,788.5834350585938,788.5834350585938,788.5834350585938,788.5834350585938,2000,0.0,0
2004-06-28,792.1678494290188,802.9212591497748,792.1678494290188,795.7523193359375,4000,0.0,0
2004-06-29,799.3369770050049,802.9214477539062,788.5835647583008,802.9214477539062,19000,0.0,0
2004-06-30,810.0904004967731,824.4282836914062,810.0904004967731,824.4282836914062,12000,0.0,0
2004-07-01,810.8072261303928,811.5241202295355,810.09033203125,810.09033203125,9000,0.0,0
2004-07-02,810.0904004967731,824.4282836914062,810.0904004967731,824.4282836914062,4000,0.0,0
2004-07-05,824.4282836914062,824.4282836914062,824.4282836914062,824.4282836914062,8000,0.0,0
2004-07-06,824.4282836914062,824.4282836914062,824.4282836914062,824.4282836914062,0,0.0,0
2004-07-07,809.3734130859375,809.3734130859375,809.3734130859375,809.3734130859375,4000,0.0,0
2004-07-08,810.0902560147372,810.0902560147372,788.5834350585938,788.5834350585938,6000,0.0,0
2004-07-09,788.5834350585938,788.5834350585938,788.5834350585938,788.5834350585938,3000,0.0,0
2004-07-12,749.1543126989294,774.24560546875,749.1543126989294,774.24560546875,6000,0.0,0
2004-07-13,787.8664629499489,787.8664629499489,767.0765380859375,767.0765380859375,18000,0.0,0
2004-07-14,767.0766288764382,788.5834502468056,767.0766288764382,774.9624633789062,16000,0.0,0
2004-07-15,788.5835590621466,795.752500508166,788.5835590621466,792.1680297851562,19000,0.0,0
2004-07-16,788.5832873427553,788.5832873427553,724.0628365601663,731.9486694335938,48000,0.0,0
2004-07-19,731.9486694335938,731.9486694335938,731.9486694335938,731.9486694335938,0,0.0,0
2004-07-20,746.2866042544281,746.2866042544281,738.4007707800777,740.5514526367188,23000,0.0,0
2004-07-21,741.985240541146,744.135922397787,740.5514526367188,740.5514526367188,9000,0.0,0
2004-07-22,745.5698852539062,745.5698852539062,745.5698852539062,745.5698852539062,9000,0.0,0
2004-07-23,758.473860560826,759.907648577009,752.7387084960938,752.7387084960938,8000,0.0,0
2004-07-26,759.907648577009,759.907648577009,752.7387084960938,752.7387084960938,2000,0.0,0
2004-07-27,752.7388264582708,752.7388264582708,745.5698852539062,745.5698852539062,10000,0.0,0
2004-07-28,759.9077676626353,759.9077676626353,745.5698852539062,745.5698852539062,4000,0.0,0
2004-07-29,760.6246089143574,760.6246089143574,759.90771484375,759.90771484375,2000,0.0,0
2004-07-30,759.90771484375,759.90771484375,759.90771484375,759.90771484375,10000,0.0,0
2004-08-02,760.6246089143574,760.6246089143574,759.90771484375,759.90771484375,16000,0.0,0
2004-08-03,760.6246089143574,767.0766555498232,752.738774137677,759.90771484375,24000,0.0,0
2004-08-04,759.907648577009,759.907648577009,752.7387084960938,752.7387084960938,20000,0.0,0
2004-08-05,759.1908207731427,759.90771484375,752.738774137677,759.90771484375,18000,0.0,0
2004-08-06,759.1908016429228,759.1908016429228,724.7798871208639,731.23193359375,20000,0.0,0
2004-08-09,731.2319395666094,731.2319395666094,702.5561772306639,703.2730712890625,8000,0.0,0
2004-08-10,702.5561572758838,709.72509765625,702.5561572758838,709.72509765625,10000,0.0,0
2004-08-11,716.8941268001694,716.8941268001694,713.3096561661686,714.0265502929688,16000,0.0,0
2004-08-12,729.0811767578125,729.7980707369253,729.0811767578125,729.0811767578125,13000,0.0,0
2004-08-13,724.0630606999473,724.0630606999473,722.6292724609375,722.6292724609375,22000,0.0,0
2004-08-16,716.8941040039062,716.8941040039062,716.8941040039062,716.8941040039062,3000,0.0,0
2004-08-17,716.8941247595548,716.8941247595548,709.7251835119592,710.4420776367188,20000,0.0,0
2004-08-18,710.44199709085,710.44199709085,681.0493413080802,681.7662353515625,6000,0.0,0
2004-08-19,683.916970028657,683.916970028657,667.4284057617188,667.4284057617188,16000,0.0,0
2004-08-20,667.4284057617188,668.1452998602813,666.7115116631562,667.4284057617188,8000,0.0,0
2004-08-23,669.5790243128206,673.8803884947016,663.1269780399989,663.8438720703125,27000,0.0,0
2004-08-24,663.8438497563844,666.71142578125,663.126955750168,666.71142578125,7000,0.0,0
2004-08-25,667.4283197874664,667.4283197874664,666.71142578125,666.71142578125,5000,0.0,0
2004-08-26,666.7115116631562,667.4284057617188,666.7115116631562,667.4284057617188,3000,0.0,0
2004-08-27,665.9945317750336,666.71142578125,665.9945317750336,666.71142578125,3000,0.0,0
2004-08-30,667.4283371304841,667.4283371304841,656.6749267578125,656.6749267578125,7000,0.0,0
2004-08-31,656.6749267578125,656.6749267578125,656.6749267578125,656.6749267578125,1000,0.0,0
2004-09-01,656.6748711239975,656.6748711239975,642.3369918418142,648.0721435546875,38000,0.0,0
2004-09-02,652.3735404636549,667.4283144743546,649.5059644616168,659.54248046875,17000,0.0,0
2004-09-03,660.259437882707,665.2776963682433,660.259437882707,663.1270141601562,72000,0.0,0
2004-09-06,666.71142578125,666.71142578125,665.2776377688172,666.71142578125,23000,0.0,0
2004-09-07,666.711378212687,668.8620600778892,653.0903930664062,653.0903930664062,28000,0.0,0
2004-09-08,652.3734991113389,653.0903930664062,650.9397112012041,653.0903930664062,66000,0.0,0
2004-09-09,653.0903930664062,653.0903930664062,651.6566051562714,653.0903930664062,17000,0.0,0
2004-09-10,648.7890874260572,652.3735575223338,648.7890874260572,649.5059814453125,20000,0.0,0
2004-09-13,649.506019944411,652.3735961914062,649.506019944411,652.3735961914062,8000,0.0,0
2004-09-14,650.222925261779,652.3736074842545,650.222925261779,650.9398193359375,17000,0.0,0
2004-09-15,651.6565753001712,661.6930902112849,651.6565753001712,660.9761962890625,33000,0.0,0
2004-09-16,661.6931874692505,663.1269755244384,659.5425053864685,660.2593994140625,15000,0.0,0
2004-09-17,659.5424916385825,660.9762796638838,658.1087036132812,658.1087036132812,5000,0.0,0
2004-09-20,658.1087036132812,658.1087036132812,658.1087036132812,658.1087036132812,0,0.0,0
2004-09-21,658.8256113588745,663.1269755244384,658.8256113588745,660.2593994140625,3000,0.0,0
2004-09-22,659.54248046875,659.54248046875,658.108692467731,659.54248046875,32000,0.0,0
2004-09-23,659.54248046875,659.54248046875,659.54248046875,659.54248046875,0,0.0,0
2004-09-24,659.54248046875,663.1269504712975,659.54248046875,659.54248046875,5000,0.0,0
2004-09-27,664.5938110351562,664.5938110351562,664.5938110351562,664.5938110351562,2000,6.0,0
2004-09-28,663.872109605519,673.974511273429,663.872109605519,672.5313110351562,10000,0.0,0
2004-09-29,670.3665346207157,671.088134765625,670.3665346207157,671.088134765625,2000,0.0,0
2004-09-30,665.3153316331947,665.3153316331947,663.8721313476562,663.8721313476562,11000,0.0,0
2004-10-01,664.5937314904255,673.2529332036557,663.8721313476562,663.8721313476562,14000,0.0,0
2004-10-04,671.0880869307916,673.9744873046875,671.0880869307916,673.9744873046875,29000,0.0,0
2004-10-05,671.8097032041808,671.8097032041808,666.0369023173564,667.4801025390625,10000,0.0,0
2004-10-06,666.7585100820647,674.6961113925655,666.0369099629283,672.5313110351562,13000,0.0,0
2004-10-07,670.366532632579,670.366532632579,663.1505312048871,663.8721313476562,29000,0.0,0
2004-10-08,663.1504675561255,663.1504675561255,649.4400661594265,656.6560668945312,4000,0.0,0
2004-10-11,656.6560668945312,656.6560668945312,656.6560668945312,656.6560668945312,0,0.0,0
2004-10-12,656.6560668945312,656.6560668945312,656.6560668945312,656.6560668945312,8000,0.0,0
2004-10-13,650.1616821289062,650.1616821289062,650.1616821289062,650.1616821289062,1000,0.0,0
2004-10-14,650.8833247884115,650.8833247884115,649.4401245117188,649.4401245117188,12000,0.0,0
2004-10-15,650.1617246500651,650.8833247884115,649.4401245117188,649.4401245117188,10000,0.0,0
2004-10-18,656.6560829492838,656.6560829492838,649.4400820377532,650.1616821289062,69000,0.0,0
2004-10-19,650.1616821289062,650.1616821289062,650.1616821289062,650.1616821289062,3000,0.0,0
2004-10-20,635.7297789140181,637.1729793201793,635.0081787109375,635.0081787109375,11000,0.0,0
2004-10-21,635.008162739121,635.008162739121,617.6897583007812,617.6897583007812,8000,0.0,0
2004-10-22,613.360088874089,613.360088874089,594.5984861555875,612.6384887695312,15000,0.0,0
2004-10-25,598.2064500086516,598.2064500086516,594.5984497070312,594.5984497070312,6000,0.0,0
2004-10-26,594.5984497070312,594.5984497070312,591.7120494657349,594.5984497070312,6000,0.0,0
2004-10-27,591.712158203125,591.712158203125,591.712158203125,591.712158203125,4000,0.0,0
2004-10-28,584.49609375,584.49609375,583.0528935185185,584.49609375,8000,0.0,0
2004-10-29,583.0528564453125,583.0528564453125,583.0528564453125,583.0528564453125,1000,0.0,0
2004-11-01,580.8880854662448,580.8880854662448,577.2800849353985,579.4448852539062,10000,0.0,0
2004-11-02,578.7232905578613,579.4448906707763,577.2800903320312,577.2800903320312,14000,0.0,0
2004-11-03,577.2800903320312,577.2800903320312,577.2800903320312,577.2800903320312,0,0.0,0
2004-11-04,580.8879970334611,580.8879970334611,573.6719970703125,573.6719970703125,17000,0.0,0
2004-11-05,567.1775971034788,578.7231970445165,567.1775971034788,573.6719970703125,41000,0.0,0
2004-11-08,578.001600485855,583.0528004901009,578.001600485855,580.8880004882812,31000,0.0,0
2004-11-09,581.609693287037,584.49609375,581.609693287037,584.49609375,4000,0.0,0
2004-11-10,583.0527482056265,585.9391479492188,580.8879483979324,585.9391479492188,7000,0.0,0
2004-11-11,585.9391479492188,585.9391479492188,585.9391479492188,585.9391479492188,13000,0.0,0
2004-11-12,588.8255988309902,596.7631988152315,588.8255988309902,590.268798828125,21000,0.0,0
2004-11-15,593.8768997376224,598.9281005859375,591.7120993740588,598.9281005859375,21000,0.0,0
2004-11-16,603.2577137464888,645.1105216379916,603.2577137464888,642.22412109375,16000,0.0,0
2004-11-17,640.7810336221424,640.7810336221424,615.5250244140625,615.5250244140625,8000,0.0,0
2004-11-18,593.8768920898438,594.5984922017391,591.7120917541579,593.8768920898438,46000,0.0,0
2004-11-19,593.8768952546296,593.8768952546296,584.49609375,584.49609375,20000,0.0,0
2004-11-22,577.2800903320312,577.2800903320312,577.2800903320312,577.2800903320312,40000,0.0,0
2004-11-23,577.2800903320312,577.2800903320312,577.2800903320312,577.2800903320312,0,0.0,0
2004-11-24,577.280055886448,583.0528564453125,577.280055886448,583.0528564453125,4000,0.0,0
2004-11-25,585.2176568023277,599.649658203125,584.4960567322879,599.649658203125,7000,0.0,0
2004-11-26,605.4226016228102,607.58740234375,605.4226016228102,607.58740234375,13000,0.0,0
2004-11-29,607.5873682776163,620.576171875,607.5873682776163,620.576171875,19000,0.0,0
2004-11-30,621.2978587794948,642.2242674956451,621.2978587794948,640.7810668945312,26000,0.0,0
2004-12-01,642.2240888284691,655.212890625,642.2240888284691,655.212890625,28000,0.0,0
2004-12-02,662.428867482615,662.428867482615,653.7696666004894,656.6560668945312,21000,0.0,0
2004-12-03,656.6560668945312,656.6560668945312,649.4400661594265,656.6560668945312,24000,0.0,0
2004-12-06,656.6561258951823,656.6561258951823,649.4401245117188,649.4401245117188,20000,0.0,0
2004-12-07,649.4401059771274,649.4401059771274,648.718505859375,648.718505859375,4000,0.0,0
2004-12-08,648.718505859375,648.718505859375,647.2753056238703,648.718505859375,7000,0.0,0
2004-12-09,656.6561258951823,656.6561258951823,649.4401245117188,649.4401245117188,12000,0.0,0
2004-12-10,648.7185223182936,649.440122454354,642.22412109375,642.22412109375,9000,0.0,0
2004-12-13,642.2241231282552,649.4401245117188,642.2241231282552,649.4401245117188,8000,0.0,0
2004-12-14,620.5761189778646,649.4401245117188,620.5761189778646,649.4401245117188,7000,0.0,0
2004-12-15,649.4401245117188,649.4401245117188,649.4401245117188,649.4401245117188,30000,0.0,0
2004-12-16,649.440122454354,649.440122454354,642.22412109375,642.22412109375,7000,0.0,0
2004-12-17,649.4401827725496,649.4401827725496,635.0081787109375,635.0081787109375,5000,0.0,0
2004-12-20,644.3888549804688,644.3888549804688,644.3888549804688,644.3888549804688,2000,0.0,0
2004-12-21,647.2752552267418,647.2752552267418,642.2240547957639,644.3888549804688,18000,0.0,0
2004-12-22,643.6673973872132,643.6673973872132,616.9681891996271,621.2977905273438,14000,0.0,0
2004-12-23,621.2977905273438,621.2977905273438,621.2977905273438,621.2977905273438,0,0.0,0
2004-12-24,635.7297732395332,637.1729736328125,630.6785718630556,637.1729736328125,17000,0.0,0
2004-12-27,637.1729736328125,637.1729736328125,635.7297732395332,637.1729736328125,12000,0.0,0
2004-12-28,637.1729793201793,637.1729793201793,617.6897738370028,635.0081787109375,9000,0.0,0
2004-12-29,638.6161499023438,638.6161499023438,638.6161499023438,638.6161499023438,8000,0.0,0
2004-12-30,645.832121774052,645.832121774052,642.22412109375,642.22412109375,5000,0.0,0
2004-12-31,642.22412109375,642.22412109375,642.22412109375,642.22412109375,0,0.0,0
2005-01-03,642.22412109375,642.22412109375,642.22412109375,642.22412109375,0,0.0,0
2005-01-04,635.0081036220801,648.718505859375,635.0081036220801,648.718505859375,14400,0.0,0
2005-01-05,649.4401245117188,649.4401245117188,648.7185243733725,649.4401245117188,7900,0.0,0
2005-01-06,659.5424671885731,659.5424671885731,642.2240654243217,656.6560668945312,1400,0.0,0
2005-01-07,656.6560668945312,656.6560668945312,656.6560668945312,656.6560668945312,0,0.0,0
2005-01-10,656.6560668945312,656.6560668945312,656.6560668945312,656.6560668945312,0,0.0,0
2005-01-11,650.8833247884115,663.8721272786458,649.4401245117188,649.4401245117188,14400,0.0,0
2005-01-12,649.4401114327567,649.4401114327567,646.5537109375,646.5537109375,9900,0.0,0
2005-01-13,646.5538692989866,649.4402705012142,640.7810668945312,640.7810668945312,5200,0.0,0
2005-01-14,619.8545787067699,638.6161841158223,619.8545787067699,625.6273803710938,16400,0.0,0
2005-01-17,649.4401506696428,649.4401506696428,627.0705454799107,631.400146484375,11800,0.0,0
2005-01-18,632.8434147910467,645.1106189546131,632.8434147910467,636.451416015625,2200,0.0,0
2005-01-19,634.2865195970857,642.22412109375,633.5649194610253,642.22412109375,3700,0.0,0
2005-01-20,642.22412109375,642.22412109375,632.8433193249649,642.22412109375,4700,0.0,0
2005-01-21,640.0593801325017,640.0593801325017,632.121777898615,635.0081787109375,1900,0.0,0
2005-01-24,627.792156820879,628.5137570011328,627.070556640625,627.070556640625,9000,0.0,0
2005-01-25,627.0705010323821,627.0705010323821,622.0193002185425,624.9057006835938,14400,0.0,0
2005-01-26,626.3488823157514,627.7920825054191,624.18408203125,624.18408203125,25300,0.0,0
2005-01-27,625.6272662618886,630.678466796875,614.8032651154891,630.678466796875,37100,0.0,0
2005-01-28,627.7919921875,627.7919921875,627.7919921875,627.7919921875,500,0.0,0
2005-01-31,627.7919921875,627.7919921875,625.6271922144397,627.7919921875,7700,0.0,0
2005-02-01,624.1839922323994,629.9567921605603,624.1839922323994,627.7919921875,6700,0.0,0
2005-02-02,629.9570623861777,640.7810668945312,629.9570623861777,640.7810668945312,35500,0.0,0
2005-02-03,647.2753240966797,649.4401245117188,642.2241231282552,649.4401245117188,40500,0.0,0
2005-02-04,649.4401524430615,649.4401524430615,635.0081490554379,638.6161499023438,4100,0.0,0
2005-02-07,642.2241231282552,649.4401245117188,642.2241231282552,649.4401245117188,40000,0.0,0
2005-02-08,653.7697293488876,663.8721313476562,652.3265290633492,663.8721313476562,20200,0.0,0
2005-02-09,663.8721019847973,668.9233027607686,663.8721019847973,667.4801025390625,12200,0.0,0
2005-02-10,670.3665899049814,674.6961911314936,669.6449897005626,673.2529907226562,11500,0.0,0
2005-02-11,673.2529907226562,673.2529907226562,673.2529907226562,673.2529907226562,0,0.0,0
2005-02-14,681.9120409089246,699.9520419911713,680.4688408223449,693.4576416015625,21400,0.0,0
2005-02-15,696.344096570912,728.8161010742188,694.900896370765,728.8161010742188,43800,0.0,0
2005-02-16,724.4866818847656,725.9298824462891,714.3842779541015,721.6002807617188,26800,0.0,0
2005-02-17,699.952000961691,710.7760009765625,699.952000961691,710.7760009765625,5300,0.0,0
2005-02-18,707.1680592630573,720.1568603515625,699.9520586583322,720.1568603515625,10900,0.0,0
2005-02-21,720.1569052036137,727.3729062577582,715.8273045711271,726.6513061523438,13200,0.0,0
2005-02-22,724.4865004737778,728.8161010742188,714.3840990727491,728.8161010742188,19600,0.0,0
2005-02-23,720.156863136897,728.816063896058,720.156863136897,727.3728637695312,5100,0.0,0
2005-02-24,728.094715406792,754.0723266601562,728.094715406792,754.0723266601562,14600,0.0,0
2005-02-25,739.6402785700548,756.237084820895,739.6402785700548,754.7938842773438,12700,0.0,0
2005-02-28,757.680077646293,772.8336791992188,757.680077646293,772.8336791992188,13700,0.0,0
2005-03-01,757.6799713844478,785.8223703215843,757.6799713844478,775.719970703125,15600,0.0,0
2005-03-02,757.6801170493071,764.8961181640625,747.5777154886497,764.8961181640625,14000,0.0,0
2005-03-03,757.68017578125,758.4017759486607,755.5153752790178,757.68017578125,11300,0.0,0
2005-03-04,756.2367754019365,757.6799753549936,747.5775756835938,747.5775756835938,1900,0.0,0
2005-03-07,732.4241943359375,732.4241943359375,710.0545884005542,732.4241943359375,3400,0.0,0
2005-03-08,736.0321655273438,740.361766501034,733.8673650404986,736.0321655273438,5700,0.0,0
2005-03-09,736.0321470191363,736.0321470191363,735.310546875,735.310546875,7700,0.0,0
2005-03-10,736.0322507847035,743.248253243377,733.145849801234,734.5890502929688,9900,0.0,0
2005-03-11,749.0207756366509,753.3503754958223,746.8559757070652,747.5775756835938,10200,0.0,0
2005-03-14,733.1458129882812,746.1346167616957,732.4242127786472,733.1458129882812,6300,0.0,0
2005-03-15,746.8563358641887,772.1123472219149,746.1347355396822,764.1747436523438,17300,0.0,0
2005-03-16,764.1744333040916,772.1120336500264,764.1744333040916,766.3392333984375,14200,0.0,0
2005-03-17,770.6688335871293,770.6688335871293,764.8960333355402,766.3392333984375,8500,0.0,0
2005-03-18,764.8961413871951,764.8961413871951,736.0321360518293,739.64013671875,18500,0.0,0
2005-03-21,739.64013671875,739.64013671875,739.64013671875,739.64013671875,0,0.0,0
2005-03-22,736.7537138165168,764.8961181640625,736.7537138165168,764.8961181640625,10700,0.0,0
2005-03-23,764.1746202437962,764.1746202437962,753.3506171241958,756.9586181640625,7700,0.0,0
2005-03-24,756.9586181640625,757.6802183720359,756.2370179560892,756.9586181640625,9100,0.0,0
2005-03-25,738.1969095083383,752.6289116492637,738.1969095083383,750.464111328125,14800,0.0,0
2005-03-28,739.6401663387522,750.4641687729779,736.0321655273438,736.0321655273438,6500,0.0,0
2005-03-29,736.0321020749536,738.1969023751741,728.0945009741453,728.8161010742188,16200,0.0,0
2005-03-30,736.0321655273438,736.0321655273438,721.6001622817096,736.0321655273438,6800,0.0,0
2005-03-31,736.0321020749536,736.0321020749536,728.8161010742188,728.8161010742188,5200,0.0,0
2005-04-01,721.6000477238508,734.5888485828801,721.6000477238508,733.8672485351562,2400,0.0,0
2005-04-04,723.0433164247862,725.2081167733634,722.3217163085938,722.3217163085938,8500,0.0,0
2005-04-05,736.7537656896254,751.1857689352596,729.5377640668083,736.0321655273438,8400,0.0,0
2005-04-06,735.3104486306039,735.3104486306039,722.3216477715746,733.8672485351562,5500,0.0,0
2005-04-07,722.3217001735574,728.8161010742188,722.3217001735574,728.8161010742188,700,0.0,0
2005-04-08,717.9922793579102,721.6002807617188,717.9922793579102,721.6002807617188,3400,0.0,0
2005-04-11,717.2705521101803,717.2705521101803,699.9521484375,699.9521484375,3800,0.0,0
2005-04-12,707.1681929864874,707.1681929864874,686.2417872756628,699.2305908203125,6700,0.0,0
2005-04-13,710.776276550293,721.6002807617188,707.1682751464843,721.6002807617188,8000,0.0,0
2005-04-14,721.6002807617188,721.6002807617188,699.9522723388671,721.6002807617188,7100,0.0,0
2005-04-15,721.6002807617188,721.6002807617188,721.6002807617188,721.6002807617188,12600,0.0,0
2005-04-18,699.9522107182717,707.168212890625,699.9522107182717,707.168212890625,1900,0.0,0
2005-04-19,678.3040509448626,689.1280517578125,678.3040509448626,689.1280517578125,400,0.0,0
2005-04-20,689.1281423468339,692.7361430921053,685.5201416015625,685.5201416015625,12100,0.0,0
2005-04-21,678.3041097181738,678.3041097181738,655.212905983087,665.3153076171875,4200,0.0,0
2005-04-22,671.0880683647407,671.0880683647407,649.4400661594265,656.6560668945312,32600,0.0,0
2005-04-25,671.0880606744764,684.7984619140625,671.0880606744764,684.7984619140625,3400,0.0,0
2005-04-26,685.5201416015625,686.2417417506167,685.5201416015625,685.5201416015625,2700,0.0,0
2005-04-27,686.2417417506167,686.2417417506167,685.5201416015625,685.5201416015625,10900,0.0,0
2005-04-28,685.5201416015625,686.2417417506167,685.5201416015625,685.5201416015625,11700,0.0,0
2005-04-29,685.5201416015625,685.5201416015625,685.5201416015625,685.5201416015625,0,0.0,0
2005-05-02,689.1281423468339,692.7361430921053,685.5201416015625,685.5201416015625,25600,0.0,0
2005-05-03,685.5201416015625,685.5201416015625,685.5201416015625,685.5201416015625,0,0.0,0
2005-05-04,685.5201416015625,685.5201416015625,685.5201416015625,685.5201416015625,0,0.0,0
2005-05-05,685.5201416015625,685.5201416015625,685.5201416015625,685.5201416015625,0,0.0,0
2005-05-06,692.7362670898438,692.7362670898438,685.520264307658,692.7362670898438,8700,0.0,0
2005-05-09,699.9521244504324,703.5601250919295,699.9521244504324,701.3953247070312,2600,0.0,0
2005-05-10,707.1680009716054,710.7760009765625,707.1680009716054,710.7760009765625,1700,0.0,0
2005-05-11,714.3840678200793,725.2080688476562,714.3840678200793,725.2080688476562,3000,0.0,0
2005-05-12,717.991943359375,717.991943359375,717.991943359375,717.991943359375,1100,0.0,0
2005-05-13,689.1279456363851,717.991943359375,689.1279456363851,717.991943359375,5700,0.0,0
2005-05-16,717.991943359375,717.991943359375,717.991943359375,717.991943359375,5600,0.0,0
2005-05-17,721.6001490542762,721.6001490542762,685.5201416015625,685.5201416015625,3600,0.0,0
2005-05-18,721.6001449092741,721.6001449092741,671.088134765625,671.088134765625,3600,0.0,0
2005-05-19,707.1681213378906,707.1681213378906,685.5201176234654,686.9633178710938,600,0.0,0
2005-05-20,717.9922793579102,721.6002807617188,717.9922793579102,721.6002807617188,1400,0.0,0
2005-05-23,693.4577432411595,693.4577432411595,685.5201416015625,685.5201416015625,12900,0.0,0
2005-05-24,699.9520525707625,699.9520525707625,685.5200514868292,689.1280517578125,2400,0.0,0
2005-05-25,710.7761468184622,710.7761468184622,685.5201416015625,685.5201416015625,32100,0.0,0
2005-05-26,707.168212890625,707.168212890625,707.168212890625,707.168212890625,900,0.0,0
2005-05-27,721.600156841856,721.600156841856,714.3841552734375,714.3841552734375,5100,0.0,0
2005-05-30,721.6002807617188,721.6002807617188,717.9922793579102,721.6002807617188,5300,0.0,0
2005-05-31,721.6002172353317,721.6002172353317,707.168212890625,707.168212890625,6000,0.0,0
2005-06-01,694.9010091976244,721.6002172353317,694.9010091976244,707.168212890625,24900,0.0,0
2005-06-02,707.168212890625,707.168212890625,699.9522107182717,707.168212890625,9300,0.0,0
2005-06-03,707.168212890625,707.168212890625,703.5602118044484,707.168212890625,9700,0.0,0
2005-06-06,707.168212890625,713.662614845743,699.9522107182717,707.168212890625,11100,0.0,0
2005-06-07,699.9522107182717,721.6002172353317,699.9522107182717,707.168212890625,8500,0.0,0
2005-06-08,721.600156841856,721.600156841856,714.3841552734375,714.3841552734375,14300,0.0,0
2005-06-09,721.5999430747488,721.5999430747488,714.3839436440013,717.991943359375,4300,0.0,0
2005-06-10,721.600156841856,721.600156841856,714.3841552734375,714.3841552734375,15800,0.0,0
2005-06-13,707.168067135028,728.8160691901819,707.168067135028,725.2080688476562,7100,0.0,0
2005-06-14,728.8161010742188,736.0321020749536,728.8161010742188,728.8161010742188,2000,0.0,0
2005-06-15,736.0321020749536,736.0321020749536,728.8161010742188,728.8161010742188,10600,0.0,0
2005-06-16,721.6001456999874,722.3217458456874,718.7137451171875,718.7137451171875,11500,0.0,0
2005-06-17,722.3216738520031,728.0944744422288,721.6000737782248,723.0432739257812,2800,0.0,0
2005-06-20,723.0434813232422,723.7650816040039,721.6002807617188,721.6002807617188,3300,0.0,0
2005-06-21,722.3215568473747,722.3215568473747,720.8783569335938,720.8783569335938,3100,0.0,0
2005-06-22,722.3218810424804,722.3218810424804,721.6002807617188,721.6002807617188,3800,0.0,0
2005-06-23,721.6002807617188,723.7650816040039,720.1570802001953,721.6002807617188,9200,0.0,0
2005-06-24,721.6000009914341,721.6000009914341,700.6736009626825,710.7760009765625,6100,0.0,0
2005-06-27,721.6000764266304,721.6000764266304,696.3440737516984,713.6624755859375,12100,0.0,0
2005-06-28,712.2192009785454,712.2192009785454,707.8896009725968,710.7760009765625,3800,0.0,0
2005-06-29,714.3842779541015,732.4242849731445,714.3842779541015,721.6002807617188,67000,0.0,0
2005-06-30,722.3217624439912,736.0321655273438,721.6001622817096,736.0321655273438,6800,0.0,0
2005-07-01,722.3217569986979,728.8161584102746,714.3841552734375,714.3841552734375,37500,0.0,0
2005-07-04,721.6000737782248,725.2080741471159,721.6000737782248,723.0432739257812,8800,0.0,0
2005-07-05,721.6001161924014,725.2081167733634,718.7137157276318,722.3217163085938,8000,0.0,0
2005-07-06,721.6000816866947,728.094482421875,721.6000816866947,728.094482421875,3700,0.0,0
2005-07-07,721.6001622817096,736.0321655273438,720.8785621194278,736.0321655273438,4300,0.0,0
2005-07-08,736.0321655273438,736.0321655273438,723.7649627685547,736.0321655273438,11000,0.0,0
2005-07-11,727.3730830078125,727.3730830078125,721.6002807617188,721.6002807617188,8300,0.0,0
2005-07-12,722.32166053298,722.32166053298,720.1568603515625,720.1568603515625,7200,0.0,0
2005-07-13,707.889701085679,721.6001030435056,707.889701085679,719.435302734375,4100,0.0,0
2005-07-14,721.6001622817096,736.0321655273438,716.5489611457376,736.0321655273438,14100,0.0,0
2005-07-15,736.0321855961294,745.4129879615701,736.0321855961294,743.9697875976562,10200,0.0,0
2005-07-18,743.9697875976562,743.9697875976562,743.9697875976562,743.9697875976562,0,0.0,0
2005-07-19,744.6913104717547,754.0721118633563,743.9697103647085,750.464111328125,6300,0.0,0
2005-07-20,764.8960783857814,782.2144801605538,764.8960783857814,772.8336791992188,15700,0.0,0
2005-07-21,786.544034278999,786.544034278999,766.3392333984375,766.3392333984375,5100,0.0,0
2005-07-22,743.2479858398438,749.7423857161142,743.2479858398438,743.2479858398438,1200,0.0,0
2005-07-25,764.895985427412,764.895985427412,743.2479858398438,743.2479858398438,2300,0.0,0
2005-07-26,743.2480895874752,743.2480895874752,723.7648872390656,725.9296875,5600,0.0,0
2005-07-27,740.3616649082728,741.0832649715362,725.9296636430043,727.3728637695312,3100,0.0,0
2005-07-28,756.2369510549557,756.2369510549557,732.4241462984543,735.310546875,2300,0.0,0
2005-07-29,735.3106136171837,744.6914163424275,730.2594121497448,733.1458129882812,3800,0.0,0
2005-08-01,741.8051213460676,754.0723266601562,739.6403204082873,754.0723266601562,4000,0.0,0
2005-08-02,746.856201171875,746.856201171875,743.2482002000302,746.856201171875,1800,0.0,0
2005-08-03,743.2481030756884,743.2481030756884,728.8161010742188,728.8161010742188,9000,0.0,0
2005-08-04,739.6401025753211,739.6401025753211,728.8161010742188,728.8161010742188,2400,0.0,0
2005-08-05,728.816074516007,734.5888751062329,721.6000737782248,723.0432739257812,9100,0.0,0
2005-08-08,721.6000685051306,759.8448721359025,721.6000685051306,725.2080688476562,4400,0.0,0
2005-08-09,726.6512898214743,749.7424926757812,721.6000891970946,749.7424926757812,10400,0.0,0
2005-08-10,728.8159861147982,743.2479858398438,723.7647862110323,743.2479858398438,10400,0.0,0
2005-08-11,743.2480759915716,743.2480759915716,721.6000737782248,723.0432739257812,22700,0.0,0
2005-08-12,736.0321130030658,736.0321130030658,724.4865112304688,724.4865112304688,2700,0.0,0
2005-08-15,725.2081741242719,731.7025756835938,721.600173257982,731.7025756835938,5000,0.0,0
2005-08-16,730.259306679416,735.310507417317,725.9297060469293,726.6513061523438,1800,0.0,0
2005-08-17,723.0434057830722,756.9586154355716,723.0434057830722,742.526611328125,8000,0.0,0
2005-08-18,742.5265669878792,742.5265669878792,732.4241647159351,736.0321655273438,8700,0.0,0
2005-08-19,743.2481615471117,743.2481615471117,730.2593587239583,738.1969604492188,1700,0.0,0
2005-08-22,738.1969023751741,738.1969023751741,728.0945009741453,728.8161010742188,2000,0.0,0
2005-08-23,731.7024828303084,731.7024828303084,727.3728823401883,728.094482421875,2100,0.0,0
2005-08-24,728.8161173543253,728.8161173543253,722.3217163085938,722.3217163085938,8400,0.0,0
2005-08-25,721.6000816866947,728.094482421875,721.6000816866947,728.094482421875,4200,0.0,0
2005-08-26,732.4242849731445,732.4242849731445,721.6002807617188,721.6002807617188,3500,0.0,0
2005-08-29,736.0321020749536,736.0321020749536,727.3729008740718,728.8161010742188,2900,0.0,0
2005-08-30,728.8161010742188,728.8161010742188,725.2081005738513,728.8161010742188,1700,0.0,0
2005-08-31,736.032062048543,736.753662109375,732.4240617443835,736.753662109375,12800,0.0,0
2005-09-01,742.5263858535915,743.2479858398438,739.6399859085823,743.2479858398438,5900,0.0,0
2005-09-02,743.2479858398438,743.2479858398438,739.6399859085823,743.2479858398438,1500,0.0,0
2005-09-05,743.969886026355,754.072289910321,740.3618846392243,752.6290893554688,4100,0.0,0
2005-09-06,743.2480626568621,743.2480626568621,736.032062048543,736.753662109375,1800,0.0,0
2005-09-07,736.0321655273438,736.0321655273438,736.0321655273438,736.0321655273438,400,0.0,0
2005-09-08,725.9297168895557,726.6513170057482,722.3217163085938,722.3217163085938,10400,0.0,0
2005-09-09,723.0432686421408,725.2080688476562,723.0432686421408,725.2080688476562,3700,0.0,0
2005-09-12,735.310546875,735.310546875,733.1457464425907,735.310546875,4400,0.0,0
2005-09-13,735.310546875,735.310546875,735.310546875,735.310546875,0,0.0,0
2005-09-14,735.3105653650621,736.0321655273438,735.3105653650621,736.0321655273438,400,0.0,0
2005-09-15,743.2481030756884,743.2481030756884,727.3729008740718,728.8161010742188,10800,0.0,0
2005-09-16,728.8160586333535,729.5376586914062,728.8160586333535,729.5376586914062,900,0.0,0
2005-09-19,729.5376586914062,729.5376586914062,729.5376586914062,729.5376586914062,0,0.0,0
2005-09-20,737.4752807617188,738.196880840742,729.5376798924634,737.4752807617188,4100,0.0,0
2005-09-21,737.4754098905188,742.526611328125,729.5378076314231,742.526611328125,5600,0.0,0
2005-09-22,753.3506171241958,760.5666192039293,733.1458113009414,756.9586181640625,9000,0.0,0
2005-09-23,756.9586181640625,756.9586181640625,756.9586181640625,756.9586181640625,0,0.0,0
2005-09-26,756.9586910200256,756.9586910200256,744.6914863037812,752.6290893554688,1500,0.0,0
2005-09-27,756.9585122915414,756.9585122915414,746.8561107928936,750.464111328125,3300,0.0,0
2005-09-28,749.0209684484145,751.9073690975414,725.2081630931181,736.0321655273438,11500,0.0,0
2005-09-29,730.9808881088469,731.702488195825,725.9296875,725.9296875,2800,0.0,0
2005-09-30,726.6512742946724,727.3728743684507,721.6000737782248,723.0432739257812,9900,0.0,0
2005-10-03,722.3217739840165,722.3217739840165,703.5601694649513,707.8897705078125,6400,0.0,0
2005-10-04,716.5487571922508,740.3615557696368,716.5487571922508,720.8783569335938,1800,0.0,0
2005-10-05,712.9409549597538,719.4353563713305,710.0545543323864,714.3841552734375,8300,0.0,0
2005-10-06,714.3840863527626,714.3840863527626,709.3328857421875,709.3328857421875,3200,0.0,0
2005-10-07,709.3328350773853,709.3328350773853,703.5600347919132,705.0032348632812,7900,0.0,0
2005-10-10,705.0032348632812,705.0032348632812,705.0032348632812,705.0032348632812,0,0.0,0
2005-10-11,703.56014365405,703.56014365405,699.9521429173625,702.116943359375,5200,0.0,0
2005-10-12,709.333013542331,717.992216149155,707.168212890625,707.168212890625,7800,0.0,0
2005-10-13,704.2817493556701,707.1681499677835,699.9521484375,699.9521484375,12900,0.0,0
2005-10-14,699.9521113624257,699.9521113624257,689.1281096403264,698.5089111328125,12100,0.0,0
2005-10-17,707.1680588942307,710.7760591947115,693.4576577524037,703.56005859375,15400,0.0,0
2005-10-18,707.167970012361,707.167970012361,697.0655704407559,697.7871704101562,8900,0.0,0
2005-10-19,697.7874690373739,703.5602712631226,692.7362670898438,692.7362670898438,4300,0.0,0
2005-10-20,692.7362670898438,692.7362670898438,686.963464864095,692.7362670898438,2600,0.0,0
2005-10-21,692.7361143709763,692.7361143709763,663.1505094863826,672.5313110351562,13400,0.0,0
2005-10-24,672.531506268561,689.1283138266907,667.4803039682606,668.201904296875,13400,0.0,0
2005-10-25,687.684787197214,689.1279871703456,674.6959874390295,681.9119873046875,6000,0.0,0
2005-10-26,684.79852504949,692.7361264989572,678.3041238635623,692.0145263671875,7800,0.0,0
2005-10-27,698.5087448963568,717.991943359375,692.7359453517588,717.991943359375,11700,0.0,0
2005-10-28,712.9409549597538,714.3841552734375,702.1169526071259,714.3841552734375,4200,0.0,0
2005-10-31,714.3840598677824,720.878460412035,707.8896593235298,720.1568603515625,5200,0.0,0
2005-11-01,720.1569565281723,720.1569565281723,708.6113540187026,714.3841552734375,2900,0.0,0
2005-11-02,720.8783569335938,720.8783569335938,715.8271572353603,720.8783569335938,5700,0.0,0
2005-11-03,720.8783569335938,720.8783569335938,720.8783569335938,720.8783569335938,0,0.0,0
2005-11-04,720.8784009904426,720.8784009904426,710.7760009765625,710.7760009765625,7000,0.0,0
2005-11-07,710.7760009765625,710.7760009765625,686.2416009428538,710.7760009765625,6800,0.0,0
2005-11-08,712.219143814777,717.991943359375,690.5711455225346,717.991943359375,9600,0.0,0
2005-11-09,720.1568579367196,740.3616595621986,715.1056575303497,729.5376586914062,41700,0.0,0
2005-11-10,720.1570802001953,728.0946832885742,720.1570802001953,721.6002807617188,2300,0.0,0
2005-11-11,728.8161639045267,736.0321655273438,728.8161639045267,736.0321655273438,13100,0.0,0
2005-11-14,737.4751960039139,738.9183959960938,736.753596007824,738.9183959960938,10700,0.0,0
2005-11-15,738.9185990338165,746.856201171875,738.9185990338165,746.856201171875,42200,0.0,0
2005-11-16,739.64013671875,745.4129377858233,739.64013671875,739.64013671875,6000,0.0,0
2005-11-17,739.64013671875,740.3617368521342,739.64013671875,739.64013671875,800,0.0,0
2005-11-18,739.6400942439922,743.248094703719,737.475293968156,740.3616943359375,8800,0.0,0
2005-11-21,740.3617128782635,741.804913098299,740.3617128782635,741.0833129882812,1200,0.0,0
2005-11-22,739.64013671875,741.0833369855184,739.64013671875,739.64013671875,4700,0.0,0
2005-11-23,739.64013671875,739.64013671875,739.64013671875,739.64013671875,0,0.0,0
2005-11-24,743.2480491555663,743.2480491555663,729.5376482488131,733.8672485351562,6600,0.0,0
2005-11-25,743.2479858398438,743.2479858398438,743.2479858398438,743.2479858398438,4800,0.0,0
2005-11-28,749.0207857298619,750.4639857023665,743.2479858398438,743.2479858398438,4200,0.0,0
2005-11-29,749.7425112210786,750.464111328125,743.2481102576622,750.464111328125,5300,0.0,0
2005-11-30,750.4640848322432,750.4640848322432,743.2480840165485,744.6912841796875,10700,0.0,0
2005-12-01,739.6399859085823,743.2479858398438,739.6399859085823,743.2479858398438,1300,0.0,0
2005-12-02,754.0721164919295,764.8961181640625,750.4641159345518,764.8961181640625,26900,0.0,0
2005-12-05,779.32822265625,816.129833170573,778.6066224500868,811.8002319335938,30800,0.0,0
2005-12-06,809.6352591425101,811.8000593006452,793.760057982853,807.470458984375,11300,0.0,0
2005-12-07,806.7488341062231,806.7488341062231,772.8336326724194,792.3168334960938,5600,0.0,0
2005-12-08,793.0384387151291,793.0384387151291,790.1520385742188,790.1520385742188,2200,0.0,0
2005-12-09,891.1761665990797,891.1761665990797,834.8913560770326,851.4881591796875,29600,0.0,0
2005-12-12,844.9937579656051,857.9825603937699,837.0561564817267,851.4881591796875,24900,0.0,0
2005-12-13,865.9205254982776,920.0405583419199,865.9205254982776,916.4325561523438,72400,0.0,0
2005-12-14,916.4320034450955,923.6480034722222,887.5680033365885,909.2160034179688,26900,0.0,0
2005-12-15,916.4325561523438,920.0405583419199,909.2165517731914,916.4325561523438,26100,0.0,0
2005-12-16,902.0000610351562,902.0000610351562,875.3008592285156,902.0000610351562,10400,0.0,0
2005-12-19,902.000028924291,902.000028924291,891.1760285771994,898.3920288085938,16500,0.0,0
2005-12-20,902.0001686225503,902.0001686225503,851.4881591796875,851.4881591796875,10100,0.0,0
2005-12-21,920.0401110212838,920.0401110212838,896.9489082348672,899.1137084960938,15100,0.0,0
2005-12-22,923.6481119791667,923.6481119791667,865.9201049804688,865.9201049804688,8700,0.0,0
2005-12-23,865.9201049804688,865.9201049804688,865.9201049804688,865.9201049804688,0,0.0,0
2005-12-26,858.7043755658194,858.7043755658194,833.448364519766,840.6643676757812,16500,0.0,0
2005-12-27,855.0962195763221,855.0962195763221,837.0562149439103,844.272216796875,9100,0.0,0
2005-12-28,857.2609988839286,883.960205078125,857.2609988839286,883.960205078125,16600,0.0,0
2005-12-29,883.9601506085035,916.4321561410608,880.3521499937749,905.608154296875,18500,0.0,0
2005-12-30,909.2161386224287,912.1025390625,902.0001375222507,912.1025390625,3700,0.0,0
2006-01-02,912.1025390625,912.1025390625,912.1025390625,912.1025390625,0,0.0,0
2006-01-03,912.1025390625,912.1025390625,912.1025390625,912.1025390625,0,0.0,0
2006-01-04,897.6704578030493,902.0000580818422,887.5680571525328,894.7840576171875,6900,0.0,0
2006-01-05,880.3522870070917,880.3522870070917,844.9938754797577,868.0850830078125,17500,0.0,0
2006-01-06,866.6417791423607,868.8065795898438,847.8801752641748,868.8065795898438,8900,0.0,0
2006-01-09,868.8065795898438,868.8065795898438,868.8065795898438,868.8065795898438,0,0.0,0
2006-01-10,869.5278601084282,875.3006591796875,865.9198606888912,875.3006591796875,7900,0.0,0
2006-01-11,875.3009809322928,875.3009809322928,863.7553785457168,868.8065795898438,11300,0.0,0
2006-01-12,865.9201049804688,865.9201049804688,851.4881032307943,865.9201049804688,11100,0.0,0
2006-01-13,865.9201474861865,869.5281481007122,858.7041462571349,865.1985473632812,11600,0.0,0
2006-01-16,865.9201049804688,869.5281054178874,862.3121045430502,865.9201049804688,23700,0.0,0
2006-01-17,865.9201024159664,869.5281028426996,858.7041015625,858.7041015625,14600,0.0,0
2006-01-18,865.9201049804688,894.7841084798177,858.7041041056316,865.9201049804688,31000,0.0,0
2006-01-19,865.9201049804688,873.136105855306,858.7041041056316,865.9201049804688,31900,0.0,0
2006-01-20,873.1362846545745,882.5170877128469,867.3634827725608,868.0850830078125,16800,0.0,0
2006-01-23,868.0847914347297,873.1359913848903,866.6415914489696,870.97119140625,23000,0.0,0
2006-01-24,871.6930300878099,876.7442314211002,870.9714298973398,873.13623046875,40100,0.0,0
2006-01-25,902.0001536821463,911.3809552804407,902.0001536821463,905.608154296875,12900,0.0,0
2006-01-26,909.2161940354567,952.5122032752405,905.6081932654748,938.0802001953125,18900,0.0,0
2006-01-27,966.9441759832974,966.9441759832974,938.0801707300647,941.6881713867188,7500,0.0,0
2006-01-30,940.966548726096,966.9441528320311,938.080148269881,966.9441528320312,15200,0.0,0
2006-01-31,974.1601584939395,995.8081620160272,974.1601584939395,981.3761596679688,23000,0.0,0
2006-02-01,938.8015636140957,981.3759619640048,909.9375647328015,917.153564453125,14300,0.0,0
2006-02-02,938.0805692898007,943.1317723552073,902.0005473940391,916.4325561523438,24100,0.0,0
2006-02-03,916.4319644810927,917.1535644531251,916.4319644810927,917.153564453125,7000,0.0,0
2006-02-06,909.2162589479291,914.2674603865287,904.8866577148436,904.8866577148438,6900,0.0,0
2006-02-07,909.2163951150808,936.6372070312499,909.2163951150808,936.63720703125,2700,0.0,0
2006-02-08,937.3585619538198,941.6881627018745,909.216157091465,912.8241577148438,15500,0.0,0
2006-02-09,909.2160615234376,909.2160615234376,898.3920607910156,902.0000610351562,1700,0.0,0
2006-02-10,902.0001558447074,916.4321583382226,902.0001558447074,912.8241577148438,6700,0.0,0
2006-02-13,920.0400675977816,920.0400675977816,899.8352661132812,899.8352661132812,2300,0.0,0
2006-02-14,885.4033758396055,894.7841777026168,880.3521748364456,887.5681762695312,21900,0.0,0
2006-02-15,888.2898686582743,891.17626953125,887.5682684400304,891.17626953125,4700,0.0,0
2006-02-16,902.0001406101682,907.051341397585,902.0001406101682,902.7217407226562,6400,0.0,0
2006-02-17,904.1651000976562,904.1651000976562,903.4434998581529,904.1651000976562,7900,0.0,0
2006-02-20,902.000272804909,902.7218730231529,891.17626953125,891.17626953125,16300,0.0,0
2006-02-21,902.000321884837,902.7219221423449,887.5683167346796,888.2899169921875,25600,0.0,0
2006-02-22,894.7841084798177,902.000109354655,865.9201049804688,865.9201049804688,23700,0.0,0
2006-02-23,865.9201049804688,865.9201049804688,865.9201049804688,865.9201049804688,7800,0.0,0
2006-02-24,865.9202285640496,873.1362304687499,865.9202285640496,873.13623046875,4000,0.0,0
2006-02-27,873.136137776355,873.136137776355,865.9201366377074,869.5281372070312,12900,0.0,0
2006-02-28,870.2497055053711,873.136105855306,865.9201049804688,865.9201049804688,18800,0.0,0
2006-03-01,865.9201049804688,869.5281054178874,865.9201049804688,865.9201049804688,26200,0.0,0
2006-03-02,865.9200336209577,870.2496337890625,865.9200336209577,870.2496337890625,800,0.0,0
2006-03-03,870.2497583849677,870.2497583849677,837.05615234375,837.05615234375,8800,0.0,0
2006-03-06,837.0559655230978,837.0559655230978,829.8399658203125,829.8399658203125,12000,0.0,0
2006-03-07,829.840307018594,833.4483083534574,822.6243043488671,824.0675048828125,7500,0.0,0
2006-03-08,852.9315068408697,857.2611083984376,824.067496457084,857.2611083984375,4800,0.0,0
2006-03-09,858.7041015625,858.7041015625,850.0449005383404,858.7041015625,20300,0.0,0
2006-03-10,858.704175267314,865.9201767401486,837.7777709960938,837.7777709960938,26800,0.0,0
2006-03-13,837.05615234375,851.4881549703664,822.6241497171336,837.05615234375,20300,0.0,0
2006-03-14,837.7777709960938,837.7777709960938,832.7265699651095,837.7777709960938,20500,0.0,0
2006-03-15,837.7778874119231,837.7778874119231,793.7602723110382,794.4818725585938,31000,0.0,0
2006-03-16,800.9762331736174,808.1922352742806,793.7602310729542,802.41943359375,34800,0.0,0
2006-03-17,793.7601743772748,795.2033746943243,793.03857421875,793.03857421875,11700,0.0,0
2006-03-20,807.4706350642143,807.4706350642143,783.6578281320257,802.41943359375,19500,0.0,0
2006-03-21,802.41943359375,802.41943359375,802.41943359375,802.41943359375,0,0.0,0
2006-03-22,795.2033320756392,795.9249321954901,790.1521312366832,793.7601318359375,12400,0.0,0
2006-03-23,795.9248975072097,800.9760981260224,795.9248975072097,799.5328979492188,3800,0.0,0
2006-03-24,813.2433692829492,813.2433692829492,800.2545665792286,804.5841674804688,5400,0.0,0
2006-03-27,806.0272827683833,822.6240844726561,806.0272827683833,822.6240844726562,3400,0.0,0
2006-03-28,818.2945359108664,818.2945359108664,786.544130637429,793.7601318359375,4000,0.0,0
2006-03-29,793.7600815087034,829.8400852136444,793.7600815087034,822.6240844726562,17400,0.0,0
2006-03-30,837.0560990021008,860.1473017331932,837.0560990021008,858.7041015625,40100,0.0,0
2006-03-31,859.4257016478466,862.3121019892332,857.2609013918067,858.7041015625,7000,0.0,0
2006-04-03,861.5903895610088,862.3119895522659,844.2719897708378,854.3743896484375,7800,0.0,0
2006-04-04,851.4882186498398,858.7042205028046,844.272216796875,844.272216796875,7200,0.0,0
2006-04-05,831.283184459166,835.6127843782241,829.8399844861466,830.5615844726562,11800,0.0,0
2006-04-06,839.2210010145774,839.2210010145774,833.448199631846,834.1697998046875,700,0.0,0
2006-04-07,833.4483275202596,834.1699278038269,832.005126953125,832.005126953125,11300,0.0,0
2006-04-10,832.0049307269568,832.0049307269568,826.2321298199181,829.1185302734375,4100,0.0,0
2006-04-11,829.8400852136444,831.283285361842,816.1296838057668,822.6240844726562,17300,0.0,0
2006-04-12,819.0161054354187,819.0161054354187,811.0785044135777,813.9649047851562,8600,0.0,0
2006-04-13,830.5617148781663,830.5617148781663,815.4081127822136,819.01611328125,1700,0.0,0
2006-04-14,813.2432835093715,822.6240844726561,813.2432835093715,822.6240844726562,1600,0.0,0
2006-04-17,824.0673499797953,847.8801543137123,823.3457498484645,837.05615234375,27600,0.0,0
2006-04-18,843.5505535257274,843.5505535257274,837.05615234375,837.05615234375,2900,0.0,0
2006-04-19,837.05615234375,840.6641530004041,837.05615234375,837.05615234375,1500,0.0,0
2006-04-20,837.7776860287314,837.7776860287314,811.8000833611738,822.6240844726562,3700,0.0,0
2006-04-21,812.5216834352727,837.0560859546326,811.8000833611738,822.6240844726562,5000,0.0,0
2006-04-24,819.0161383001654,819.0161383001654,800.9761352539062,800.9761352539062,6100,0.0,0
2006-04-25,811.7999665633491,829.8399658203125,811.0783665930707,829.8399658203125,5100,0.0,0
2006-04-26,829.8399658203125,829.8399658203125,829.8399658203125,829.8399658203125,200,0.0,0
2006-04-27,829.1185725874965,829.1185725874965,804.5841674804688,804.5841674804688,700,0.0,0
2006-04-28,804.5841380528041,808.192138671875,804.5841380528041,808.192138671875,1300,0.0,0
2006-05-01,808.9137387956891,808.9137387956891,800.9761374337332,808.192138671875,1000,0.0,0
2006-05-02,800.9761352539062,809.6353367161106,793.7601340354025,800.9761352539062,8900,0.0,0
2006-05-03,800.9761352539062,800.9761352539062,800.9761352539062,800.9761352539062,0,0.0,0
2006-05-04,800.9761352539062,800.9761352539062,800.9761352539062,800.9761352539062,0,0.0,0
2006-05-05,800.9761352539062,800.9761352539062,800.9761352539062,800.9761352539062,0,0.0,0
2006-05-08,802.4193670298487,804.5841674804688,802.4193670298487,804.5841674804688,1400,0.0,0
2006-05-09,829.840085158523,829.840085158523,801.6976822705384,806.0272827148438,3500,0.0,0
2006-05-10,805.3057381766182,808.192138671875,795.2033364432198,808.192138671875,5800,0.0,0
2006-05-11,798.0897644793841,821.1809692382814,798.0897644793841,821.1809692382812,300,0.0,0
2006-05-12,798.8113662788152,805.3057676306754,798.8113662788152,804.5841674804688,4700,0.0,0
2006-05-15,804.5839961253814,804.5839961253814,736.0319964555059,790.8735961914062,9700,0.0,0
2006-05-16,790.8737977687728,794.4817986710026,790.8737977687728,791.5953979492188,3900,0.0,0
2006-05-17,790.8738518671158,803.8626560036196,774.9986468113891,786.5442504882812,2300,0.0,0
2006-05-18,786.5441328168989,800.9761352539062,779.3281315983952,800.9761352539062,6800,0.0,0
2006-05-19,800.2545187143179,800.2545187143179,727.3729079026442,750.464111328125,10600,0.0,0
2006-05-22,751.907185674871,754.0719856336278,743.2479858398438,743.2479858398438,6200,0.0,0
2006-05-23,728.8160691901819,728.8160691901819,720.8784684366254,725.2080688476562,5400,0.0,0
2006-05-24,725.2080874130219,739.6400891525846,725.2080874130219,725.9296875,7600,0.0,0
2006-05-25,738.9185055165497,738.9185055165497,710.776101497853,719.435302734375,10000,0.0,0
2006-05-26,721.6001030435056,728.0945039708971,717.992102528288,719.435302734375,3200,0.0,0
2006-05-29,725.2081520103616,728.8161527666321,716.5489501953125,716.5489501953125,4200,0.0,0
2006-05-30,717.9921933971166,751.1858023380887,717.9921933971166,746.856201171875,5500,0.0,0
2006-05-31,718.71369967319,728.8161010742188,718.71369967319,728.8161010742188,2700,0.0,0
2006-06-01,736.0321599786931,736.0321599786931,707.8897538618608,714.3841552734375,4500,0.0,0
2006-06-02,715.1056009825111,716.5488009844939,710.7760009765625,710.7760009765625,9700,0.0,0
2006-06-05,710.0544567030934,712.9408569335938,710.0544567030934,712.9408569335938,2800,0.0,0
2006-06-06,710.7761897380386,712.2193901232935,707.1681887749014,708.6113891601562,13800,0.0,0
2006-06-07,714.3841043602982,736.0321075227315,714.3841043602982,726.6513061523438,13200,0.0,0
2006-06-08,726.651418755979,726.651418755979,707.168212890625,707.168212890625,3200,0.0,0
2006-06-09,685.5201912724323,703.5601963059174,675.4177884536807,689.8497924804688,12600,0.0,0
2006-06-12,690.5710917407681,706.4462892520502,690.5710917407681,697.0654907226562,4100,0.0,0
2006-06-13,690.571241428403,693.4576416015625,690.571241428403,693.4576416015625,4800,0.0,0
2006-06-14,689.1282074597417,707.168212890625,685.5202063735651,707.168212890625,3100,0.0,0
2006-06-15,707.1681180173251,707.1681180173251,685.5201144045499,696.3441162109375,14800,0.0,0
2006-06-16,707.1681537050189,717.2705559008049,707.1681537050189,714.3841552734375,2000,0.0,0
2006-06-19,707.168212890625,707.168212890625,707.168212890625,707.168212890625,200,0.0,0
2006-06-20,707.1681499677835,707.1681499677835,699.9521484375,699.9521484375,1100,0.0,0
2006-06-21,697.0657163313633,697.0657163313633,694.9009159700859,696.3441162109375,1200,0.0,0
2006-06-22,697.0656580528846,707.1680588942307,697.0656580528846,703.56005859375,3700,0.0,0
2006-06-23,711.4976196289062,711.4976196289062,711.4976196289062,711.4976196289062,2300,0.0,0
2006-06-26,711.497814194037,712.9410146285077,707.168212890625,707.168212890625,700,0.0,0
2006-06-27,707.8897705078125,707.8897705078125,707.8897705078125,707.8897705078125,200,0.0,0
2006-06-28,707.1680588942307,707.1680588942307,703.56005859375,703.56005859375,400,0.0,0
2006-06-29,703.5601119364588,703.5601119364588,686.2417091810998,698.5089111328125,3600,0.0,0
2006-06-30,706.4465701601921,707.8897705078125,706.4465701601921,707.8897705078125,400,0.0,0
2006-07-03,707.168212890625,708.6114133250957,707.168212890625,707.168212890625,1700,0.0,0
2006-07-04,707.8898131078603,710.0546137595663,706.4466126733896,707.168212890625,4400,0.0,0
2006-07-05,721.6000095490487,721.6000095490487,707.8896093676167,715.8272094726562,10600,0.0,0
2006-07-06,710.7760726102648,711.4976726839808,706.4464721679688,706.4464721679688,2900,0.0,0
2006-07-07,710.7761544892281,725.2081576260653,710.7761544892281,714.3841552734375,8900,0.0,0
2006-07-10,714.3841720721043,714.3841720721043,707.8897705078125,707.8897705078125,1800,0.0,0
2006-07-11,705.0032422942004,705.7248423374903,693.4576416015625,693.4576416015625,4400,0.0,0
2006-07-12,693.4577211629825,694.1793212890625,693.4577211629825,694.1793212890625,300,0.0,0
2006-07-13,689.8497216952875,689.8497216952875,656.6561158396565,677.58251953125,8800,0.0,0
2006-07-14,681.1905046452703,681.1905046452703,666.0369023173564,667.4801025390625,3900,0.0,0
2006-07-17,667.4801025390625,667.4801025390625,667.4801025390625,667.4801025390625,0,0.0,0
2006-07-18,685.5202063735651,721.6002172353317,685.5202063735651,707.168212890625,8500,0.0,0
2006-07-19,706.4465459241364,706.4465459241364,679.025740260074,685.5201416015625,10600,0.0,0
2006-07-20,707.168212890625,707.168212890625,707.168212890625,707.168212890625,500,0.0,0
2006-07-21,699.2305908203125,699.2305908203125,699.2305908203125,699.2305908203125,100,0.0,0
2006-07-24,699.9520582932691,703.56005859375,699.9520582932691,703.56005859375,1900,0.0,0
2006-07-25,710.7762139768016,710.7762139768016,706.4466126733896,707.168212890625,16100,0.0,0
2006-07-26,705.7248587740385,707.1680588942307,703.56005859375,703.56005859375,13100,0.0,0
2006-07-27,717.992216149155,717.992216149155,707.168212890625,707.168212890625,2200,0.0,0
2006-07-28,707.168212890625,707.168212890625,707.168212890625,707.168212890625,300,0.0,0
2006-07-31,706.4464721679688,706.4464721679688,706.4464721679688,706.4464721679688,100,0.0,0
2006-08-01,699.9521484375,699.9521484375,699.9521484375,699.9521484375,0,0.0,0
2006-08-02,699.9520582932691,703.56005859375,699.9520582932691,703.56005859375,700,0.0,0
2006-08-03,703.5599579682221,720.8783569335938,703.5599579682221,720.8783569335938,900,0.0,0
2006-08-04,710.7761598474839,754.0721695843864,710.7761598474839,736.0321655273438,8600,0.0,0
2006-08-07,750.4641892352691,754.072190145054,736.0321855961294,743.9697875976562,12500,0.0,0
2006-08-08,734.5889763766256,735.3105765498836,728.8161749905618,731.7025756835938,2600,0.0,0
2006-08-09,732.4240695327076,732.4240695327076,715.1056678885844,725.2080688476562,1900,0.0,0
2006-08-10,721.6002807617188,721.6002807617188,721.6002807617188,721.6002807617188,100,0.0,0
2006-08-11,717.992102528288,725.2081035587231,717.992102528288,719.435302734375,2200,0.0,0
2006-08-14,717.9921916643132,718.7137918569406,707.8897889675288,708.6113891601562,2300,0.0,0
2006-08-15,709.3329597017081,712.2193603515625,709.3329597017081,712.2193603515625,1000,0.0,0
2006-08-16,710.7760196089987,712.2192196488139,710.054419589091,711.4976196289062,2600,0.0,0
2006-08-17,721.6000872250127,722.3216873122377,709.3328857421875,709.3328857421875,10200,0.0,0
2006-08-18,721.6000009914341,721.6000009914341,710.7760009765625,710.7760009765625,1900,0.0,0
2006-08-21,710.7760351487533,711.4976351844373,704.2816348275971,705.0032348632812,4600,0.0,0
2006-08-22,705.0033144336537,705.7249145507812,705.0033144336537,705.7249145507812,500,0.0,0
2006-08-23,707.168212890625,707.168212890625,707.168212890625,707.168212890625,200,0.0,0
2006-08-24,689.1280755840364,705.724877404385,689.1280755840364,704.2816772460938,7500,0.0,0
2006-08-25,713.6625551165956,714.3841552734375,712.9409549597538,714.3841552734375,4900,0.0,0
2006-08-28,707.168212890625,714.3842150629783,707.168212890625,707.168212890625,2500,0.0,0
2006-08-29,706.4464009706139,710.7760009765625,705.0032009686311,710.7760009765625,1800,0.0,0
2006-08-30,710.7761897380386,714.3841907011758,708.6113891601562,708.6113891601562,3500,0.0,0
2006-08-31,707.8896855677374,709.3328857421875,707.8896855677374,709.3328857421875,300,0.0,0
2006-09-01,710.0546264648438,710.0546264648438,710.0546264648438,710.0546264648438,5000,0.0,0
2006-09-04,710.7760009765625,710.7760009765625,710.7760009765625,710.7760009765625,600,0.0,0
2006-09-05,710.7762139768016,710.7762139768016,707.168212890625,707.168212890625,400,0.0,0
2006-09-06,702.1169062731317,702.1169062731317,700.6737060546875,700.6737060546875,800,0.0,0
2006-09-07,705.0033231802641,705.0033231802641,694.1793212890625,694.1793212890625,0,0.0,0
2006-09-08,705.0032422942004,705.0032422942004,693.4576416015625,693.4576416015625,0,0.0,0
2006-09-11,699.9521168130667,699.9521168130667,696.3441162109375,696.3441162109375,900,0.0,0
2006-09-12,692.7361430921053,692.7361430921053,685.5201416015625,685.5201416015625,1600,0.0,0
2006-09-13,685.5201416015625,685.5201416015625,685.5201416015625,685.5201416015625,1100,0.0,0
2006-09-14,692.0145263671875,692.0145263671875,682.6337246541807,692.0145263671875,1800,0.0,0
2006-09-15,699.9519581837696,721.5999568904842,699.9519581837696,720.8783569335938,12200,0.0,0
2006-09-18,720.8783569335938,720.8783569335938,720.8783569335938,720.8783569335938,0,0.0,0
2006-09-19,713.662614845743,713.662614845743,703.5602118044484,707.168212890625,12300,0.0,0
2006-09-20,702.8384585336538,707.1680588942307,699.9520582932691,703.56005859375,9100,0.0,0
2006-09-21,703.56005859375,707.1680588942307,703.56005859375,703.56005859375,1400,0.0,0
2006-09-22,693.4577157292341,696.3441162109375,693.4577157292341,696.3441162109375,2000,0.0,0
2006-09-25,699.9520419911713,699.9520419911713,692.7360415582726,693.4576416015625,2900,0.0,0
2006-09-26,699.9521200997489,699.9521200997489,685.5201176234654,686.9633178710938,1200,0.0,0
2006-09-27,685.5201416015625,685.5201416015625,685.5201416015625,685.5201416015625,1200,0.0,0
2006-09-28,685.5201416015625,689.1281423468339,685.5201416015625,685.5201416015625,1600,0.0,0
2006-09-29,687.6849975585938,687.6849975585938,687.6849975585938,687.6849975585938,200,0.0,0
2006-10-02,699.9521484375,699.9521484375,692.7361469072165,699.9521484375,900,0.0,0
2006-10-03,699.9521484375,699.9521484375,699.9521484375,699.9521484375,600,0.0,0
2006-10-04,699.9521425937085,699.9521425937085,678.3041381835938,678.3041381835938,3200,0.0,0
2006-10-05,663.8720309772758,671.8096313476562,663.8720309772758,671.8096313476562,5000,0.0,0
2006-10-06,667.4801340410786,673.9745353452621,667.4801340410786,671.088134765625,1800,0.0,0
2006-10-09,671.088134765625,671.088134765625,671.088134765625,671.088134765625,0,0.0,0
2006-10-10,663.8720996627391,663.8720996627391,660.2640991210938,660.2640991210938,2000,0.0,0
2006-10-11,663.8721019847973,667.4801025390625,663.8721019847973,667.4801025390625,4300,0.0,0
2006-10-12,649.4401827725496,649.4401827725496,627.7921766801313,635.0081787109375,26700,0.0,0
2006-10-13,629.9569772893732,641.502580538663,629.9569772893732,635.0081787109375,3300,0.0,0
2006-10-16,649.4401284922725,663.8721313476562,649.4401284922725,663.8721313476562,8500,0.0,0
2006-10-17,663.8721251755618,663.8721251755618,642.22412109375,642.22412109375,1100,0.0,0
2006-10-18,649.4401245117188,649.4401245117188,649.4401245117188,649.4401245117188,0,0.0,0
2006-10-19,653.0480903255782,655.9344907248072,650.8832900261564,655.212890625,1500,0.0,0
2006-10-20,669.6451049541037,669.6451049541037,656.6562990390456,668.201904296875,1400,0.0,0
2006-10-23,663.1504917228799,663.1504917228799,649.4400898265419,655.212890625,8000,0.0,0
2006-10-24,659.5425216805221,699.9521291357839,656.6561211480034,675.417724609375,10800,0.0,0
2006-10-25,718.7137484580592,718.7137484580592,685.5201416015625,685.5201416015625,20000,0.0,0
2006-10-26,692.0143871166089,692.0143871166089,679.7471873449902,681.9119873046875,4600,0.0,0
2006-10-27,679.0257383305975,680.4689386246052,678.3041381835938,678.3041381835938,3400,0.0,0
2006-10-30,678.3040316506948,681.1904317853787,671.8096313476562,671.8096313476562,2000,0.0,0
2006-10-31,679.0257066369694,679.0257066369694,664.5937043705088,674.6961059570312,1300,0.0,0
2006-11-01,674.6961596916461,674.6961596916461,664.5937573005413,669.6449584960938,2500,0.0,0
2006-11-02,669.6447818153783,669.6447818153783,658.0991821289062,658.0991821289062,2600,0.0,0
2006-11-03,658.0991821289062,658.0991821289062,658.0991821289062,658.0991821289062,0,0.0,0
2006-11-06,658.0991821289062,658.0991821289062,656.6559821680972,658.0991821289062,1500,0.0,0
2006-11-07,652.3265605293582,653.0481607069349,643.6673583984375,643.6673583984375,12400,0.0,0
2006-11-08,615.5249648641187,627.7921681498045,614.803364670843,622.740966796875,17800,0.0,0
2006-11-09,620.5760311886096,620.5760311886096,614.0816308622171,619.8544311523438,14400,0.0,0
2006-11-10,615.5248891877623,616.24648929232,611.1952885604157,612.6384887695312,10000,0.0,0
2006-11-13,612.6384894345632,612.6384894345632,570.0640832194405,596.0416870117188,18400,0.0,0
2006-11-14,598.9281048943014,613.360107421875,598.9281048943014,613.360107421875,5300,0.0,0
2006-11-15,622.0191922593391,627.7919921875,621.297592268319,627.7919921875,19000,0.0,0
2006-11-16,642.2240680197011,649.4400687839674,642.2240680197011,647.2752685546875,9100,0.0,0
2006-11-17,640.0593744193711,644.388975599209,636.4513734361728,637.1729736328125,5700,0.0,0
2006-11-20,635.0081715796821,635.0081715796821,629.9569702148438,629.9569702148438,6000,0.0,0
2006-11-21,623.4625392936391,627.792140260956,609.7521362304688,609.7521362304688,3300,0.0,0
2006-11-22,618.4111923042385,628.5135921785202,611.1951923940373,627.7919921875,12600,0.0,0
2006-11-23,627.7919921875,627.7919921875,627.7919921875,627.7919921875,0,0.0,0
2006-11-24,642.22412109375,642.22412109375,624.1841176922402,642.22412109375,11600,0.0,0
2006-11-27,642.2241489955356,642.9457491629464,631.400146484375,631.400146484375,3200,0.0,0
2006-11-28,635.0080913578698,635.0080913578698,628.513690423528,629.2352905273438,300,0.0,0
2006-11-29,627.7921383062267,627.7921383062267,616.9681359216365,626.3489379882812,2400,0.0,0
2006-11-30,635.008104576912,642.224105765286,622.0193024378389,632.1217041015625,12600,0.0,0
2006-12-01,635.0079769269056,635.0079769269056,632.1215770317833,634.286376953125,3300,0.0,0
2006-12-04,633.5649783047762,635.0081787109375,627.0705764770507,635.0081787109375,5000,0.0,0
2006-12-05,640.7809504104873,642.2241507492497,634.2865488860567,638.6161499023438,18200,0.0,0
2006-12-06,638.6159579683273,638.6159579683273,633.5647583007812,633.5647583007812,16600,0.0,0
2006-12-07,641.5025229899089,649.4401245117188,641.5025229899089,649.4401245117188,22300,0.0,0
2006-12-08,685.5199723217369,685.5199723217369,653.0479736328125,653.0479736328125,21700,0.0,0
2006-12-11,685.5200619793039,685.5200619793039,662.42885989158,684.7984619140625,4700,0.0,0
2006-12-12,684.7985414525082,685.5201416015625,681.9121408562911,685.5201416015625,10200,0.0,0
2006-12-13,685.5201264731904,685.5201264731904,668.2017232780782,675.417724609375,2200,0.0,0
2006-12-14,684.7985414525082,685.5201416015625,678.3041401110197,685.5201416015625,6300,0.0,0
2006-12-15,699.2305444335938,699.952144582648,685.5201416015625,685.5201416015625,13600,0.0,0
2006-12-18,701.3954111527423,707.8898131078603,699.9522107182717,707.168212890625,4100,0.0,0
2006-12-19,707.8898325899895,715.8274351980323,707.1682323528947,715.1058349609375,9800,0.0,0
2006-12-20,716.5490787963868,722.3218810424804,710.776276550293,721.6002807617188,23000,0.0,0
2006-12-21,721.6001030435056,721.6001030435056,719.435302734375,719.435302734375,3600,0.0,0
2006-12-22,720.1569565281723,720.1569565281723,700.6737522934422,714.3841552734375,5500,0.0,0
2006-12-25,721.6000185577298,721.6000185577298,691.2928177783051,694.9008178710938,6500,0.0,0
2006-12-26,709.3329183786027,709.3329183786027,694.9009159700859,696.3441162109375,4300,0.0,0
2006-12-27,709.3329432230877,718.7137451171875,709.3329432230877,718.7137451171875,1100,0.0,0
2006-12-28,720.1568575098447,720.8784575674698,703.5600561844675,712.9408569335938,1600,0.0,0
2006-12-29,705.7249145507812,705.7249145507812,705.7249145507812,705.7249145507812,200,0.0,0
2007-01-04,691.2930081114476,707.168212890625,691.2930081114476,707.168212890625,1200,0.0,0
2007-01-05,707.1681180173251,707.1681180173251,694.17931584966,696.3441162109375,2500,0.0,0
2007-01-09,710.7760595654199,720.1568603515625,703.5600589606948,720.1568603515625,4100,0.0,0
2007-01-10,720.1570802001953,721.6002807617188,715.1058782348633,721.6002807617188,73200,0.0,0
2007-01-11,720.8785160762089,722.3217163085938,718.7137157276318,722.3217163085938,37100,0.0,0
2007-01-12,722.3217108981067,725.2081113412561,722.3217108981067,724.4865112304688,14500,0.0,0
2007-01-15,724.4864687791511,725.2080688476562,721.6000685051306,725.2080688476562,50300,0.0,0
2007-01-16,725.2080741471159,725.9296742208942,707.8896723764385,723.0432739257812,23400,0.0,0
2007-01-17,721.6002807617188,721.6002807617188,709.3330759887696,721.6002807617188,14800,0.0,0
2007-01-18,721.6000872250127,722.3216873122377,709.3328857421875,709.3328857421875,14800,0.0,0
2007-01-19,720.878680480957,721.6002807617188,720.1570802001953,721.6002807617188,12100,0.0,0
2007-01-22,721.5999430747488,723.0431429608983,699.9519447825063,717.991943359375,12400,0.0,0
2007-01-23,714.3840009815196,721.6000009914341,710.7760009765625,710.7760009765625,8400,0.0,0
2007-01-24,714.3841552734375,720.1569565281723,714.3841552734375,714.3841552734375,5500,0.0,0
2007-01-25,707.1681537050189,714.3841552734375,707.1681537050189,714.3841552734375,13400,0.0,0
2007-01-26,714.3842292161347,717.9922303737919,679.0258178710938,679.0258178710938,13200,0.0,0
2007-01-29,692.0146668116251,703.5602712631226,689.1282656987509,692.7362670898438,8300,0.0,0
2007-01-30,694.179234328021,705.7248348989652,694.179234328021,705.0032348632812,13600,0.0,0
2007-01-31,710.0546137595663,710.0546137595663,705.003412238919,707.168212890625,3100,0.0,0
2007-02-01,707.1681887749014,714.3841907011758,707.1681887749014,708.6113891601562,6300,0.0,0
2007-02-02,710.7760009765625,714.3840009815196,707.1680009716054,710.7760009765625,10100,0.0,0
2007-02-05,711.4977601890989,730.9809645756158,710.0545598641717,712.2193603515625,29600,0.0,0
2007-02-06,714.3841608389532,717.9921616512712,709.3329597017081,712.2193603515625,18700,0.0,0
2007-02-07,719.4353619761984,721.6001624635892,710.0545598641717,712.2193603515625,8000,0.0,0
2007-02-08,712.2193603515625,714.3841608389532,711.4977601890989,712.2193603515625,2300,0.0,0
2007-02-09,714.3839436440013,717.991943359375,714.3839436440013,717.991943359375,1700,0.0,0
2007-02-13,721.6002807617188,721.6002807617188,717.2706790771484,721.6002807617188,7100,0.0,0
2007-02-14,721.6002807617188,721.6002807617188,718.7138796386719,721.6002807617188,3500,0.0,0
2007-02-15,721.6002807617188,721.6002807617188,718.7138796386719,721.6002807617188,17100,0.0,0
2007-02-16,721.6002807617188,721.6002807617188,712.2194771118164,721.6002807617188,10800,0.0,0
2007-02-19,721.6002807617188,721.6002807617188,720.1570802001953,721.6002807617188,13300,0.0,0
2007-02-20,721.5999568904842,721.5999568904842,717.9919571060318,720.8783569335938,4200,0.0,0
2007-02-21,721.6002807617188,722.3218810424804,717.9922793579102,721.6002807617188,38200,0.0,0
2007-02-22,721.6002807617188,722.3218810424804,720.878680480957,721.6002807617188,29600,0.0,0
2007-02-23,715.8273323170732,743.9697375190549,715.8273323170732,739.64013671875,37300,0.0,0
2007-02-26,757.6803282231235,757.6803282231235,746.1347232216283,754.0723266601562,10300,0.0,0
2007-02-27,754.0723023510252,756.2371032190185,752.6291017723629,755.5155029296875,5100,0.0,0
2007-02-28,721.6000533954616,748.2992553710938,721.6000533954616,748.2992553710938,16000,0.0,0
2007-03-01,750.4640632651812,750.4640632651812,736.753662109375,736.753662109375,3800,0.0,0
2007-03-02,736.7537123281744,754.0721149686017,736.7537123281744,741.0833129882812,5500,0.0,0
2007-03-05,741.0834883422851,741.0834883422851,720.878680480957,721.6002807617188,9400,0.0,0
2007-03-06,720.8785623011256,720.8785623011256,710.7761600266354,712.2193603515625,4300,0.0,0
2007-03-07,720.1568603515625,725.2080607748701,719.43526029109,720.1568603515625,10800,0.0,0
2007-03-08,720.1568009894512,721.6000009914341,707.1680009716054,710.7760009765625,4600,0.0,0
2007-03-09,711.4976094153619,721.6000095490487,711.4976094153619,715.8272094726562,21500,0.0,0
2007-03-12,715.8271696451654,715.8271696451654,692.7359706243536,697.7871704101562,9900,0.0,0
2007-03-13,699.9521012010383,699.9521012010383,685.5200991144189,686.24169921875,10300,0.0,0
2007-03-14,664.5937622325157,701.3953712160752,663.8721620563674,691.29296875,13500,0.0,0
2007-03-15,700.6738234729302,710.0546264648438,694.1794214016054,710.0546264648438,9600,0.0,0
2007-03-16,710.0546264648438,710.7762266949909,703.560224393519,710.0546264648438,10900,0.0,0
2007-03-19,717.9919695533665,717.9919695533665,697.7871704101562,697.7871704101562,3200,0.0,0
2007-03-20,698.5088844338122,709.3328857421875,698.5088844338122,709.3328857421875,600,0.0,0
2007-03-22,709.332688799556,709.332688799556,689.8494918538917,697.0654907226562,6100,0.0,0
2007-03-23,704.2817120512655,704.2817120512655,689.1281096403264,698.5089111328125,6300,0.0,0
2007-03-26,699.951890270162,699.951890270162,693.457491288274,697.0654907226562,4600,0.0,0
2007-03-27,693.4577266307269,693.4577266307269,692.0145263671875,692.0145263671875,3100,0.0,0
2007-03-28,692.0145154883825,699.9521168130667,687.6849147658274,696.3441162109375,4100,0.0,0
2007-03-29,694.1792416448524,695.6224417314321,692.7360415582726,693.4576416015625,1800,0.0,0
2007-03-30,692.7360415582726,693.4576416015625,692.7360415582726,693.4576416015625,6900,0.0,0
2007-04-02,696.3439870360037,696.3439870360037,681.9119873046875,681.9119873046875,2500,0.0,0
2007-04-03,675.417724609375,681.1905256744124,672.5313240768563,675.417724609375,2000,0.0,0
2007-04-04,678.3041065236464,678.3041065236464,674.6961059570312,674.6961059570312,2000,0.0,0
2007-04-05,674.6961059570312,674.6961059570312,674.6961059570312,674.6961059570312,1300,0.0,0
2007-04-06,674.6960873981615,674.6960873981615,673.9744873046875,673.9744873046875,1100,0.0,0
2007-04-09,673.9745353452621,692.7361391129032,664.5937334614415,671.088134765625,8000,0.0,0
2007-04-10,673.2528685852722,678.3040690998454,656.6560668945312,656.6560668945312,8900,0.0,0
2007-04-11,660.2641265869141,660.2641265869141,649.4401245117188,649.4401245117188,11300,0.0,0
2007-04-12,649.440122454354,649.440122454354,635.0081197331461,642.22412109375,5500,0.0,0
2007-04-13,644.3889215019312,644.3889215019312,638.616120413448,642.22412109375,18700,0.0,0
2007-04-16,649.4400661594265,660.2640672620836,649.4400661594265,656.6560668945312,13500,0.0,0
2007-04-17,661.7071820309288,661.7071820309288,642.2239825600072,658.0991821289062,4100,0.0,0
2007-04-18,656.6560985794483,660.2640991210938,649.4400974961577,660.2640991210938,8600,0.0,0
2007-04-19,660.2642454583961,660.2642454583961,650.883441971009,658.821044921875,14700,0.0,0
2007-04-20,658.0992987961065,662.4288994460809,657.3776986877774,660.2640991210938,7400,0.0,0
2007-04-23,660.2640672620836,662.428867482615,656.6560668945312,656.6560668945312,9100,0.0,0
2007-04-24,656.6560668945312,658.8208671150626,649.4400661594265,656.6560668945312,8800,0.0,0
2007-04-25,658.820883222743,658.820883222743,649.4400820377532,650.1616821289062,4700,0.0,0
2007-04-26,649.4401059771274,649.4401059771274,647.9969057416226,648.718505859375,8800,0.0,0
2007-04-27,649.4402709145323,649.4402709145323,642.2242679043709,647.9970703125,2400,0.0,0
2007-05-01,647.9969057416226,650.8833062126321,645.8321053883656,648.718505859375,2800,0.0,0
2007-05-02,649.4401541768506,649.4401541768506,642.2241524637744,645.8321533203125,1900,0.0,0
2007-05-07,645.8320551036053,649.4400554114467,640.059254611059,644.3888549804688,7500,0.0,0
2007-05-08,637.894666098274,647.9970703125,637.894666098274,647.9970703125,4300,0.0,0
2007-05-09,645.8321702668683,645.8321702668683,639.3377685546875,639.3377685546875,12200,0.0,0
2007-05-10,640.0594172402034,641.5026177300348,636.451416015625,636.451416015625,2100,0.0,0
2007-05-11,625.6273378293085,627.7921383062267,625.6273378293085,626.3489379882812,3300,0.0,0
2007-05-14,631.4001335205359,633.5649339783206,628.5137329101562,628.5137329101562,11000,0.0,0
2007-05-15,629.2353330627512,631.4001335205359,622.0193315368022,628.5137329101562,12300,0.0,0
2007-05-16,620.5761558131168,620.5761558131168,603.2577514648438,603.2577514648438,4800,0.0,0
2007-05-17,609.7521530954461,609.7521530954461,603.2577514648438,603.2577514648438,3200,0.0,0
2007-05-18,596.763316666746,596.763316666746,591.7121156792402,592.4337158203125,9100,0.0,0
2007-05-21,591.7119814744636,592.4335814518714,578.7231818811217,580.1663818359375,6200,0.0,0
2007-05-22,587.3823816100163,591.7119814744636,579.4447818585296,580.1663818359375,27400,0.0,0
2007-05-23,583.7744750976562,588.1040756546228,581.6096748191729,583.7744750976562,9000,0.0,0
2007-05-24,583.0528750048285,584.496075190484,570.7856734267566,583.7744750976562,23700,0.0,0
2007-05-25,578.0017700195312,580.1665706563085,573.6721687459767,578.0017700195312,15600,0.0,0
2007-05-28,584.4961858644076,588.1041870117188,584.4961858644076,588.1041870117188,6100,0.0,0
2007-05-29,588.1039006102319,593.1550997565774,588.1039006102319,588.8255004882812,10100,0.0,0
2007-05-30,590.2688915303672,593.8768920898438,589.5472914184719,593.8768920898438,8100,0.0,0
2007-05-31,590.2688915303672,594.5984922017391,589.5472914184719,593.8768920898438,14700,0.0,0
2007-06-01,593.1551988223946,595.3199988180967,590.268798828125,590.268798828125,47200,0.0,0
2007-06-04,591.7119988252598,592.4335988238272,590.268798828125,590.268798828125,8800,0.0,0
2007-06-05,591.712158203125,593.876958781917,591.712158203125,591.712158203125,13200,0.0,0
2007-06-06,592.4337287671638,603.9793312766335,592.4337287671638,595.3201293945312,25700,0.0,0
2007-06-07,591.7121156792402,592.4337158203125,591.7121156792402,592.4337158203125,33500,0.0,0
2007-06-08,591.712158203125,592.4337583960556,591.712158203125,591.712158203125,15000,0.0,0
2007-06-11,590.9905580101944,593.876958781917,590.9905580101944,591.712158203125,21800,0.0,0
2007-06-12,591.712158203125,606.1441620617378,586.6609568526105,591.712158203125,48900,0.0,0
2007-06-13,591.712158203125,598.9281601324315,590.9905580101944,591.712158203125,21500,0.0,0
2007-06-14,594.5983921846897,601.8143920898438,591.7119922226282,601.8143920898438,36900,0.0,0
2007-06-15,602.5361033848353,606.1441040039062,598.9281027657645,606.1441040039062,28300,0.0,0
2007-06-18,614.0817371977857,616.9681378426636,609.7521362304688,609.7521362304688,18200,0.0,0
2007-06-19,609.7521362304688,611.1953365529077,609.7521362304688,609.7521362304688,3300,0.0,0
2007-06-20,623.4624819364162,624.18408203125,618.4112812725796,624.18408203125,8900,0.0,0
2007-06-21,627.7921383062267,627.7921383062267,625.6273378293085,626.3489379882812,5300,0.0,0
2007-06-22,636.4513734361728,637.1729736328125,626.3489706832177,637.1729736328125,7000,0.0,0
2007-06-25,647.2753132194873,653.7697143554688,647.2753132194873,653.7697143554688,8000,0.0,0
2007-06-26,659.5424990127647,660.2640991210938,653.048098037803,660.2640991210938,22900,0.0,0
2007-06-27,646.5537109375,646.5537109375,646.5537109375,646.5537109375,9400,0.0,0
2007-06-28,649.4401245117188,653.0481252034506,649.4401245117188,649.4401245117188,1600,0.0,0
2007-06-29,660.9856992294227,660.9856992294227,660.2640991210938,660.2640991210938,11300,0.0,0
2007-07-02,651.6049249267578,651.6049249267578,647.9969242350261,649.4401245117188,3500,0.0,0
2007-07-03,650.1618417027485,658.821044921875,650.1618417027485,658.821044921875,9800,0.0,0
2007-07-04,670.3665194448946,678.3041208592044,660.9857177734375,660.9857177734375,18900,0.0,0
2007-07-05,660.9857177734375,660.9857177734375,660.9857177734375,660.9857177734375,6500,0.0,0
2007-07-06,660.9857177734375,660.9857177734375,660.9857177734375,660.9857177734375,13500,0.0,0
2007-07-09,657.3777260335287,663.8721272786458,649.4401245117188,649.4401245117188,2900,0.0,0
2007-07-10,650.1616662329369,656.6560668945312,650.1616662329369,656.6560668945312,6000,0.0,0
2007-07-11,651.6048663799579,656.6560668945312,651.6048663799579,656.6560668945312,300,0.0,0
2007-07-12,663.8720676296359,663.8720676296359,653.0480665269788,656.6560668945312,13200,0.0,0
2007-07-13,652.3265250651042,654.4913254801432,649.4401245117188,649.4401245117188,3200,0.0,0
2007-07-17,657.3775734580024,659.5423733705974,653.0479736328125,653.0479736328125,2700,0.0,0
2007-07-18,653.7695736036775,653.7695736036775,653.0479736328125,653.0479736328125,19300,0.0,0
2007-07-19,654.4912905251928,655.212890625,653.7696904253854,655.212890625,4100,0.0,0
2007-07-20,662.428955078125,662.428955078125,655.2129533888208,662.428955078125,10400,0.0,0
2007-07-23,648.7184687075408,648.7184687075408,647.2752685546875,647.2752685546875,9000,0.0,0
2007-07-24,647.2753110613141,647.2753110613141,646.5537109375,646.5537109375,8100,0.0,0
2007-07-25,647.9969594638978,647.9969594638978,643.6673583984375,643.6673583984375,9500,0.0,0
2007-07-26,642.2241395892519,642.9457397460938,642.2241395892519,642.9457397460938,12600,0.0,0
2007-07-27,632.84326171875,632.84326171875,632.84326171875,632.84326171875,1300,0.0,0
2007-07-30,629.2353770862926,640.7809803355824,628.513776883212,635.0081787109375,5300,0.0,0
2007-07-31,632.8431921246408,634.2863921066811,627.7919921875,627.7919921875,6100,0.0,0
2007-08-01,624.9057029131884,632.1217041015625,624.9057029131884,632.1217041015625,3900,0.0,0
2007-08-02,630.6785389421173,631.40013910109,624.905737670336,626.3489379882812,9100,0.0,0
2007-08-03,627.0704824105853,628.5136826002529,624.18408203125,624.18408203125,7600,0.0,0
2007-08-06,616.9680519509344,616.9680519509344,611.1952514648438,611.1952514648438,6700,0.0,0
2007-08-07,600.3713008283132,600.3713008283132,598.9281005859375,598.9281005859375,7400,0.0,0
2007-08-08,598.9281005859375,608.3089021613799,592.4336994952466,598.9281005859375,109800,0.0,0
2007-08-09,599.6496501292997,600.3712501896238,594.5984497070312,594.5984497070312,13500,0.0,0
2007-08-10,583.0528378398002,585.939238027126,582.3312377929688,582.3312377929688,12000,0.0,0
2007-08-13,576.5585753170769,577.2801755364975,575.8369750976562,575.8369750976562,4500,0.0,0
2007-08-14,577.2800903320312,578.7232905578613,575.8368901062012,577.2800903320312,13300,0.0,0
2007-08-15,576.5584902191162,578.0016904449462,575.8368901062012,577.2800903320312,7700,0.0,0
2007-08-16,576.5584902191162,577.2800903320312,573.672089767456,577.2800903320312,13300,0.0,0
2007-08-17,562.8480880737304,577.2800903320312,562.8480880737304,577.2800903320312,13800,0.0,0
2007-08-20,578.001600485855,598.2064005028387,577.2800004852485,580.8880004882812,5300,0.0,0
2007-08-21,581.6095617203072,648.7183573034196,580.8879617678006,633.5647583007812,7600,0.0,0
2007-08-22,632.8431583482746,633.5647583007812,632.121558395768,633.5647583007812,10500,0.0,0
2007-08-23,620.5760683085584,637.8944702148438,613.3600675142728,637.8944702148438,1300,0.0,0
2007-08-24,649.4401541768506,649.4401541768506,624.9057483523918,645.8321533203125,5300,0.0,0
2007-08-27,643.6673343666981,645.1105346679688,641.5025339147923,645.1105346679688,10900,0.0,0
2007-08-28,632.1217041015625,635.008104576912,632.1217041015625,632.1217041015625,800,0.0,0
2007-08-29,619.1328735351562,619.1328735351562,619.1328735351562,619.1328735351562,100,0.0,0
2007-08-30,619.13298740455,619.13298740455,606.8657836914062,606.8657836914062,1000,0.0,0
2007-08-31,608.3089043753488,608.3089043753488,606.1441040039062,606.1441040039062,6300,0.0,0
2007-09-03,613.360107421875,613.360107421875,600.3713051470588,613.360107421875,2000,0.0,0
2007-09-04,596.0417994826053,615.5250060032231,596.0417994826053,614.8034057617188,3500,0.0,0
2007-09-05,614.8034057617188,614.8034057617188,614.8034057617188,614.8034057617188,2800,0.0,0
2007-09-06,601.8143920898438,601.8143920898438,601.8143920898438,601.8143920898438,100,0.0,0
2007-09-07,601.0929843313326,621.2977905273438,598.9281836674742,621.2977905273438,2500,0.0,0
2007-09-10,602.535888671875,602.535888671875,602.535888671875,602.535888671875,100,0.0,0
2007-09-11,595.3201648800872,620.576171875,595.3201648800872,620.576171875,1700,0.0,0
2007-09-12,627.0704824105853,627.7920825054191,614.8032807984105,624.18408203125,700,0.0,0
2007-09-13,622.7408633055511,623.4624633789062,622.7408633055511,623.4624633789062,700,0.0,0
2007-09-14,621.2977748524058,635.0081787109375,621.2977748524058,635.0081787109375,2200,0.0,0
2007-09-18,641.5024887286619,655.212890625,631.4000873313602,655.212890625,14100,0.0,0
2007-09-19,652.3263973603614,652.3263973603614,651.6047973632812,651.6047973632812,1700,0.0,0
2007-09-20,640.7809642185674,640.7809642185674,617.6897583007812,617.6897583007812,2200,0.0,0
2007-09-21,602.5361272770921,604.700927734375,602.5361272770921,604.700927734375,1100,0.0,0
2007-09-25,641.0848214285714,641.0848214285714,616.34375,616.34375,2800,7.0,0
2007-09-26,616.343758688534,618.5267944335938,615.6160801068474,618.5267944335938,1900,0.0,0
2007-09-27,618.526847476051,625.8036339169457,592.33041628883,611.2500610351562,6000,0.0,0
2007-09-28,622.1651611328125,622.1651611328125,622.1651611328125,622.1651611328125,500,0.0,0
2007-10-01,599.6071866663491,602.5179011647294,595.2411149187786,596.6964721679688,8500,0.0,0
2007-10-02,598.8795080417541,598.8795080417541,596.6964721679688,596.6964721679688,2700,0.0,0
2007-10-03,596.6963844910797,597.4240630087518,589.4195993143592,590.1472778320312,4700,0.0,0
2007-10-04,584.325927734375,584.325927734375,582.8705705046505,584.325927734375,5800,0.0,0
2007-10-05,585.7813201028013,585.7813201028013,582.87060546875,582.87060546875,7000,0.0,0
2007-10-09,583.5982841272628,584.3259627857757,582.87060546875,582.87060546875,5200,0.0,0
2007-10-10,588.6920170581845,588.6920170581845,583.5982666015625,583.5982666015625,6000,0.0,0
2007-10-11,584.3258842025022,588.6919555664062,582.8705270812007,588.6919555664062,4900,0.0,0
2007-10-12,587.2367566680908,587.2367566680908,578.5046115875244,582.1430053710938,10600,0.0,0
2007-10-15,582.87060546875,582.87060546875,582.1429268102372,582.87060546875,7400,0.0,0
2007-10-16,581.41523968307,581.41523968307,580.6875610351562,580.6875610351562,5500,0.0,0
2007-10-17,579.2322739762083,579.2322739762083,577.0492377677552,577.7769165039062,14100,0.0,0
2007-10-18,574.8661499023438,575.5938285731062,574.8661499023438,574.8661499023438,4700,0.0,0
2007-10-19,560.3125688601763,577.0491780598958,560.3125688601763,567.58935546875,3500,0.0,0
2007-10-22,567.5893394068668,567.5893394068668,553.0357666015625,553.0357666015625,3200,0.0,0
2007-10-23,553.7634452418276,553.7634452418276,553.0357666015625,553.0357666015625,6500,0.0,0
2007-10-24,553.7634370930989,553.7634370930989,545.7589721679688,545.7589721679688,4100,0.0,0
2007-10-25,553.035749769913,553.035749769913,543.575927734375,543.575927734375,3700,0.0,0
2007-10-26,543.5757792018404,543.5757792018404,542.1204223632812,542.1204223632812,1400,0.0,0
2007-10-29,542.1204997757823,542.1204997757823,522.4731796496801,526.111572265625,6600,0.0,0
2007-10-30,529.0221729961637,529.0221729961637,527.5668162616488,528.2944946289062,8100,0.0,0
2007-10-31,529.0223823798882,536.2991689325689,524.6563104482798,529.7500610351562,3500,0.0,0
2007-11-01,529.0223214285714,529.0223214285714,524.65625,524.65625,1300,0.0,0
2007-11-02,523.9287102409504,523.9287102409504,510.10281372070307,510.1028137207031,7400,0.0,0
2007-11-05,510.8305020434955,510.8305020434955,506.46442937645713,507.1921081542969,14400,0.0,0
2007-11-06,521.7455874528556,527.5670166015625,516.6518369477371,527.5670166015625,7300,0.0,0
2007-11-07,513.7410188894693,516.6517328775116,511.5579833984375,511.5579833984375,7900,0.0,0
2007-11-08,514.4687063417083,514.4687063417083,513.7410278320312,513.7410278320312,6200,0.0,0
2007-11-09,507.91961669921875,507.91961669921875,507.91961669921875,507.91961669921875,600,0.0,0
2007-11-12,505.73668212002195,505.73668212002195,486.08935777866856,499.9152526855469,3600,0.0,0
2007-11-13,494.8213639370231,500.6427917480469,494.8213639370231,500.6427917480469,4400,0.0,0
2007-11-14,499.18756739656686,516.65185546875,499.18756739656686,516.65185546875,2300,0.0,0
2007-11-15,516.65185546875,516.65185546875,513.0134621203784,516.65185546875,19100,0.0,0
2007-11-16,521.7454922993977,523.9285278320312,516.651742723253,523.9285278320312,8300,0.0,0
2007-11-19,526.1115548992684,531.2053043934523,526.1115548992684,526.8392333984375,1900,0.0,0
2007-11-20,515.9241851763838,518.8348999023438,515.9241851763838,518.8348999023438,600,0.0,0
2007-11-21,513.01335747808,513.01335747808,505.736572265625,505.736572265625,800,0.0,0
2007-11-22,504.28121948242193,504.28121948242193,504.28121948242193,504.2812194824219,3600,0.0,0
2007-11-26,504.28121948242193,509.37496917416354,504.28121948242193,504.2812194824219,2000,0.0,0
2007-11-27,502.09829711914057,502.09829711914057,502.09829711914057,502.0982971191406,700,0.0,0
2007-11-28,503.5535847383387,504.2812633290011,494.8214416503907,494.8214416503906,2400,0.0,0
2007-11-29,497.73215601304,498.45983460370235,494.8214416503907,494.8214416503906,4400,0.0,0
2007-11-30,494.8214416503907,494.8214416503907,494.8214416503907,494.8214416503906,4400,0.0,0
2007-12-03,499.18747321740904,499.18747321740904,487.54461669921875,487.54461669921875,11400,0.0,0
2007-12-04,493.3660888671875,493.3660888671875,493.3660888671875,493.3660888671875,2500,0.0,0
2007-12-05,486.0893379519339,487.5446952511912,486.0893379519339,486.8170166015625,8800,0.0,0
2007-12-06,488.27229523160565,491.1830093611532,487.54461669921875,487.54461669921875,4100,0.0,0
2007-12-07,495.54894464255796,496.27662297536637,491.9105529785157,491.9105529785156,25600,0.0,0
2007-12-10,490.4553744785905,493.3660888671875,490.4553744785905,493.3660888671875,9900,0.0,0
2007-12-11,495.5491246586352,495.5491246586352,493.3660888671875,493.3660888671875,3000,0.0,0
2007-12-12,493.366010483305,495.5490459279214,493.366010483305,494.09368896484375,9100,0.0,0
2007-12-13,494.8214851637068,495.5491638183594,494.8214851637068,495.5491638183594,5000,0.0,0
2007-12-14,505.0089771577042,505.0089771577042,497.00451210189044,498.4598693847656,10900,0.0,0
2007-12-17,503.55346679687506,504.2811452171017,503.55346679687506,503.553466796875,8300,0.0,0
2007-12-18,506.46441918873717,506.46441918873717,494.0938802142996,496.27691650390625,10600,0.0,0
2007-12-19,509.3749084472656,510.1025868879046,505.0088378034319,509.3749084472656,25800,0.0,0
2007-12-20,513.013427734375,513.013427734375,472.99110358488474,513.013427734375,21600,0.0,0
2007-12-21,518.8348214285714,519.5625,518.8348214285714,519.5625,7900,0.0,0
2007-12-25,531.2051676542413,537.7542724609375,519.5623146645594,537.7542724609375,11000,0.0,0
2007-12-26,541.3926640202131,541.3926640202131,537.7542724609375,537.7542724609375,4200,0.0,0
2007-12-27,529.022363688151,545.7589721679688,527.5670064290364,545.7589721679688,11600,0.0,0
2007-12-28,545.7589721679688,545.7589721679688,545.7589721679688,545.7589721679688,1000,0.0,0
2008-01-04,539.9374550713433,539.9374550713433,523.9285278320312,523.9285278320312,800,0.0,0
2008-01-07,523.9285278320312,523.9285278320312,523.9285278320312,523.9285278320312,2400,0.0,0
2008-01-08,537.7545250740976,539.9375610351562,537.7545250740976,539.9375610351562,2900,0.0,0
2008-01-09,525.3838848537869,526.1115633646647,523.9285278320312,523.9285278320312,8600,0.0,0
2008-01-10,523.9285278320312,523.9285278320312,523.9285278320312,523.9285278320312,3900,0.0,0
2008-01-11,524.6562063429091,525.3838848537869,523.9285278320312,523.9285278320312,5300,0.0,0
2008-01-15,523.9285278320312,523.9285278320312,523.9285278320312,523.9285278320312,15300,0.0,0
2008-01-16,523.9285278320312,523.9285278320312,520.2901352776421,523.9285278320312,13400,0.0,0
2008-01-17,520.2902041918611,531.2053833007812,518.1071683700771,531.2053833007812,6900,0.0,0
2008-01-18,523.9286233836207,527.5670166015625,523.9286233836207,527.5670166015625,3500,0.0,0
2008-01-21,527.5670166015625,527.5670166015625,527.5670166015625,527.5670166015625,1000,0.0,0
2008-01-22,523.2008666992188,523.9285452342663,523.2008666992188,523.2008666992188,6600,0.0,0
2008-01-23,523.2008666992188,523.2008666992188,523.2008666992188,523.2008666992188,1000,0.0,0
2008-01-24,521.7454660569725,522.47314453125,521.7454660569725,522.47314453125,500,0.0,0
2008-01-25,534.8438110351562,534.8438110351562,534.8438110351562,534.8438110351562,6200,0.0,0
2008-01-28,532.6606431711351,532.6606431711351,522.47314453125,522.47314453125,1200,0.0,0
2008-01-29,518.8348914777729,518.8348914777729,516.65185546875,516.65185546875,200,0.0,0
2008-01-30,531.2053833007812,531.2053833007812,531.2053833007812,531.2053833007812,1000,0.0,0
2008-01-31,523.2008666992188,523.2008666992188,523.2008666992188,523.2008666992188,500,0.0,0
2008-02-01,509.3749084472656,509.3749084472656,509.3749084472656,509.3749084472656,4400,0.0,0
2008-02-04,502.09829711914057,502.09829711914057,502.09829711914057,502.0982971191406,1100,0.0,0
2008-02-05,505.73651624407086,509.3749084472656,499.1874102783203,509.3749084472656,2500,0.0,0
2008-02-06,498.4598693847656,499.1875480262033,498.4598693847656,498.4598693847656,1900,0.0,0
2008-02-07,498.45988899334526,498.45988899334526,482.4509582519531,482.4509582519531,6200,0.0,0
2008-02-12,487.54461669921875,487.54461669921875,487.54461669921875,487.54461669921875,100,0.0,0
2008-02-13,492.6384582519531,492.6384582519531,492.6384582519531,492.6384582519531,100,0.0,0
2008-02-14,492.63840587840366,494.8214416503907,492.63840587840366,494.8214416503906,3600,0.0,0
2008-02-15,473.71873258813025,479.54016094558807,473.71873258813025,474.4464111328125,15400,0.0,0
2008-02-18,480.2677917480469,480.2677917480469,479.54011327570134,480.2677917480469,3700,0.0,0
2008-02-19,490.45540984970575,490.45540984970575,486.8170166015625,486.8170166015625,200,0.0,0
2008-02-20,497.73212076822915,497.73212076822915,491.18301391601557,491.1830139160156,43600,0.0,0
2008-02-21,494.8214416503907,495.549120241053,494.8214416503907,494.8214416503906,4000,0.0,0
2008-02-22,493.366084469066,494.8214416503907,493.366084469066,494.8214416503906,1400,0.0,0
2008-02-25,498.45965797379176,498.45965797379176,491.9105529785157,491.9105529785156,4100,0.0,0
2008-02-26,491.1828746457072,491.9105529785157,491.1828746457072,491.9105529785156,4600,0.0,0
2008-02-27,494.0937630597283,494.8214416503907,492.63840587840366,494.8214416503906,14900,0.0,0
2008-02-28,488.9999956532826,490.4553527832031,488.9999956532826,490.4553527832031,300,0.0,0
2008-02-29,489.7276742182429,493.3660670430441,489.7276742182429,490.4553527832031,6200,0.0,0
2008-03-03,480.9955270081488,481.72320556640625,480.9955270081488,481.72320556640625,1800,0.0,0
2008-03-04,457.7098083496094,462.0758796534212,457.7098083496094,457.7098083496094,23800,0.0,0
2008-03-05,471.5356387732164,472.26331722811335,462.0758188595562,462.8034973144531,1100,0.0,0
2008-03-06,462.80359746368833,464.9866333007812,455.52681134004547,464.98663330078125,5200,0.0,0
2008-03-07,437.334790603253,440.2455046838071,432.9687194824219,432.9687194824219,9900,0.0,0
2008-03-10,433.6965637207031,433.6965637207031,433.6965637207031,433.6965637207031,600,0.0,0
2008-03-11,426.4196604761584,426.4196604761584,422.0535888671875,422.0535888671875,600,0.0,0
2008-03-12,429.330374882139,429.330374882139,422.0535888671875,422.0535888671875,4600,0.0,0
2008-03-13,423.509033203125,423.509033203125,423.509033203125,423.509033203125,1800,0.0,0
2008-03-14,424.236572265625,432.2410358932783,423.50889375402016,424.236572265625,7000,0.0,0
2008-03-17,423.50889375402016,424.236572265625,423.50889375402016,424.236572265625,18100,0.0,0
2008-03-18,409.6830488398751,410.4107274346173,407.50001305564837,408.2276916503906,4800,0.0,0
2008-03-19,411.13848876953125,411.13848876953125,411.13848876953125,411.13848876953125,1500,0.0,0
2008-03-21,405.31690357753206,412.5936882019043,405.31690357753206,407.49993896484375,10700,0.0,0
2008-03-24,419.8705400588805,421.3258972167969,419.1428614799223,421.3258972167969,10700,0.0,0
2008-03-25,436.60722487043626,440.97329711914057,436.60722487043626,440.9732971191406,12900,0.0,0
2008-03-26,445.3903434929674,446.12652587890625,445.3903434929674,446.12652587890625,1700,7.0,0
2008-03-27,446.8627721067335,449.0713195800781,446.12658961561857,449.0713195800781,2200,0.0,0
2008-03-28,446.8626808080226,456.4330512371895,446.8626808080226,455.6968688964844,5300,0.0,0
2008-03-31,446.12657306068826,447.5989379882813,446.12657306068826,447.59893798828125,9700,0.0,0
2008-04-01,440.2371296866995,453.48841452676743,432.1391222844358,449.0713195800781,10900,0.0,0
2008-04-02,449.8073834806537,458.6415710449219,445.39028969851967,458.6415710449219,1400,0.0,0
2008-04-03,448.3350730367226,456.4330792820493,446.12652587890625,446.12652587890625,15200,0.0,0
2008-04-04,445.3903434929674,446.12652587890625,445.3903434929674,446.12652587890625,400,0.0,0
2008-04-07,448.3351370889632,449.0713195800781,448.3351370889632,449.0713195800781,1300,0.0,0
2008-04-08,446.12652587890625,446.12652587890625,446.12652587890625,446.12652587890625,600,0.0,0
2008-04-09,445.39038085937506,445.39038085937506,445.39038085937506,445.390380859375,700,0.0,0
2008-04-10,440.97328617316634,445.39038085937506,440.97328617316634,445.390380859375,2900,0.0,0
2008-04-11,449.0712517021916,450.5436164618709,449.0712517021916,449.80743408203125,8000,0.0,0
2008-04-14,449.0712517021916,449.80743408203125,449.0712517021916,449.80743408203125,3700,0.0,0
2008-04-15,446.12658961561857,449.0713195800781,446.12658961561857,449.0713195800781,12500,0.0,0
2008-04-16,449.0712930978823,449.0712930978823,445.39038085937506,445.390380859375,1300,0.0,0
2008-04-17,449.0713195800781,449.0713195800781,449.0713195800781,449.0713195800781,1200,0.0,0
2008-04-18,438.02851654762446,443.1817932128906,438.02851654762446,443.1817932128906,6800,0.0,0
2008-04-21,444.6541984116736,445.39038085937506,443.1818335162707,445.390380859375,2300,0.0,0
2008-04-22,446.86273193359375,447.5989143585256,445.3903670837302,446.86273193359375,5900,0.0,0
2008-04-23,446.862687785833,449.0712348424351,446.862687785833,448.3350524902344,9000,0.0,0
2008-04-24,448.3350321451823,450.5435791015625,445.39030287000867,450.5435791015625,9400,0.0,0
2008-04-25,453.4883286559466,454.96069335937494,450.54359924908977,454.960693359375,9000,0.0,0
2008-04-28,463.79488157994535,463.79488157994535,454.96069335937494,454.960693359375,1400,0.0,0
2008-04-30,456.433041015625,460.11395263671875,456.433041015625,460.11395263671875,1800,0.0,0
2008-05-01,462.3225402832031,462.3225402832031,462.3225402832031,462.3225402832031,100,0.0,0
2008-05-02,460.11392886822046,460.11392886822046,457.1691997234638,459.37774658203125,2500,0.0,0
2008-05-07,460.8501755052311,462.3225402832031,460.8501755052311,462.3225402832031,400,0.0,0
2008-05-08,465.2672356338863,466.00341796875,465.2672356338863,466.00341796875,1700,0.0,0
2008-05-09,463.05871582031256,467.4758100888688,461.58635106412714,463.0587158203125,3700,0.0,0
2008-05-12,460.8500061035156,460.8500061035156,460.8500061035156,460.8500061035156,500,0.0,0
2008-05-13,457.16924300193784,471.1567077636718,457.16924300193784,471.1567077636719,1000,0.0,0
2008-05-14,477.7822532476381,478.51843545603197,474.8375244140625,474.8375244140625,6600,0.0,0
2008-05-15,482.1993986187559,485.8803100585937,478.51848717891806,485.88031005859375,7300,0.0,0
2008-05-16,488.0888569224964,488.0888569224964,485.8803100585937,485.88031005859375,6200,0.0,0
2008-05-19,495.45072449737046,495.45072449737046,491.03363037109375,491.03363037109375,5600,0.0,0
2008-05-20,489.5613098144532,489.5613098144532,489.5613098144532,489.5613098144531,1900,0.0,0
2008-05-21,489.561211932147,496.92303466796875,489.561211932147,496.92303466796875,1900,0.0,0
2008-05-22,478.51847782841435,496.92303466796875,478.51847782841435,496.92303466796875,1900,0.0,0
2008-05-23,493.9783393062762,493.9783393062762,493.2421569824219,493.2421569824219,4400,0.0,0
2008-05-26,493.2421569824219,493.2421569824219,493.2421569824219,493.2421569824219,700,0.0,0
2008-05-27,480.72698974609375,480.72698974609375,480.72698974609375,480.72698974609375,200,0.0,0
2008-05-28,480.72698974609375,480.72698974609375,480.72698974609375,480.72698974609375,100,0.0,0
2008-05-29,485.1442152898115,489.5613098144532,482.93566802749064,489.5613098144531,3500,0.0,0
2008-05-30,490.2975158691406,490.2975158691406,490.2975158691406,490.2975158691406,200,0.0,0
2008-06-02,490.2975158691406,493.2422456941805,490.2975158691406,490.2975158691406,1400,0.0,0
2008-06-03,485.8803100585937,485.8803100585937,485.8803100585937,485.88031005859375,100,0.0,0
2008-06-04,496.1868896484375,496.1868896484375,496.1868896484375,496.1868896484375,300,0.0,0
2008-06-05,483.67185044826425,489.5613098144532,482.93566802749064,489.5613098144531,500,0.0,0
2008-06-06,482.93558090672343,488.82503921046396,482.93558090672343,485.88031005859375,700,0.0,0
2008-06-09,493.2421569824219,493.2421569824219,493.2421569824219,493.2421569824219,600,0.0,0
2008-06-10,479.25470301504356,482.1994323730469,479.25470301504356,482.1994323730469,400,0.0,0
2008-06-11,481.4632163307883,485.8803100585937,481.4632163307883,485.88031005859375,1100,0.0,0
2008-06-12,485.1442152898115,489.5613098144532,485.1442152898115,489.5613098144531,1600,0.0,0
2008-06-13,482.19941545469163,487.3526916503906,479.9908685136778,487.3526916503906,1200,0.0,0
2008-06-16,479.2546997070313,479.2546997070313,479.2546997070313,479.25469970703125,10700,0.0,0
2008-06-17,477.0462341308594,477.0462341308594,477.0462341308594,477.0462341308594,400,0.0,0
2008-06-18,472.6291573415867,478.51861724615475,471.8929748535157,471.8929748535156,2200,0.0,0
2008-06-19,472.6289978027343,472.6289978027343,472.6289978027343,472.6289978027344,700,0.0,0
2008-06-20,471.1567077636718,473.3652548313141,471.1567077636718,471.1567077636719,1300,0.0,0
2008-06-23,463.79490816140475,465.2672729492187,449.0712602832649,465.26727294921875,4200,0.0,0
2008-06-24,462.3225261944934,470.4205322265625,462.3225261944934,470.4205322265625,900,0.0,0
2008-06-25,463.79506941667694,467.4759826660156,463.79506941667694,467.4759826660156,7600,0.0,0
2008-06-26,467.4757758789063,467.4757758789063,452.75212939453127,460.11395263671875,3100,0.0,0
2008-06-27,452.0158996582031,452.0158996582031,452.0158996582031,452.0158996582031,200,0.0,0
2008-06-30,447.5987697292018,447.5987697292018,431.40276161400044,435.8198547363281,2300,0.0,0
2008-07-01,435.0838179950167,436.5561828613281,433.6114531287053,436.5561828613281,2500,0.0,0
2008-07-02,430.6667175292969,430.6667175292969,428.4581702599159,430.6667175292969,2000,0.0,0
2008-07-03,432.13909221830824,432.8752746582031,430.6667273385184,432.8752746582031,10000,0.0,0
2008-07-04,432.87519348144536,441.7093811035157,432.87519348144536,441.7093811035156,1900,0.0,0
2008-07-07,451.27969374545785,474.8375244140625,451.27969374545785,474.8375244140625,14900,0.0,0
2008-07-08,453.48828829251806,459.37774658203125,453.48828829251806,459.37774658203125,600,0.0,0
2008-07-09,454.96069335937494,454.96069335937494,454.96069335937494,454.960693359375,200,0.0,0
2008-07-10,452.75216674804693,452.75216674804693,452.75216674804693,452.7521667480469,100,0.0,0
2008-07-11,444.6542246333888,449.0713195800781,443.1818596511591,449.0713195800781,1000,0.0,0
2008-07-14,463.05869953424866,463.05869953424866,442.4455936726287,448.3350524902344,500,0.0,0
2008-07-15,448.33505249023443,448.33505249023443,448.33505249023443,448.3350524902344,29100,0.0,0
2008-07-16,386.49570377728406,386.49570377728406,374.7167870907383,385.759521484375,39600,0.0,0
2008-07-17,400.4831481272563,407.844970703125,399.74696586966945,407.844970703125,19300,0.0,0
2008-07-18,410.0534916092269,417.4153137207032,407.844944975784,417.4153137207031,30400,0.0,0
2008-07-22,432.8752142864725,432.8752142864725,406.3726501464844,406.3726501464844,2800,0.0,0
2008-07-23,404.9002990722656,406.3726637961648,382.8148282137784,404.9002990722656,5600,0.0,0
2008-07-24,407.84504170991363,410.0535888671875,407.84504170991363,410.0535888671875,1000,0.0,0
2008-07-25,401.9555732377079,401.9555732377079,390.1766553406322,401.2193908691406,12200,0.0,0
2008-07-28,408.5811767578125,408.5811767578125,408.5811767578125,408.5811767578125,1300,0.0,0
2008-07-29,404.9002990722656,404.9002990722656,404.9002990722656,404.9002990722656,1000,0.0,0
2008-07-30,405.6363672509416,410.7896423339844,405.6363672509416,410.7896423339844,5700,0.0,0
2008-07-31,410.053460179264,410.7896423339844,410.053460179264,410.7896423339844,700,0.0,0
2008-08-01,404.9002617976194,405.6364440917969,404.9002617976194,405.6364440917969,1400,0.0,0
2008-08-04,390.9128180737765,390.9128180737765,390.1766357421875,390.1766357421875,1600,0.0,0
2008-08-06,390.1766357421875,390.1766357421875,390.1766357421875,390.1766357421875,400,0.0,0
2008-08-07,388.70425397398844,388.70425397398844,382.07861328125,382.07861328125,200,0.0,0
2008-08-08,380.60626220703125,380.60626220703125,380.60626220703125,380.60626220703125,100,0.0,0
2008-08-11,379.13390433141427,379.8700866699219,379.13390433141427,379.8700866699219,100,0.0,0
2008-08-12,379.8700866699219,379.8700866699219,379.8700866699219,379.8700866699219,800,0.0,0
2008-08-13,382.8148193359375,382.8148193359375,382.8148193359375,382.8148193359375,600,0.0,0
2008-08-14,369.5635517687516,372.50828126491695,361.4655456542969,361.4655456542969,6100,0.0,0
2008-08-15,360.72934293553897,363.674072265625,360.72934293553897,363.674072265625,3600,0.0,0
2008-08-18,363.6741304358658,368.09122513751595,357.78467083366553,360.7294006347656,21100,0.0,0
2008-08-19,363.674072265625,363.674072265625,363.674072265625,363.674072265625,600,0.0,0
2008-08-20,368.0911291213263,371.0358581542969,368.0911291213263,371.0358581542969,3200,0.0,0
2008-08-21,375.4530334472656,375.4530334472656,375.4530334472656,375.4530334472656,800,0.0,0
2008-08-22,375.4529691529505,379.1338806152344,375.4529691529505,379.1338806152344,800,0.0,0
2008-08-25,373.24444580078125,373.24444580078125,373.24444580078125,373.24444580078125,4600,0.0,0
2008-08-26,373.2445022894412,373.2445022894412,359.9932181844906,360.7294006347656,3400,0.0,0
2008-08-27,365.1463928222656,365.1463928222656,365.1463928222656,365.1463928222656,300,0.0,0
2008-08-28,363.674072265625,363.674072265625,363.674072265625,363.674072265625,200,0.0,0
2008-08-29,364.4102478027344,364.4102478027344,364.4102478027344,364.4102478027344,2600,0.0,0
2008-09-01,354.8399410325654,360.7294006347656,353.3675761320153,360.7294006347656,1500,0.0,0
2008-09-02,354.8399185180664,354.8399185180664,353.3675537109375,353.3675537109375,1000,0.0,0
2008-09-03,351.8951789648028,351.8951789648028,351.15899658203125,351.15899658203125,400,0.0,0
2008-09-04,353.3675537109375,353.3675537109375,353.3675537109375,353.3675537109375,1000,0.0,0
2008-09-05,349.6865882248175,359.2569580078125,349.6865882248175,359.2569580078125,200,0.0,0
2008-09-08,350.4228210449219,353.3675506335347,350.4228210449219,350.4228210449219,600,0.0,0
2008-09-09,349.6866149902344,350.4227973375822,349.6866149902344,349.6866149902344,3300,0.0,0
2008-09-10,338.64386664496527,344.5333251953125,338.64386664496527,344.5333251953125,2600,0.0,0
2008-09-11,337.17153245846947,337.90771484375,337.17153245846947,337.90771484375,1100,0.0,0
2008-09-12,319.5030756106322,323.1839866199713,318.03071120689657,320.2392578125,54700,0.0,0
2008-09-16,321.7116800481623,323.92022705078125,320.975497713956,323.92022705078125,30900,0.0,0
2008-09-17,330.5459044475263,336.43536376953125,329.0735396170251,336.43536376953125,3200,0.0,0
2008-09-18,336.43530067490656,360.72931582210987,336.43530067490656,359.9931335449219,5600,0.0,0
2008-09-19,337.907671329124,352.6313171386719,337.907671329124,352.6313171386719,1000,0.0,0
2008-09-22,345.2694864504648,349.6865800937543,332.0182055205962,333.4905700683594,2500,0.0,0
2008-09-24,332.75445851108486,335.6991882324219,332.0182760807506,335.6991882324219,4000,0.0,0
2008-09-25,345.2695007324219,345.2695007324219,345.2695007324219,345.2695007324219,4800,0.0,0
2008-09-26,335.69913397149725,335.69913397149725,334.96295166015625,334.96295166015625,2200,0.0,0
2008-09-29,333.49058703747426,334.96295166015625,329.8096754807692,334.96295166015625,4100,0.0,0
2008-09-30,331.28204688597265,331.28204688597265,327.60113525390625,327.60113525390625,2400,0.0,0
2008-10-01,331.2820739746094,331.2820739746094,331.2820739746094,331.2820739746094,9500,0.0,0
2008-10-02,331.2820739746094,332.7544387478299,331.2820739746094,331.2820739746094,24600,0.0,0
2008-10-03,331.2820739746094,331.2820739746094,331.2820739746094,331.2820739746094,13000,0.0,0
2008-10-06,321.71162221623564,321.71162221623564,320.2392578125,320.2392578125,2600,0.0,0
2008-10-07,287.111101103992,301.8347473144531,287.111101103992,301.8347473144531,4400,0.0,0
2008-10-08,301.8347473144531,301.8347473144531,301.8347473144531,301.8347473144531,100,0.0,0
2008-10-09,272.38751498135656,291.52825927734375,272.38751498135656,291.52825927734375,6100,0.0,0
2008-10-10,288.58349609375,289.3196784817443,288.58349609375,288.58349609375,1800,0.0,0
2008-10-14,298.15383576183785,301.8347473144531,295.9452888302687,301.8347473144531,2500,0.0,0
2008-10-15,306.25184139016017,321.711669921875,306.25184139016017,321.711669921875,5300,0.0,0
2008-10-16,321.711669921875,321.711669921875,321.711669921875,321.711669921875,19800,0.0,0
2008-10-17,331.2820739746094,331.2820739746094,331.2820739746094,331.2820739746094,4000,0.0,0
2008-10-20,332.7544387478299,332.7544387478299,331.2820739746094,331.2820739746094,3300,0.0,0
2008-10-21,331.2820739746094,331.2820739746094,331.2820739746094,331.2820739746094,6300,0.0,0
2008-10-22,330.54589158799917,331.2820739746094,330.54589158799917,331.2820739746094,500,0.0,0
2008-10-23,313.61366450050053,321.711669921875,313.61366450050053,321.711669921875,2300,0.0,0
2008-10-24,300.3623352050781,300.3623352050781,300.3623352050781,300.3623352050781,5200,0.0,0
2008-10-27,301.8347473144531,301.8347473144531,301.8347473144531,301.8347473144531,7000,0.0,0
2008-10-28,294.4729919433594,294.4729919433594,294.4729919433594,294.4729919433594,400,0.0,0
2008-10-29,309.19659423828125,309.19659423828125,305.5156824021112,309.19659423828125,3200,0.0,0
2008-10-30,312.87752998696374,316.5584421044574,309.93280029296875,309.93280029296875,2400,0.0,0
2008-10-31,312.8774719238281,312.8774719238281,312.8774719238281,312.8774719238281,600,0.0,0
2008-11-04,312.8774719238281,312.8774719238281,312.8774719238281,312.8774719238281,2000,0.0,0
2008-11-05,316.55834680316093,320.2392578125,316.55834680316093,320.2392578125,2500,0.0,0
2008-11-06,318.766964572293,320.9755116709463,315.0860527412041,315.8222351074219,23100,0.0,0
2008-11-07,318.0307685161688,318.0307685161688,315.8222215125843,317.2945861816406,4100,0.0,0
2008-11-10,317.2945861816406,317.2945861816406,317.2945861816406,317.2945861816406,500,0.0,0
2008-11-11,320.2392578125,320.2392578125,320.2392578125,320.2392578125,100,0.0,0
2008-11-12,331.2820739746094,331.2820739746094,331.2820739746094,331.2820739746094,400,0.0,0
2008-11-13,330.5459289550781,330.5459289550781,330.5459289550781,330.5459289550781,300,0.0,0
2008-11-14,334.2267761230469,334.2267761230469,334.2267761230469,334.2267761230469,2600,0.0,0
2008-11-17,334.2267761230469,337.17150542809577,334.2267761230469,334.2267761230469,16100,0.0,0
2008-11-18,334.2267761230469,334.2267761230469,334.2267761230469,334.2267761230469,200,0.0,0
2008-11-19,334.2267761230469,334.2267761230469,334.2267761230469,334.2267761230469,100,0.0,0
2008-11-20,337.90775098126755,343.7972106933594,334.96302112522164,343.7972106933594,1000,0.0,0
2008-11-21,349.6866149902344,349.6866149902344,346.005703253495,349.6866149902344,1500,0.0,0
2008-11-25,353.36753685604083,353.36753685604083,351.8951721191406,351.8951721191406,5000,0.0,0
2008-11-26,351.8951721191406,351.8951721191406,351.8951721191406,351.8951721191406,1100,0.0,0
2008-11-28,348.9504326428865,349.6866149902344,348.9504326428865,349.6866149902344,42200,0.0,0
2008-12-01,353.3675537109375,353.3675537109375,353.3675537109375,353.3675537109375,100,0.0,0
2008-12-02,351.8951721191406,351.8951721191406,351.8951721191406,351.8951721191406,200,0.0,0
2008-12-03,353.3675537109375,353.3675537109375,353.3675537109375,353.3675537109375,700,0.0,0
2008-12-04,357.0484619140625,360.729373892558,357.0484619140625,357.0484619140625,600,0.0,0
2008-12-05,364.4103128861408,364.4103128861408,360.7294006347656,360.7294006347656,19500,0.0,0
2008-12-08,360.7294006347656,360.7294006347656,360.7294006347656,360.7294006347656,4200,0.0,0
2008-12-09,326.8649597167969,326.8649597167969,326.8649597167969,326.8649597167969,2600,0.0,0
2008-12-10,331.2820739746094,331.2820739746094,331.2820739746094,331.2820739746094,2600,0.0,0
2008-12-11,330.54590716694673,330.54590716694673,312.141346634266,316.5584411621094,3700,0.0,0
2008-12-12,315.0860527412041,315.8222351074219,314.3498703749864,315.8222351074219,800,0.0,0
2008-12-15,320.9755108383145,329.0735168457031,320.9755108383145,329.0735168457031,17800,0.0,0
2008-12-16,329.8096992100112,329.8096992100112,329.0735168457031,329.0735168457031,17100,0.0,0
2008-12-17,336.4353548344877,357.0484619140625,336.4353548344877,357.0484619140625,11400,0.0,0
2008-12-18,357.0484619140625,360.729373892558,356.31227951836337,357.0484619140625,17800,0.0,0
2008-12-22,334.962958518039,334.962958518039,327.60113525390625,327.60113525390625,1800,0.0,0
2008-12-24,328.33730382353207,328.33730382353207,322.4478454589844,322.4478454589844,3400,0.0,0
2008-12-25,337.9077784495014,340.8525085449219,337.9077784495014,340.8525085449219,5300,0.0,0
2008-12-26,340.8525085449219,340.8525085449219,340.8525085449219,340.8525085449219,1200,0.0,0
2008-12-29,326.86501660591244,330.5459289550781,326.86501660591244,330.5459289550781,1600,0.0,0
2008-12-30,337.90774134931894,341.5886535644531,337.90774134931894,341.5886535644531,200,0.0,0
2009-01-05,345.2695288604805,345.2695288604805,329.0735168457031,329.0735168457031,300,0.0,0
2009-01-06,316.55840370871806,323.92022705078125,316.55840370871806,323.92022705078125,4700,0.0,0
2009-01-07,321.7116800481623,323.92022705078125,321.7116800481623,323.92022705078125,1000,0.0,0
2009-01-08,325.3926086425781,325.3926086425781,325.3926086425781,325.3926086425781,600,0.0,0
2009-01-09,325.3926086425781,325.3926086425781,325.3926086425781,325.3926086425781,100,0.0,0
2009-01-14,325.3926086425781,325.3926086425781,325.3926086425781,325.3926086425781,500,0.0,0
2009-01-15,326.8649597167969,326.8649597167969,326.8649597167969,326.8649597167969,6000,0.0,0
2009-01-16,332.7544180469596,340.1162414550781,332.7544180469596,340.1162414550781,6800,0.0,0
2009-01-19,331.2820676225343,331.2820676225343,325.3926086425781,325.3926086425781,21500,0.0,0
2009-01-20,318.0307685161688,318.0307685161688,317.2945861816406,317.2945861816406,700,0.0,0
2009-01-21,317.2946235834166,317.2946235834166,316.5584411621094,316.5584411621094,1300,0.0,0
2009-01-22,320.23931537974966,323.92022705078125,320.23931537974966,323.92022705078125,800,0.0,0
2009-01-23,323.92022705078125,323.92022705078125,323.92022705078125,323.92022705078125,5500,0.0,0
2009-01-26,327.60113525390625,327.60113525390625,327.60113525390625,327.60113525390625,1400,0.0,0
2009-01-28,326.8649597167969,326.8649597167969,326.8649597167969,326.8649597167969,500,0.0,0
2009-01-29,326.1287841796875,326.1287841796875,326.1287841796875,326.1287841796875,100,0.0,0
2009-02-02,308.46038818359375,308.46038818359375,308.46038818359375,308.46038818359375,300,0.0,0
2009-02-03,301.8347710008459,302.5709533691406,301.8347710008459,302.5709533691406,2200,0.0,0
2009-02-04,295.20917442321775,295.20917442321775,294.4729919433594,294.4729919433594,1300,0.0,0
2009-02-05,294.4729919433594,294.4729919433594,294.4729919433594,294.4729919433594,900,0.0,0
2009-02-06,294.4729919433594,294.4729919433594,294.4729919433594,294.4729919433594,3500,0.0,0
2009-02-09,294.47293795072113,294.47293795072113,287.1111145019531,287.1111145019531,200,0.0,0
2009-02-10,275.3321533203125,279.74924668908756,272.3874244077958,275.3321533203125,3600,0.0,0
2009-02-12,272.38751220703125,272.38751220703125,272.38751220703125,272.38751220703125,300,0.0,0
2009-02-13,272.38751220703125,272.38751220703125,272.38751220703125,272.38751220703125,3200,0.0,0
2009-02-16,279.7492608498401,280.4854431152344,279.7492608498401,280.4854431152344,6700,0.0,0
2009-02-17,294.47295457644947,306.2518727595075,294.47295457644947,295.2091369628906,14500,0.0,0
2009-02-18,272.38751220703125,272.38751220703125,272.38751220703125,272.38751220703125,2100,0.0,0
2009-02-20,268.7065998799092,272.38751220703125,268.7065998799092,272.38751220703125,900,0.0,0
2009-02-23,272.38751220703125,273.12369467245566,272.38751220703125,272.38751220703125,1200,0.0,0
2009-02-24,270.17895684493215,279.74932861328125,270.17895684493215,279.74932861328125,2500,0.0,0
2009-02-25,294.4729919433594,294.4729919433594,294.4729919433594,294.4729919433594,5900,0.0,0
2009-02-26,276.0683898925781,276.0683898925781,276.0683898925781,276.0683898925781,2000,0.0,0
2009-03-02,278.2769775390625,278.2769775390625,278.2769775390625,278.2769775390625,100,0.0,0
2009-03-03,272.38751220703125,272.38751220703125,270.17896481075803,272.38751220703125,1200,0.0,0
2009-03-05,267.97039794921875,267.97039794921875,267.97039794921875,267.97039794921875,600,0.0,0
2009-03-06,267.97039794921875,267.97039794921875,267.97039794921875,267.97039794921875,200,0.0,0
2009-03-09,266.4980538069707,266.4980538069707,265.7618713378906,265.7618713378906,700,0.0,0
2009-03-10,266.49798583984375,266.49798583984375,266.49798583984375,266.49798583984375,100,0.0,0
2009-03-11,266.49798583984375,266.49798583984375,265.76180355851824,266.49798583984375,1100,0.0,0
2009-03-12,265.02557373046875,265.02557373046875,262.81702728271483,265.02557373046875,3200,0.0,0
2009-03-13,265.02557373046875,265.02557373046875,264.28939158121744,265.02557373046875,6200,0.0,0
2009-03-16,265.02557373046875,265.76175587972006,265.02557373046875,265.02557373046875,22800,0.0,0
2009-03-17,263.55320943196614,265.02557373046875,263.55320943196614,265.02557373046875,2200,0.0,0
2009-03-18,265.02557373046875,265.02557373046875,263.55320943196614,265.02557373046875,104500,0.0,0
2009-03-19,262.0808410644531,262.0808410644531,262.0808410644531,262.0808410644531,4300,0.0,0
2009-03-23,261.34474340273215,262.8171081542969,261.34474340273215,262.8171081542969,7000,0.0,0
2009-03-24,265.0256109636142,265.0256109636142,264.2894287109375,264.2894287109375,4900,0.0,0
2009-03-25,261.34473337291996,261.34473337291996,260.6085510253906,260.6085510253906,12200,0.0,0
2009-03-26,255.45523741617367,257.66378413735094,254.71905517578122,254.71905517578125,6100,0.0,0
2009-03-27,261.3447424316406,279.74930175781253,261.3447424316406,276.0683898925781,9200,0.0,0
2009-03-30,279.74934249958665,279.74934249958665,278.2769775390625,278.2769775390625,2000,0.0,0
2009-03-31,279.74930175781253,279.74930175781253,276.0683898925781,276.0683898925781,1200,0.0,0
2009-04-01,276.0683898925781,276.80457226562504,276.0683898925781,276.0683898925781,1500,0.0,0
2009-04-02,279.7493494979899,279.7493494979899,277.5408020019531,277.5408020019531,2000,0.0,0
2009-04-03,272.38751220703125,277.54078946500215,272.38751220703125,272.38751220703125,7100,0.0,0
2009-04-06,270.17890758775684,270.17890758775684,268.70654296875,268.70654296875,1500,0.0,0
2009-04-07,272.38751220703125,272.38751220703125,272.38751220703125,272.38751220703125,200,0.0,0
2009-04-09,273.12366040039063,276.0683898925781,272.3874780273438,276.0683898925781,7500,0.0,0
2009-04-10,276.80457226562504,276.80457226562504,276.0683898925781,276.0683898925781,800,0.0,0
2009-04-13,276.0683898925781,276.0683898925781,276.0683898925781,276.0683898925781,1500,0.0,0
2009-04-14,277.5407000047,287.11106897037934,275.3321533203125,275.3321533203125,5000,0.0,0
2009-04-15,287.1111313177615,288.58349609375,287.1111313177615,288.58349609375,17700,0.0,0
2009-04-16,287.1111145019531,287.1111145019531,287.1111145019531,287.1111145019531,700,0.0,0
2009-04-20,265.02557373046875,265.02557373046875,262.0808451334635,265.02557373046875,15500,0.0,0
2009-04-21,265.76180355851824,266.49798583984375,265.02562127719267,266.49798583984375,700,0.0,0
2009-04-22,270.91509666136056,275.3321906286654,270.1789143334764,274.59600830078125,1300,0.0,0
2009-04-23,276.0684558679167,281.9579162597656,274.5960907699545,281.9579162597656,2200,0.0,0
2009-04-24,281.2216796875,281.2216796875,281.2216796875,281.2216796875,5700,0.0,0
2009-04-27,279.74932861328125,279.74932861328125,279.74932861328125,279.74932861328125,2900,0.0,0
2009-04-28,267.234130859375,267.234130859375,267.234130859375,267.234130859375,900,0.0,0
2009-04-30,270.1789245605469,270.1789245605469,270.1789245605469,270.1789245605469,500,0.0,0
2009-05-01,272.3874780273438,276.0683898925781,272.3874780273438,276.0683898925781,600,0.0,0
2009-05-07,276.0684163946854,279.74932861328125,276.0684163946854,279.74932861328125,500,0.0,0
2009-05-08,276.0683898925781,276.0683898925781,276.0683898925781,276.0683898925781,200,0.0,0
2009-05-11,283.43024083187703,283.43024083187703,279.74932861328125,279.74932861328125,600,0.0,0
2009-05-12,283.43023681640625,283.43023681640625,283.43023681640625,283.43023681640625,200,0.0,0
2009-05-13,287.1111145019531,287.1111145019531,287.1111145019531,287.1111145019531,600,0.0,0
2009-05-14,286.37493215707633,287.1111145019531,285.63874981219953,287.1111145019531,16700,0.0,0
2009-05-15,286.37490123838893,286.37490123838893,280.4854431152344,280.4854431152344,20900,0.0,0
2009-05-18,287.1111145019531,287.1111145019531,287.1111145019531,287.1111145019531,400,0.0,0
2009-05-19,287.1111145019531,287.1111145019531,287.1111145019531,287.1111145019531,67600,0.0,0
2009-05-20,287.1111145019531,287.1111145019531,287.1111145019531,287.1111145019531,7900,0.0,0
2009-05-21,279.7493246499594,283.43023681640625,279.7493246499594,283.43023681640625,800,0.0,0
2009-05-22,285.6387261633395,286.3749084472656,285.6387261633395,286.3749084472656,1000,0.0,0
2009-05-25,287.1111145019531,287.1111145019531,287.1111145019531,287.1111145019531,7400,0.0,0
2009-05-26,287.1111145019531,287.1111145019531,287.1111145019531,287.1111145019531,4400,0.0,0
2009-05-27,287.1111145019531,289.3196615365835,287.1111145019531,287.1111145019531,2500,0.0,0
2009-05-28,287.1111145019531,287.1111145019531,287.1111145019531,287.1111145019531,2100,0.0,0
2009-05-29,287.11115886255635,287.11115886255635,285.6387939453125,285.6387939453125,6100,0.0,0
2009-06-01,286.3749903545479,286.3749903545479,284.16644287109375,284.16644287109375,3600,0.0,0
2009-06-02,287.1111145019531,287.1111145019531,287.1111145019531,287.1111145019531,10100,0.0,0
2009-06-03,287.1111145019531,287.1111145019531,287.1111145019531,287.1111145019531,1100,0.0,0
2009-06-04,287.11115886255635,287.11115886255635,285.6387939453125,285.6387939453125,2400,0.0,0
2009-06-05,287.11115886255635,290.79207115566606,285.6387939453125,285.6387939453125,48000,0.0,0
2009-06-08,286.37493215707633,287.1111145019531,286.37493215707633,287.1111145019531,71000,0.0,0
2009-06-09,287.8473413211783,287.8473413211783,285.6387939453125,285.6387939453125,20400,0.0,0
2009-06-10,286.37493215707633,287.1111145019531,286.37493215707633,287.1111145019531,12500,0.0,0
2009-06-11,287.1111145019531,287.8472968468299,287.1111145019531,287.1111145019531,33700,0.0,0
2009-06-12,292.2644180491001,301.834789420985,289.3196883962124,290.79205322265625,17700,0.0,0
2009-06-15,288.58349609375,297.41768474968114,288.58349609375,288.58349609375,45900,0.0,0
2009-06-16,287.8472968468299,287.8472968468299,286.37493215707633,287.1111145019531,16500,0.0,0
2009-06-17,289.3196615365835,289.3196615365835,287.1111145019531,287.1111145019531,7500,0.0,0
2009-06-18,287.1111145019531,287.1111145019531,287.1111145019531,287.1111145019531,8800,0.0,0
2009-06-19,287.1111381511249,287.8473205566406,287.1111381511249,287.8473205566406,1700,0.0,0
2009-06-22,287.8472968468299,288.5834791917067,286.37493215707633,287.1111145019531,6900,0.0,0
2009-06-23,284.90264645569005,284.90264645569005,281.9579162597656,281.9579162597656,10800,0.0,0
2009-06-24,285.6387733400935,293.73677980076627,285.6387733400935,287.8473205566406,21300,0.0,0
2009-06-25,286.37493215707633,290.05584388146036,286.37493215707633,287.1111145019531,45300,0.0,0
2009-06-26,293.73675560584434,293.73675560584434,284.90256746732274,287.1111145019531,16000,0.0,0
2009-06-29,288.5834791917067,290.05584388146036,286.37493215707633,287.1111145019531,19200,0.0,0
2009-06-30,289.3196615365835,294.47293795072113,287.1111145019531,287.1111145019531,10700,0.0,0
2009-07-01,288.5834791917067,288.5834791917067,287.1111145019531,287.1111145019531,16500,0.0,0
2009-07-02,287.1111145019531,287.1111145019531,285.63874981219953,287.1111145019531,38300,0.0,0
2009-07-03,287.11115886255635,287.8473413211783,285.6387939453125,285.6387939453125,33300,0.0,0
2009-07-06,284.1664290280686,285.6387939453125,281.9578816522028,285.6387939453125,12400,0.0,0
2009-07-07,287.8472968468299,287.8472968468299,285.63874981219953,287.1111145019531,40200,0.0,0
2009-07-08,286.37497640393445,286.37497640393445,284.1664290280686,285.6387939453125,20300,0.0,0
2009-07-09,285.6388078600632,285.6388078600632,284.16644287109375,284.16644287109375,7400,0.0,0
2009-07-10,284.90262536557844,284.90262536557844,282.69407788212436,284.16644287109375,10600,0.0,0
2009-07-13,284.16644287109375,284.16644287109375,279.7493479041856,284.16644287109375,16600,0.0,0
2009-07-14,287.1111145019531,287.1111145019531,284.16638512244594,287.1111145019531,34300,0.0,0
2009-07-15,294.472962206282,294.472962206282,287.1111381511249,287.8473205566406,44500,0.0,0
2009-07-16,289.31968536767204,290.05586777318774,287.8473205566406,287.8473205566406,21300,0.0,0
2009-07-17,291.5283109941555,291.5283109941555,289.31976318359375,289.31976318359375,7000,0.0,0
2009-07-21,292.26444175026637,292.26444175026637,289.319711858576,291.52825927734375,5800,0.0,0
2009-07-22,293.0004852075371,312.87740254573686,293.0004852075371,306.9879455566406,16300,0.0,0
2009-07-23,307.72412768027766,307.72412768027766,301.83467069118143,306.9879455566406,8200,0.0,0
2009-07-24,303.30712210814545,309.93276312507095,297.4176634264339,304.0433044433594,15200,0.0,0
2009-07-27,305.5156024184351,312.87742416345765,305.5156024184351,311.4050598144531,7300,0.0,0
2009-07-28,303.30709113697014,304.0432733970113,294.47290401647587,297.4176330566406,29100,0.0,0
2009-07-29,297.4176130365095,301.09852408894153,297.4176130365095,299.62615966796875,23400,0.0,0
2009-07-30,299.6261969505273,303.307108460976,296.68146774216825,298.8900146484375,15100,0.0,0
2009-07-31,299.62625019366925,308.4604393885686,298.1538853278527,306.25189208984375,9000,0.0,0
2009-08-03,302.5709296249762,307.72420579863757,301.8347473144531,301.8347473144531,2400,0.0,0
2009-08-04,301.83475070529516,310.668938530816,296.68147447374133,298.1538391113281,11700,0.0,0
2009-08-05,300.3623860677083,301.0985683865017,298.1538391113281,298.1538391113281,9300,0.0,0
2009-08-06,301.09856500393005,303.3071119354992,300.362382693407,301.8347473144531,4200,0.0,0
2009-08-07,301.834706299428,311.4050750357513,299.62615966796875,299.62615966796875,3500,0.0,0
2009-08-10,302.5709296249762,304.0432942460223,298.8900180723609,301.8347473144531,11700,0.0,0
2009-08-11,303.30713890719124,309.1965979150979,303.30713890719124,305.51568603515625,4500,0.0,0
2009-08-12,305.5156828423196,305.5156828423196,298.15385915937213,302.5709533691406,1700,0.0,0
2009-08-13,306.2518514490012,306.2518514490012,300.3623927672897,304.0433044433594,5200,0.0,0
2009-08-14,305.5156824021112,320.23932974679127,304.04331766764324,309.19659423828125,17100,0.0,0
2009-08-17,312.8775060744513,312.8775060744513,301.8347705659412,309.19659423828125,24200,0.0,0
2009-08-18,309.19659423828125,312.8775060744513,301.0985881987072,309.19659423828125,21300,0.0,0
2009-08-19,301.8347898671325,323.9202622964348,293.00060089541154,313.61370849609375,113100,0.0,0
2009-08-20,354.1037939743141,354.1037939743141,332.01831825866043,340.8525085449219,17200,0.0,0
2009-08-21,348.214268237677,351.8951801640795,325.39261429398147,337.90771484375,10100,0.0,0
2009-08-24,348.9504398469002,350.42280457199263,338.6438867712534,342.3247985839844,7100,0.0,0
2009-08-25,353.3675437303459,357.0484556442037,349.68663181648816,351.15899658203125,9900,0.0,0
2009-08-26,351.1590638788936,352.63142892660386,336.43541340179115,340.8525085449219,13300,0.0,0
2009-08-27,349.68661856144035,351.1589832711727,343.0609773676446,346.0057067871094,4300,0.0,0
2009-08-28,351.1590034420751,351.8951858392283,347.47809145630913,350.4228210449219,7100,0.0,0
2009-08-31,351.8952077668289,351.8952077668289,332.0182818051042,341.5886535644531,5400,0.0,0
2009-09-02,338.6438978407118,338.6438978407118,330.54589158799917,331.2820739746094,9400,0.0,0
2009-09-03,322.44787239436374,332.01824303620555,315.08604882371617,326.1287841796875,20200,0.0,0
2009-09-04,326.8648868136936,326.8648868136936,314.34978979605216,318.03070068359375,10300,0.0,0
2009-09-07,320.23930186212203,323.92021337777857,314.3498434370715,318.7669372558594,11000,0.0,0
2009-09-08,327.6011284101473,328.3373107211813,321.711669921875,321.711669921875,4400,0.0,0
2009-09-09,323.9202169900412,334.96295166015625,323.9202169900412,334.96295166015625,2600,0.0,0
2009-09-10,334.9629859076606,334.9629859076606,325.39261488172747,331.2820739746094,8200,0.0,0
2009-09-11,334.9629620638761,334.9629620638761,313.6136743718928,323.92022705078125,14500,0.0,0
2009-09-14,330.54591691905057,342.32483600748,329.8097344760237,341.5886535644531,12900,0.0,0
2009-09-15,346.00569341423807,346.00569341423807,327.60113525390625,327.60113525390625,17000,0.0,0
2009-09-16,336.43532317086556,337.1715054972788,327.60113525390625,327.60113525390625,1500,0.0,0
2009-09-17,323.9202271923941,327.60113886503495,317.2945861816406,317.2945861816406,8500,0.0,0
2009-09-18,318.0307548091097,320.2393017175063,312.14129638671875,312.14129638671875,8800,0.0,0
2009-09-21,312.14129638671875,312.14129638671875,312.14129638671875,312.14129638671875,0,0.0,0
2009-09-24,315.08605192385,330.54588157431925,314.34986955954196,329.0735168457031,9000,0.0,0
2009-09-25,326.12871542744256,326.12871542744256,316.55834680316093,320.2392578125,5800,0.0,0
2009-09-28,323.92025915932317,323.92025915932317,310.6689758300781,310.6689758300781,7800,0.0,0
2009-09-29,309.9327761776797,315.8222351074219,305.51568198037313,315.8222351074219,14000,0.0,0
2009-09-30,315.8222351074219,316.5584174736397,312.87750564255083,315.8222351074219,6300,0.0,0
2009-10-01,312.8774719238281,312.8774719238281,312.8774719238281,312.8774719238281,800,0.0,0
2009-10-02,309.19657041968367,309.19657041968367,301.8347473144531,301.8347473144531,7000,0.0,0
2009-10-05,302.5709296249762,302.5709296249762,295.9452888302687,301.8347473144531,18100,0.0,0
2009-10-06,300.3623352050781,301.8346995933383,296.68142423442765,300.3623352050781,76200,0.0,0
2009-10-07,300.3624062642564,303.3071357374354,298.8900415276669,302.5709533691406,22800,0.0,0
2009-10-08,301.0985683865017,301.83475070529516,298.1538391113281,298.1538391113281,10300,0.0,0
2009-10-09,298.15383576183785,301.8347473144531,298.15383576183785,301.8347473144531,5200,0.0,0
2009-10-13,305.5156824021112,309.19659423828125,302.5709529331752,309.19659423828125,25500,0.0,0
2009-10-14,309.1966072457735,314.3498840332031,309.1966072457735,314.3498840332031,10800,0.0,0
2009-10-15,310.66896266707454,310.66896266707454,305.51568603515625,305.51568603515625,15600,0.0,0
2009-10-16,302.57093302408856,303.30711534288196,298.1538391113281,298.1538391113281,7800,0.0,0
2009-10-19,299.6262037489149,299.6262037489149,298.1538391113281,298.1538391113281,1600,0.0,0
2009-10-20,301.09856500393005,301.8347473144531,300.362382693407,301.8347473144531,1400,0.0,0
2009-10-21,303.3070639815985,305.51561056398873,298.88997081681794,300.3623352050781,6100,0.0,0
2009-10-22,301.8347473144531,301.8347473144531,300.362382693407,301.8347473144531,1200,0.0,0
2009-10-23,309.196580789857,309.196580789857,304.0433044433594,304.0433044433594,5200,0.0,0
2009-10-26,305.51568603515625,305.51568603515625,305.51568603515625,305.51568603515625,1300,0.0,0
2009-10-27,305.51561056398873,305.51561056398873,300.3623352050781,300.3623352050781,1200,0.0,0
2009-10-28,299.6261969505273,299.6261969505273,298.8900146484375,298.8900146484375,600,0.0,0
2009-10-29,304.7795036591679,305.51568603515625,300.36240940323796,305.51568603515625,6800,0.0,0
2009-10-30,305.515665665768,307.7242126464844,305.515665665768,307.7242126464844,1500,0.0,0
2009-11-02,300.36234187845514,301.09852408894153,299.62615966796875,299.62615966796875,2200,0.0,0
2009-11-04,298.8900146484375,299.6261969505273,298.8900146484375,298.8900146484375,2200,0.0,0
2009-11-05,309.19657041968367,309.19657041968367,301.8347473144531,301.8347473144531,5700,0.0,0
2009-11-06,302.57092615888627,302.57092615888627,295.9452854400785,298.8900146484375,6100,0.0,0
2009-11-09,298.1539255906112,300.3624731875787,292.26446533203125,292.26446533203125,12300,0.0,0
2009-11-10,293.00053949639346,297.4176330566406,293.00053949639346,297.4176330566406,1900,0.0,0
2009-11-11,295.9453569030762,295.9453569030762,294.4729919433594,294.4729919433594,7000,0.0,0
2009-11-12,295.20917442321775,295.20917442321775,293.73680946350095,294.4729919433594,8000,0.0,0
2009-11-13,292.2644074171261,295.2091369628906,291.528225030685,295.2091369628906,14600,0.0,0
2009-11-16,295.20917442321775,295.20917442321775,293.0006269836426,294.4729919433594,20100,0.0,0
2009-11-17,292.26444450378415,294.4729919433594,288.5835321044922,294.4729919433594,6200,0.0,0
2009-11-18,290.79207954406735,294.4729919433594,284.1664372253418,294.4729919433594,13200,0.0,0
2009-11-19,294.4729652887658,294.4729652887658,284.9025939168809,290.79205322265625,3800,0.0,0
2009-11-20,285.6387733400935,287.8473205566406,285.6387733400935,287.8473205566406,3100,0.0,0
2009-11-24,293.0005904217156,295.20913758569833,288.58349609375,288.58349609375,4300,0.0,0
2009-11-25,294.4729551977041,294.4729551977041,288.58349609375,288.58349609375,6000,0.0,0
2009-11-26,294.4730414082379,294.4730414082379,287.84739797655254,289.31976318359375,4200,0.0,0
2009-11-27,294.4729652887658,294.4729652887658,290.79205322265625,290.79205322265625,4300,0.0,0
2009-11-30,293.736718735077,301.0985412597656,293.736718735077,301.0985412597656,24000,0.0,0
2009-12-01,292.2643375631046,300.36234187845514,292.2643375631046,299.62615966796875,2700,0.0,0
2009-12-02,294.4729275173611,298.1538391113281,294.4729275173611,298.1538391113281,5400,0.0,0
2009-12-03,298.15378862268784,303.3070639815985,296.68142423442765,300.3623352050781,12500,0.0,0
2009-12-04,298.88997081681794,301.8346995933383,294.47287765203737,300.3623352050781,12100,0.0,0
2009-12-07,293.0006269836426,295.9453569030762,293.0006269836426,294.4729919433594,12200,0.0,0
2009-12-08,291.52823563587816,291.52823563587816,290.79205322265625,290.79205322265625,3700,0.0,0
2009-12-09,291.52825927734375,291.52825927734375,291.52825927734375,291.52825927734375,1100,0.0,0
2009-12-10,294.4729652887658,294.4729652887658,290.79205322265625,290.79205322265625,18500,0.0,0
2009-12-11,287.11114115654664,290.79205322265625,287.11114115654664,290.79205322265625,2200,0.0,0
2009-12-14,291.5281982421875,298.1538391113281,291.5281982421875,298.1538391113281,15800,0.0,0
2009-12-15,297.417721862793,297.417721862793,291.5282620239258,294.4729919433594,27800,0.0,0
2009-12-16,292.26444175026637,292.26444175026637,291.52825927734375,291.52825927734375,1600,0.0,0
2009-12-17,292.26444450378415,294.4729919433594,292.26444450378415,294.4729919433594,3100,0.0,0
2009-12-18,291.52825927734375,291.52825927734375,291.52825927734375,291.52825927734375,2100,0.0,0
2009-12-21,291.52822564572705,291.52822564572705,287.84731370575577,288.58349609375,2200,0.0,0
2009-12-22,287.11116443980825,292.26444175026637,287.11116443980825,291.52825927734375,4400,0.0,0
2009-12-24,293.0005425857123,294.47290712131894,287.11108444328596,293.7367248535156,5200,0.0,0
2009-12-25,290.05584388146036,290.05584388146036,286.37493215707633,287.1111145019531,7900,0.0,0
2009-12-28,290.7920327498086,294.4729445567682,290.7920327498086,293.0005798339844,4300,0.0,0
2009-12-29,293.0006762011967,293.0006762011967,289.31976318359375,289.31976318359375,2000,0.0,0
2009-12-30,289.319711858576,291.52825927734375,289.319711858576,291.52825927734375,200,0.0,0
2010-01-04,288.58349609375,292.26440803372134,288.58349609375,288.58349609375,400,0.0,0
2010-01-05,289.31968536767204,289.31968536767204,287.8473205566406,287.8473205566406,2000,0.0,0
2010-01-06,289.3197062384222,289.3197062384222,285.6387939453125,285.6387939453125,1400,0.0,0
2010-01-07,287.1111313177615,289.3196784817443,287.1111313177615,288.58349609375,5400,0.0,0
2010-01-08,287.84739797655254,289.31976318359375,287.84739797655254,289.31976318359375,1900,0.0,0
2010-01-12,288.58349609375,289.3196784817443,287.1111313177615,288.58349609375,13900,0.0,0
2010-01-13,286.37493215707633,287.8472968468299,286.37493215707633,287.1111145019531,28000,0.0,0
2010-01-14,290.0558198668963,290.0558198668963,285.6387261633395,286.3749084472656,67200,0.0,0
2010-01-15,290.05584388146036,290.05584388146036,285.63874981219953,287.1111145019531,33600,0.0,0
2010-01-18,285.63874981219953,287.1111145019531,284.16638512244594,287.1111145019531,3300,0.0,0
2010-01-19,287.1110907311918,287.1110907311918,285.6387261633395,286.3749084472656,3200,0.0,0
2010-01-20,286.37496654956374,286.37496654956374,281.95787194982756,283.43023681640625,7300,0.0,0
2010-01-21,282.6940104166667,286.37492201063367,282.6940104166667,284.9025573730469,5300,0.0,0
2010-01-22,285.6387939453125,286.37497640393445,284.1664290280686,285.6387939453125,7900,0.0,0
2010-01-25,283.43026037660906,285.6388078600632,281.95789538763967,284.16644287109375,8400,0.0,0
2010-01-26,284.1663615954873,286.3749084472656,283.4301793115611,286.3749084472656,6900,0.0,0
2010-01-27,287.1111728490326,287.1111728490326,284.16644287109375,284.16644287109375,43100,0.0,0
2010-01-28,285.6388078600632,287.1111728490326,284.16644287109375,284.16644287109375,44800,0.0,0
2010-01-29,284.16635444220594,284.16635444220594,280.4854431152344,280.4854431152344,17700,0.0,0
2010-02-01,281.2216111453459,281.9577933734751,270.1788777234082,275.3321533203125,18000,0.0,0
2010-02-02,275.3321533203125,276.06833554844167,273.12360663592494,275.3321533203125,4200,0.0,0
2010-02-03,276.06833554844167,276.80451777657083,274.59597109218333,275.3321533203125,7500,0.0,0
2010-02-04,273.8597888640541,276.80451777657083,273.8597888640541,275.3321533203125,21700,0.0,0
2010-02-05,270.91514727618244,272.38751220703125,270.17896481075803,272.38751220703125,6600,0.0,0
2010-02-08,270.91514727618244,272.38751220703125,265.7618700182116,272.38751220703125,2900,0.0,0
2010-02-09,272.3874785209614,272.3874785209614,268.7065666490565,269.4427490234375,16300,0.0,0
2010-02-10,270.9151069162977,270.9151069162977,270.1789245605469,270.1789245605469,3300,0.0,0
2010-02-12,271.65132285064124,273.1236877441406,269.4427755103921,273.1236877441406,19400,0.0,0
2010-02-15,267.23416812116926,268.70653268382034,264.28943899586716,266.49798583984375,51900,0.0,0
2010-02-16,267.23415772164435,267.23415772164435,261.3446997002307,264.2894287109375,12400,0.0,0
2010-02-17,265.0256109636142,266.49797546896764,259.8723351948773,264.2894287109375,41300,0.0,0
2010-02-18,262.0809493251353,263.5533142089844,261.34476688321075,263.5533142089844,11400,0.0,0
2010-02-19,262.0808986317028,262.81708093123007,258.3999871340665,259.13616943359375,24700,0.0,0
2010-02-22,257.66374823752415,264.2893874779176,257.66374823752415,262.0808410644531,37200,0.0,0
2010-02-23,260.608517447554,265.0256109636142,259.8723351948773,264.2894287109375,17900,0.0,0
2010-02-24,260.608517447554,264.2894287109375,259.13615294220057,264.2894287109375,7900,0.0,0
2010-02-25,260.6085738297347,274.5960396567544,259.1362090058379,267.97039794921875,39000,0.0,0
2010-02-26,262.0809394943882,265.0256691516285,261.3447570800781,261.3447570800781,5000,0.0,0
2010-03-01,262.8171081542969,265.0256552816439,262.08092577851454,262.8171081542969,11300,0.0,0
2010-03-02,266.49793802897136,266.49793802897136,263.55320943196614,265.02557373046875,66000,0.0,0
2010-03-03,267.97037749329445,277.540748118055,266.49801278179285,270.1789245605469,16100,0.0,0
2010-03-04,268.70660121421076,268.70660121421076,265.7618713378906,265.7618713378906,3700,0.0,0
2010-03-05,265.761830426042,270.1789245605469,264.2894657145404,270.1789245605469,11200,0.0,0
2010-03-08,273.12362046129124,280.4854431152344,272.3874381958969,280.4854431152344,18000,0.0,0
2010-03-09,279.74932861328125,281.22169350071954,276.0684163946854,279.74932861328125,19900,0.0,0
2010-03-10,277.5407676497055,286.3749565404123,277.5407676497055,281.2216796875,74800,0.0,0
2010-03-11,279.74932861328125,279.74932861328125,279.01314616956205,279.74932861328125,13300,0.0,0
2010-03-12,279.7493148723822,281.9578620950589,279.7493148723822,281.2216796875,9400,0.0,0
2010-03-15,279.74932861328125,281.22169350071954,279.74932861328125,279.74932861328125,31900,0.0,0
2010-03-16,283.4302269101767,284.9025917252945,279.7493148723822,281.2216796875,2700,0.0,0
2010-03-17,281.22168951653816,284.16641924969565,281.22168951653816,283.43023681640625,7300,0.0,0
2010-03-18,284.9025573730469,286.37492201063367,283.4301927354601,284.9025573730469,16300,0.0,0
2010-03-19,284.1663750542535,286.37492201063367,284.1663750542535,284.9025573730469,4200,0.0,0
2010-03-23,287.11114115654664,290.79205322265625,287.11114115654664,290.79205322265625,3000,0.0,0
2010-03-24,290.79202622633716,290.79202622633716,275.3321969839243,287.1111145019531,10900,0.0,0
2010-03-25,285.6387939453125,287.11115886255635,282.69406411082474,285.6387939453125,13100,0.0,0
2010-03-26,285.63875304865957,290.05584716796875,285.63875304865957,290.05584716796875,5300,0.0,0
2010-03-29,292.28704599233777,295.2619777581631,290.05584716796875,290.05584716796875,4900,4.0,0
2010-03-30,292.28710049013546,296.7494989709009,290.79963432988035,293.7745666503906,11100,0.0,0
2010-03-31,295.2619690408512,297.49316779934634,291.5433044433594,291.5433044433594,17800,0.0,0
2010-04-01,291.5433458323394,297.4932100329994,290.7996128072569,292.2870788574219,7100,0.0,0
2010-04-02,290.79957626572804,297.49317265036115,290.79957626572804,296.0057067871094,12800,0.0,0
2010-04-05,296.0057067871094,296.74943971873523,296.0057067871094,296.0057067871094,56900,0.0,0
2010-04-06,297.49317265036115,297.49317265036115,290.79957626572804,296.0057067871094,12800,0.0,0
2010-04-07,293.77454490758686,293.77454490758686,292.2870788574219,292.2870788574219,2400,0.0,0
2010-04-08,291.5433674100079,293.7745666503906,290.79963432988035,293.7745666503906,6900,0.0,0
2010-04-09,293.7745666503906,297.4932320510285,293.7745666503906,293.7745666503906,23800,0.0,0
2010-04-12,293.030796661377,298.9806605529785,293.030796661377,297.4931945800781,35100,0.0,0
2010-04-13,297.4931530486372,298.9806188138804,296.005687283394,296.7494201660156,24400,0.0,0
2010-04-14,299.7243957519531,301.2118617358338,296.74946378419185,299.7243957519531,98500,0.0,0
2010-04-15,301.2118617358338,303.44306071165477,298.9806627600128,299.7243957519531,80400,0.0,0
2010-04-16,299.7243848202833,301.95558371472714,297.49318592583955,298.98065185546875,19800,0.0,0
2010-04-19,299.7243746470256,312.3678346197289,297.49317582831327,308.649169921875,26200,0.0,0
2010-04-20,320.54889018883864,330.9611511230469,319.8051572649666,330.9611511230469,27000,0.0,0
2010-04-21,335.4235320272325,352.5293884277344,335.4235320272325,352.5293884277344,33100,0.0,0
2010-04-22,347.32321721857244,349.5544156161221,333.9360268332741,335.4234924316406,17100,0.0,0
2010-04-23,339.88587250761935,345.8357346084092,328.7298810686384,338.3984069824219,16700,0.0,0
2010-04-26,350.29823094418174,353.2731628417969,342.1171682257401,353.2731628417969,11700,0.0,0
2010-04-27,354.01690454462874,354.7606375373695,334.67984673336747,351.78570556640625,11800,0.0,0
2010-04-28,345.8358263662445,348.8107582059541,345.8358263662445,346.5795593261719,17500,0.0,0
2010-04-30,346.5795986570161,348.06706474567284,334.6798699477623,345.0921325683594,11200,0.0,0
2010-05-06,330.9611341310769,341.37339453070626,330.21740124538906,333.9360656738281,11000,0.0,0
2010-05-07,323.5237479986146,327.2424117687137,319.8050842285156,319.8050842285156,21500,0.0,0
2010-05-10,319.80518245479783,326.498779296875,319.80518245479783,326.498779296875,3300,0.0,0
2010-05-11,327.2425497731855,328.73001590851817,322.7801513671875,322.7801513671875,5200,0.0,0
2010-05-12,327.24251883370533,359.22303771972656,327.24251883370533,343.6046447753906,18800,0.0,0
2010-05-13,337.65470197559455,342.1170989180033,334.6797706806554,336.167236328125,2300,0.0,0
2010-05-14,342.11707079541554,343.604536320613,332.4485448816321,338.3984069824219,11300,0.0,0
2010-05-17,344.3483777727399,344.3483777727399,343.6046447753906,343.6046447753906,28900,0.0,0
2010-05-18,342.11719469688916,342.11719469688916,325.7550679939945,327.98626708984375,6300,0.0,0
2010-05-19,325.7550234963708,325.7550234963708,309.3928990285166,314.5990295410156,6500,0.0,0
2010-05-20,310.1365772594105,312.36777565696025,305.67418046431106,310.88031005859375,4600,0.0,0
2010-05-21,307.1617479112413,307.1617479112413,296.7494852701823,301.2118835449219,5500,0.0,0
2010-05-24,307.1617479112413,307.1617479112413,298.9806844075521,301.2118835449219,1500,0.0,0
2010-05-25,310.1366553497315,310.1366553497315,297.4931945800781,297.4931945800781,6700,0.0,0
2010-05-26,310.8803128870522,310.8803128870522,296.0056567680545,304.9304504394531,4200,0.0,0
2010-05-27,296.74946378419185,299.7243957519531,290.05586685672887,299.7243957519531,5400,0.0,0
2010-05-28,302.699295633657,307.9054260253906,302.699295633657,307.9054260253906,8800,0.0,0
2010-05-31,302.69925473561875,307.9053844239464,302.69925473561875,307.1616516113281,700,0.0,0
2010-06-01,311.6240456930021,312.36777849895196,304.9304504394531,304.9304504394531,2700,0.0,0
2010-06-02,304.9304894840016,304.9304894840016,303.4430236816406,303.4430236816406,200,0.0,0
2010-06-03,308.649169921875,310.88036874058736,304.9305052240211,308.649169921875,1200,0.0,0
2010-06-04,302.6992707752046,312.3677978515625,302.6992707752046,312.3677978515625,400,0.0,0
2010-06-07,305.6741859860917,307.1616516113281,305.6741859860917,307.1616516113281,2300,0.0,0
2010-06-08,304.9305487738715,304.9305487738715,298.9806844075521,301.2118835449219,2700,0.0,0
2010-06-09,301.211806896121,301.211806896121,284.10595119584747,287.8246154785156,5200,0.0,0
2010-06-10,287.82468070692687,292.2870788574219,282.6185495313494,292.2870788574219,1500,0.0,0
2010-06-11,296.0057350662343,304.1867980957031,296.0057350662343,304.1867980957031,10800,0.0,0
2010-06-14,300.468072219122,312.3677978515625,300.468072219122,312.3677978515625,16800,0.0,0
2010-06-15,310.13658008110235,310.13658008110235,304.9304504394531,304.9304504394531,21600,0.0,0
2010-06-16,307.90547825739935,309.3929443359375,304.18681306105395,309.3929443359375,8300,0.0,0
2010-06-17,308.64921400282117,309.3929470486111,296.7494852701823,301.2118835449219,14500,0.0,0
2010-06-18,300.4681091308594,300.4681091308594,300.4681091308594,300.4681091308594,300,0.0,0
2010-06-21,302.69930640530873,308.649169921875,302.69930640530873,308.649169921875,2400,0.0,0
2010-06-22,310.1366358010166,310.1366358010166,303.44303934487954,308.649169921875,1300,0.0,0
2010-06-23,304.9305052240211,308.649169921875,304.9305052240211,308.649169921875,1600,0.0,0
2010-06-24,309.39292911445597,309.39292911445597,304.1867980957031,304.1867980957031,1300,0.0,0
2010-06-25,310.1366120532043,312.3678107010691,296.7494201660156,296.7494201660156,12000,0.0,0
2010-06-28,304.9304504394531,304.9304504394531,304.9304504394531,304.9304504394531,900,0.0,0
2010-06-29,307.9053816632527,307.9053816632527,304.9304504394531,304.9304504394531,500,0.0,0
2010-06-30,301.21184207425256,301.21184207425256,285.593450262995,300.4681091308594,8400,0.0,0
2010-07-01,293.03077739610933,298.2369079589844,293.03077739610933,298.2369079589844,300,0.0,0
2010-07-02,298.2369142782809,298.2369142782809,294.51824951171875,294.51824951171875,8000,0.0,0
2010-07-05,294.51826263427733,298.9806605529785,294.51826263427733,297.4931945800781,7900,0.0,0
2010-07-06,298.2369513617621,304.18681572808157,296.0057522243923,301.2118835449219,11600,0.0,0
2010-07-07,295.26198246503117,296.749448371656,293.77451655840633,294.51824951171875,21900,0.0,0
2010-07-08,298.2369275665283,301.2118595123291,296.7494615936279,297.4931945800781,3600,0.0,0
2010-07-09,301.95555034436677,301.95555034436677,296.7494201660156,296.7494201660156,1100,0.0,0
2010-07-12,298.2369095239884,301.95557423127,285.5934495192308,290.05584716796875,20700,0.0,0
2010-07-13,293.77454490758686,293.77454490758686,292.2870788574219,292.2870788574219,1600,0.0,0
2010-07-14,297.49317735728647,301.9555750176458,297.49317735728647,300.4681091308594,13400,0.0,0
2010-07-15,304.9304504394531,304.9304504394531,304.9304504394531,304.9304504394531,31400,0.0,0
2010-07-16,298.9806605529785,298.9806605529785,297.4931945800781,297.4931945800781,200,0.0,0
2010-07-21,297.4932320510285,297.4932320510285,291.5433674100079,293.7745666503906,1400,0.0,0
2010-07-22,290.05585179184425,294.51824951171875,290.05585179184425,294.51824951171875,1900,0.0,0
2010-07-23,299.72440910824685,299.72440910824685,287.0809476818444,292.2870788574219,9000,0.0,0
2010-07-26,296.0057658907733,296.0057658907733,293.7745666503906,293.7745666503906,1900,0.0,0
2010-07-27,296.7494989709009,296.7494989709009,293.7745666503906,293.7745666503906,2200,0.0,0
2010-07-28,296.0057154183436,296.0057154183436,294.51824951171875,294.51824951171875,1100,0.0,0
2010-07-29,295.261962890625,296.7494286986382,295.261962890625,295.261962890625,1900,0.0,0
2010-07-30,296.005687283394,296.7494201660156,293.7744886355293,296.7494201660156,5800,0.0,0
2010-08-02,297.4931945800781,297.4931945800781,297.4931945800781,297.4931945800781,1300,0.0,0
2010-08-03,297.4931945800781,301.9555924987793,296.7494615936279,297.4931945800781,3600,0.0,0
2010-08-04,299.7243935394287,299.7243935394287,292.2870636749268,297.4931945800781,10500,0.0,0
2010-08-05,296.0056957946316,297.4931616026449,294.5182299866184,295.261962890625,2200,0.0,0
2010-08-06,295.26197385548346,296.0057067871094,294.51824092385755,296.0057067871094,1900,0.0,0
2010-08-09,295.26198246503117,296.0057154183436,294.51824951171875,294.51824951171875,7600,0.0,0
2010-08-10,294.51824951171875,294.51824951171875,293.77451655840633,294.51824951171875,1000,0.0,0
2010-08-11,291.5433130508814,291.5433130508814,290.05584716796875,290.05584716796875,2800,0.0,0
2010-08-12,283.3622522681244,286.33718405046693,281.1310534313675,281.8747863769531,4700,0.0,0
2010-08-13,282.61851775340546,293.03077893379407,281.8747848119491,290.05584716796875,8500,0.0,0
2010-08-16,296.00576909383136,296.00576909383136,284.8497727711995,285.593505859375,19500,0.0,0
2010-08-17,281.1310119628906,281.1310119628906,281.1310119628906,281.1310119628906,3300,0.0,0
2010-08-18,281.1310518704928,293.03077893379407,281.1310518704928,290.05584716796875,15400,0.0,0
2010-08-19,290.0557749927197,290.0557749927197,284.8496456979786,289.3120422363281,2100,0.0,0
2010-08-20,288.568359375,288.568359375,285.59342783505156,288.568359375,1700,0.0,0
2010-08-23,290.05590124975276,294.51829973051815,284.84976968885974,293.7745666503906,4200,0.0,0
2010-08-24,288.56842443785695,293.77455580658113,282.6185600164578,293.03082275390625,6600,0.0,0
2010-08-25,286.3371951454564,292.2870589406867,282.6185302734375,282.6185302734375,13000,0.0,0
2010-08-26,290.05584716796875,290.7995801094251,290.05584716796875,290.05584716796875,2100,0.0,0
2010-08-27,284.1059518367686,290.0558147024601,279.6435546875,279.6435546875,2200,0.0,0
2010-08-30,289.3121913182829,289.3121913182829,284.84979248046875,284.84979248046875,5200,0.0,0
2010-08-31,290.0558325625787,297.4931616026449,288.5683667545655,295.261962890625,6200,0.0,0
2010-09-01,293.7745666503906,295.26203281064574,293.7745666503906,293.7745666503906,1800,0.0,0
2010-09-02,290.05584716796875,290.05584716796875,290.05584716796875,290.05584716796875,500,0.0,0
2010-09-03,293.7745666503906,293.7745666503906,293.7745666503906,293.7745666503906,300,0.0,0
2010-09-06,293.7745666503906,294.51829973051815,293.7745666503906,293.7745666503906,800,0.0,0
2010-09-07,293.7745666503906,293.7745666503906,293.7745666503906,293.7745666503906,200,0.0,0
2010-09-08,293.7745666503906,293.7745666503906,293.7745666503906,293.7745666503906,3500,0.0,0
2010-09-09,293.7745666503906,293.7745666503906,293.7745666503906,293.7745666503906,1500,0.0,0
2010-09-10,293.7744970826118,296.0056957946316,293.7744970826118,295.261962890625,2300,0.0,0
2010-09-13,296.74946378419185,301.2118617358338,296.74946378419185,299.7243957519531,4100,0.0,0
2010-09-14,302.6992492675781,304.1867148659446,300.4680508700284,302.6992492675781,8800,0.0,0
2010-09-16,308.64913151181975,310.13659720585264,301.9555358886719,301.9555358886719,2400,0.0,0
2010-09-17,300.4680536037538,304.9304504394531,300.4680536037538,304.9304504394531,2100,0.0,0
2010-09-21,304.9304504394531,305.674183245403,304.18671763350324,304.9304504394531,4400,0.0,0
2010-09-22,304.1867980957031,304.93053109838206,302.69933209034514,304.1867980957031,4800,0.0,0
2010-09-24,304.93050439696657,304.93050439696657,298.2369079589844,298.2369079589844,14200,0.0,0
2010-09-27,304.18671763350324,304.9304504394531,304.18671763350324,304.9304504394531,1500,0.0,0
2010-09-28,298.9071766722436,307.1892395019531,297.4013470668419,307.1892395019531,3400,5.0,0
2010-09-29,301.16592483903895,301.16592483903895,299.66009521484375,299.66009521484375,3100,0.0,0
2010-09-30,299.66009521484375,299.66009521484375,299.66009521484375,299.66009521484375,8600,0.0,0
2010-10-01,292.88385009765625,295.89550922462445,289.87219097068805,292.88385009765625,900,0.0,0
2010-10-04,293.6368441581726,293.6368441581726,289.1193542480469,289.1193542480469,4400,0.0,0
2010-10-05,289.11937010443864,289.11937010443864,283.09604989392955,288.366455078125,7000,0.0,0
2010-10-06,282.34302874692935,292.8838351534814,282.34302874692935,292.13092041015625,15100,0.0,0
2010-10-07,288.36636140720395,292.88385009765625,288.36636140720395,292.88385009765625,7000,0.0,0
2010-10-08,286.8606250254977,289.8722851307523,286.8606250254977,288.366455078125,2300,0.0,0
2010-10-12,289.11929481907896,291.378039309853,283.0959761770148,286.1076354980469,4600,0.0,0
2010-10-13,286.8605165921725,293.6367492675781,284.60177236703726,293.6367492675781,5700,0.0,0
2010-10-14,292.1309777462121,298.154296875,291.3780628551137,298.154296875,6700,0.0,0
2010-10-15,300.4130100269414,300.4130100269414,299.66009521484375,299.66009521484375,15200,0.0,0
2010-10-18,297.4013366699219,297.4013366699219,297.4013366699219,297.4013366699219,2000,0.0,0
2010-10-19,291.37811279296875,291.37811279296875,291.37811279296875,291.37811279296875,700,0.0,0
2010-10-20,290.6251683619115,291.3780833058543,286.86059364219767,289.87225341796875,2300,0.0,0
2010-10-21,292.1309353159142,292.88385009765625,292.1309353159142,292.88385009765625,1600,0.0,0
2010-10-22,290.6250596338389,295.1425476074219,290.6250596338389,295.1425476074219,900,0.0,0
2010-10-25,301.1658649055325,301.1658649055325,295.1425476074219,295.1425476074219,4700,0.0,0
2010-10-26,298.9071960449219,298.9071960449219,298.9071960449219,298.9071960449219,1100,0.0,0
2010-10-27,295.1426134611431,295.8955282914011,286.1076354980469,286.1076354980469,2800,0.0,0
2010-10-28,265.0259976044544,273.3080600295936,265.0259976044544,272.5551452636719,13600,0.0,0
2010-10-29,265.0260289368017,272.55517748614267,265.0260289368017,269.54351806640625,1800,0.0,0
2010-11-01,271.04934777627443,272.55517748614267,269.54351806640625,269.54351806640625,6900,0.0,0
2010-11-02,267.2847579913551,270.2964172363281,267.2847579913551,270.2964172363281,300,0.0,0
2010-11-04,273.3080949783325,273.3080949783325,265.0260314941406,265.0260314941406,3800,0.0,0
2010-11-05,268.7906023661296,274.81392118665906,268.7906023661296,271.0493469238281,4100,0.0,0
2010-11-08,271.0493469238281,271.0493469238281,268.03768751356336,271.0493469238281,4700,0.0,0
2010-11-09,269.5434882346164,274.06097686424687,268.03765869140625,268.03765869140625,2800,0.0,0
2010-11-10,269.54351232385125,282.3430645850397,269.54351232385125,280.0843200683594,4900,0.0,0
2010-11-11,284.6017748448237,288.36634858615736,284.6017748448237,287.6134338378906,2100,0.0,0
2010-11-12,289.8721755590194,293.6367492675781,289.8721755590194,293.6367492675781,9600,0.0,0
2010-11-15,293.63676278802416,297.4013366699219,287.6134445769878,297.4013366699219,16400,0.0,0
2010-11-16,296.6484837811109,297.40139871456546,295.1426539142017,295.89556884765625,5900,0.0,0
2010-11-17,295.1426539142017,295.89556884765625,295.1426539142017,295.89556884765625,1000,0.0,0
2010-11-18,295.1425937350144,295.8955085149507,293.6367641751419,294.3896789550781,3300,0.0,0
2010-11-19,295.89556884765625,295.89556884765625,295.89556884765625,295.89556884765625,700,0.0,0
2010-11-22,295.89549412678195,303.4246415600334,291.3780056668311,292.13092041015625,16700,0.0,0
2010-11-24,291.37811279296875,292.1310278131056,289.872282752695,291.37811279296875,4900,0.0,0
2010-11-25,291.3780637634587,297.40138291102375,289.8722339765675,296.6484680175781,4900,0.0,0
2010-11-26,292.1310278131056,295.89560291378996,291.37811279296875,291.37811279296875,4200,0.0,0
2010-11-29,291.37811279296875,292.1310278131056,289.872282752695,291.37811279296875,6500,0.0,0
2010-11-30,286.1076511997032,287.6134809428595,284.6018214565468,285.354736328125,3200,0.0,0
2010-12-01,287.6134516601563,287.6134516601563,280.83721850585937,282.3430480957031,6700,0.0,0
2010-12-02,292.13103389992955,292.13103389992955,283.8489685058594,283.8489685058594,6000,0.0,0
2010-12-03,283.8488776855469,283.8488776855469,279.3313889160156,282.3430480957031,8300,0.0,0
2010-12-06,282.3431348676159,289.8722851307523,282.3431348676159,288.366455078125,2900,0.0,0
2010-12-07,287.61352427800495,289.8722692330678,286.1076943079631,289.1193542480469,3100,0.0,0
2010-12-08,289.872282752695,292.8839428332425,289.11936773255815,291.37811279296875,9500,0.0,0
2010-12-09,291.37811279296875,292.1310278131056,288.3664527124213,291.37811279296875,15900,0.0,0
2010-12-10,290.6251977728319,291.37811279296875,289.872282752695,291.37811279296875,23100,0.0,0
2010-12-13,292.1309941803833,295.89556884765625,289.8722493800195,295.89556884765625,60700,0.0,0
2010-12-14,296.64837693194954,298.907120918741,293.6367182828942,295.1425476074219,48300,0.0,0
2010-12-15,295.8954622696857,295.8954622696857,290.6250596338389,295.1425476074219,59700,0.0,0
2010-12-16,296.6484837811109,301.16597338183846,294.3897389807471,295.89556884765625,23800,0.0,0
2010-12-17,296.6484837811109,296.6484837811109,294.3897389807471,295.89556884765625,12400,0.0,0
2010-12-20,295.89549349271334,295.89549349271334,293.6367492675781,293.6367492675781,9400,0.0,0
2010-12-21,295.1425944428824,295.89550922462445,292.1309353159142,292.88385009765625,6900,0.0,0
2010-12-22,293.6367492675781,294.38966400928985,289.8721755590194,293.6367492675781,19800,0.0,0
2010-12-24,292.88383452586635,293.6367492675781,290.62509030073113,293.6367492675781,22800,0.0,0
2010-12-27,292.1310278131056,292.8839428332425,291.37811279296875,291.37811279296875,9900,0.0,0
2010-12-28,292.13092041015625,292.13092041015625,292.13092041015625,292.13092041015625,4600,0.0,0
2010-12-29,292.1309777462121,298.154296875,291.3780628551137,298.154296875,7100,0.0,0
2010-12-30,292.8839091138379,296.6484837811109,292.1309941803833,295.89556884765625,2800,0.0,0
2011-01-04,295.1425937350144,295.8955085149507,293.6367641751419,294.3896789550781,5700,0.0,0
2011-01-05,293.6367641751419,294.3896789550781,291.3780198353331,294.3896789550781,10600,0.0,0
2011-01-06,295.1425937350144,297.4013380748232,293.6367641751419,294.3896789550781,31600,0.0,0
2011-01-07,295.1425937350144,295.1425937350144,293.6367641751419,294.3896789550781,14700,0.0,0
2011-01-11,295.8955085149507,297.4013380748232,293.6367641751419,294.3896789550781,40700,0.0,0
2011-01-12,295.1426878936531,298.1543479742006,291.37811279296875,291.37811279296875,67700,0.0,0
2011-01-13,294.38966094970704,314.7183587646484,293.6367462158203,301.1658935546875,314500,0.0,0
2011-01-14,337.3058029415914,341.8232913738449,320.7416786899954,333.5412292480469,271900,0.0,0
2011-01-17,331.28255303626315,331.28255303626315,316.9771700642427,321.4946594238281,84500,0.0,0
2011-01-18,316.2242259306066,320.7417148724724,314.71839628331804,319.9888000488281,46400,0.0,0
2011-01-19,320.7417445305639,327.517978569942,319.98882963729966,321.4946594238281,27500,0.0,0
2011-01-20,317.73008495750696,323.7534041036208,317.73008495750696,321.4946594238281,7500,0.0,0
2011-01-21,319.98875572567897,321.494585164388,316.22418212890625,316.22418212890625,28500,0.0,0
2011-01-24,316.22421049735914,321.4946140056485,315.47129571046065,320.74169921875,13200,0.0,0
2011-01-25,321.4946140056485,323.0004435794454,320.74169921875,320.74169921875,17900,0.0,0
2011-01-26,321.4945822782295,326.76498526639716,320.7416675656341,323.7533264160156,4600,0.0,0
2011-01-27,323.00043936951516,329.77667236328125,320.7416950382598,329.77667236328125,20500,0.0,0
2011-01-28,327.51788330078125,327.51788330078125,324.5062246037626,327.51788330078125,17700,0.0,0
2011-01-31,297.40134927170783,304.17758254625306,293.63677523029384,302.6717529296875,61500,0.0,0
2011-02-01,301.1659405994175,301.1659405994175,297.4013663419248,298.9071960449219,20300,0.0,0
2011-02-02,298.9071960449219,299.6601108964204,289.1193029754408,298.9071960449219,29100,0.0,0
2011-02-03,298.9071960449219,301.91885545091606,297.4013663419248,298.9071960449219,11800,0.0,0
2011-02-04,300.41300850483907,304.17758254625306,300.41300850483907,302.6717529296875,12800,0.0,0
2011-02-07,302.67173801336503,303.42465278454256,298.9071641574774,301.9188232421875,7300,0.0,0
2011-02-08,298.1541894898379,301.1658479695332,298.1541894898379,300.4129333496094,11200,0.0,0
2011-02-09,299.66009521484375,300.4130100269414,298.15426559064855,299.66009521484375,11100,0.0,0
2011-02-10,299.660126657197,301.16595643939394,298.154296875,298.154296875,12300,0.0,0
2011-02-14,301.1659233131219,302.6717529296875,298.15426407999064,302.6717529296875,23100,0.0,0
2011-02-15,302.6717230224609,302.6717230224609,298.9071493530273,301.1658935546875,26700,0.0,0
2011-02-16,301.1658935546875,301.1658935546875,298.1542346191406,301.1658935546875,12300,0.0,0
2011-02-17,301.16592483903895,301.16592483903895,297.401350778551,299.66009521484375,19000,0.0,0
2011-02-18,298.9071960449219,300.413025747919,298.9071960449219,298.9071960449219,3200,0.0,0
2011-02-21,302.67175446323415,302.67175446323415,298.9071804027462,299.66009521484375,3100,0.0,0
2011-02-22,300.413025747919,300.413025747919,298.15428119342334,298.9071960449219,13700,0.0,0
2011-02-23,297.4013663419248,298.9071960449219,296.6484514904262,298.9071960449219,7600,0.0,0
2011-02-24,298.9071960449219,298.9071960449219,293.6367920844321,298.9071960449219,17600,0.0,0
2011-02-25,298.9071676346957,298.9071676346957,294.3896789550781,294.3896789550781,11500,0.0,0
2011-02-28,298.9071804027462,299.66009521484375,295.8955211543558,299.66009521484375,4400,0.0,0
2011-03-01,299.6600789286549,301.9188232421875,295.8955050727673,301.9188232421875,5100,0.0,0
2011-03-02,300.4129333496094,300.4129333496094,297.40127486991406,300.4129333496094,7300,0.0,0
2011-03-03,300.4129788208008,301.1658935546875,295.89549041748046,301.1658935546875,1900,0.0,0
2011-03-04,301.16595643939394,301.16595643939394,297.40138198390156,298.154296875,11400,0.0,0
2011-03-07,301.16595643939394,301.16595643939394,298.154296875,298.154296875,2000,0.0,0
2011-03-08,298.15425144630143,298.15425144630143,297.4013366699219,297.4013366699219,2400,0.0,0
2011-03-09,298.154296875,298.154296875,298.154296875,298.154296875,1900,0.0,0
2011-03-10,300.4130415482955,300.4130415482955,297.40138198390156,298.154296875,2100,0.0,0
2011-03-11,298.154296875,299.660126657197,296.64846709280306,298.154296875,6300,0.0,0
2011-03-14,254.485272051837,278.57855224609375,254.485272051837,278.57855224609375,29000,0.0,0
2011-03-15,278.57850631864943,278.57850631864943,218.34531576326577,228.13320922851562,45200,0.0,0
2011-03-16,228.13319799249822,263.52019570090556,228.13319799249822,248.46189880371094,15100,0.0,0
2011-03-17,224.36858218097973,249.2147674560547,224.36858218097973,249.2147674560547,16600,0.0,0
2011-03-18,248.46184779575893,271.0492885044643,248.46184779575893,263.5201416015625,7200,0.0,0
2011-03-22,267.2846968049189,274.8138431937898,263.5201236104834,273.3080139160156,15200,0.0,0
2011-03-23,273.3080289232862,281.59009040581003,270.29637020236845,274.0609436035156,7600,0.0,0
2011-03-24,277.82558675450605,286.8605651855469,277.82558675450605,286.8605651855469,17400,0.0,0
2011-03-25,291.3780833058543,291.3780833058543,288.3664235300832,289.87225341796875,8000,0.0,0
2011-03-28,289.87220724629617,290.6251220703125,277.8255700620345,290.6251220703125,4600,0.0,0
2011-03-29,292.1507218235223,295.201904296875,286.04835687681685,295.201904296875,1300,5.0,0
2011-03-30,289.8623046875,290.6251002261513,289.09950914884865,289.8623046875,1400,0.0,0
2011-03-31,289.8623046875,305.1182154605263,282.99714483963817,289.8623046875,21100,0.0,0
2011-04-01,302.0670648619186,302.0670648619186,289.86233496850775,295.201904296875,11300,0.0,0
2011-04-04,300.5414915406859,300.5414915406859,290.62514791117087,293.67633056640625,10400,0.0,0
2011-04-05,292.91354518581085,292.91354518581085,281.47160982699006,282.2344055175781,4200,0.0,0
2011-04-06,281.47157516479496,282.2343707614475,274.6064147949219,274.6064147949219,10500,0.0,0
2011-04-07,273.080819266183,273.84361485072543,259.35049874441967,272.3180236816406,8400,0.0,0
2011-04-08,269.26685420384314,275.3692191716356,269.26685420384314,273.8436279296875,5700,0.0,0
2011-04-11,279.18318829029715,279.94598388671875,279.18318829029715,279.94598388671875,1300,0.0,0
2011-04-12,280.7087395580852,280.7087395580852,274.60637565464856,275.3691711425781,5800,0.0,0
2011-04-13,275.36919771461186,289.0995178222656,275.36919771461186,289.0995178222656,7100,0.0,0
2011-04-14,289.8623046875,292.1506913034539,288.33671361019736,289.8623046875,12000,0.0,0
2011-04-15,289.8622820454259,289.8622820454259,283.7599182128906,283.7599182128906,42500,0.0,0
2011-04-18,283.75990383684143,283.75990383684143,273.8435631113604,276.8947448730469,9200,0.0,0
2011-04-19,270.79241943359375,278.4203749105964,270.79241943359375,270.79241943359375,4200,0.0,0
2011-04-20,272.31797223051717,278.42033575389013,272.31797223051717,276.8947448730469,1500,0.0,0
2011-04-21,276.8948015848796,277.65759718153214,273.8436191982693,274.6064147949219,2500,0.0,0
2011-04-22,274.6063416363442,281.4715001772528,273.8435462429099,278.4203186035156,5700,0.0,0
2011-04-25,274.6064235506616,274.6064235506616,273.08083230871347,273.8436279296875,10800,0.0,0
2011-04-26,277.6575528789499,277.6575528789499,270.0295981295282,273.0807800292969,18900,0.0,0
2011-04-27,274.60638839207337,274.60638839207337,270.7924107755168,271.5552062988281,1300,0.0,0
2011-04-28,272.3180280049642,278.4203927781847,270.7924368116591,274.6064147949219,4200,0.0,0
2011-05-02,280.7087395580852,282.23433053394433,275.3691711425781,275.3691711425781,1300,0.0,0
2011-05-06,275.36918391538467,275.36918391538467,267.7412286822715,271.5552062988281,3100,0.0,0
2011-05-09,271.55523240831167,278.4203927781847,271.55523240831167,274.6064147949219,800,0.0,0
2011-05-10,279.9459839714898,280.7087795681424,274.6064147949219,274.6064147949219,2800,0.0,0
2011-05-11,275.3692103915745,276.8948015848796,274.6064147949219,274.6064147949219,4300,0.0,0
2011-05-12,280.70877948314035,280.70877948314035,274.60641471176774,279.94598388671875,11400,0.0,0
2011-05-13,285.28550917102444,286.0483046500913,279.18314533848917,283.7599182128906,7600,0.0,0
2011-05-16,288.33672647890836,288.33672647890836,280.7087707519531,280.7087707519531,16400,0.0,0
2011-05-17,286.8111443413629,286.8111443413629,274.6064147949219,274.6064147949219,1900,0.0,0
2011-05-18,273.8435462429099,286.04827253785857,273.8435462429099,278.4203186035156,5500,0.0,0
2011-05-19,283.7599530427352,286.04833976082176,280.7087707519531,280.7087707519531,20000,0.0,0
2011-05-20,276.8948356834618,286.0483839705184,276.8948356834618,282.2344055175781,4500,0.0,0
2011-05-23,275.36922341025337,280.70879283926104,275.36922341025337,276.13201904296875,3900,0.0,0
2011-05-24,277.65755438035535,283.7599182128906,277.65755438035535,283.7599182128906,1500,0.0,0
2011-05-25,282.23433053394433,282.23433053394433,275.3691711425781,275.3691711425781,5300,0.0,0
2011-05-26,282.2344055175781,282.2344055175781,282.2344055175781,282.2344055175781,1100,0.0,0
2011-05-27,276.1320059046109,279.94598388671875,275.3692103081893,279.94598388671875,3800,0.0,0
2011-05-30,279.1831532572652,279.1831532572652,277.6575622558594,277.6575622558594,900,0.0,0
2011-05-31,277.65763137404986,282.2344055175781,277.65763137404986,282.2344055175781,2200,0.0,0
2011-06-01,276.1319494326253,277.6575403134685,276.1319494326253,276.8947448730469,2500,0.0,0
2011-06-02,276.13200598822704,276.13200598822704,271.55523240831167,274.6064147949219,2500,0.0,0
2011-06-03,275.3692103915745,275.3692103915745,274.6064147949219,274.6064147949219,200,0.0,0
2011-06-06,268.5040064102564,273.84357471955127,267.7412109375,267.7412109375,4600,0.0,0
2011-06-07,269.266885063865,270.7924764806574,268.50408935546875,268.50408935546875,1600,0.0,0
2011-06-08,268.50404575892856,272.3180236816406,267.74125017438615,272.3180236816406,800,0.0,0
2011-06-09,270.02960205078125,272.3179885088387,266.9784201067046,270.02960205078125,4200,0.0,0
2011-06-10,270.02960205078125,270.02960205078125,270.02960205078125,270.02960205078125,1200,0.0,0
2011-06-13,271.55519370293024,277.6575576063669,271.55519370293024,275.3691711425781,5300,0.0,0
2011-06-14,279.946018445814,284.52279258934226,276.13203999287373,282.2344055175781,12900,0.0,0
2011-06-15,276.13200598822704,277.65759718153214,267.74125442504885,274.6064147949219,36800,0.0,0
2011-06-16,274.6064147949219,274.6064147949219,274.6064147949219,274.6064147949219,1200,0.0,0
2011-06-17,276.13200598822704,276.13200598822704,274.6064147949219,274.6064147949219,1100,0.0,0
2011-06-20,275.36922341025337,276.13201904296875,275.36922341025337,276.13201904296875,1200,0.0,0
2011-06-21,277.65763137404986,282.2344055175781,277.65763137404986,282.2344055175781,2200,0.0,0
2011-06-22,282.2343531662856,282.9971487153836,280.7087620680894,281.4715576171875,8800,0.0,0
2011-06-23,282.2344055175781,282.2344055175781,279.1832227552259,282.2344055175781,4000,0.0,0
2011-06-24,282.2344055175781,282.2344055175781,281.47160982699006,282.2344055175781,11200,0.0,0
2011-06-27,282.2344055175781,282.2344055175781,282.2344055175781,282.2344055175781,2100,0.0,0
2011-06-28,282.2344055175781,282.2344055175781,282.2344055175781,282.2344055175781,1400,0.0,0
2011-06-29,282.2343017578125,286.04827880859375,280.70871093750003,286.04827880859375,6200,0.0,0
2011-06-30,285.2855052542179,287.5738916600004,279.1831415054646,286.81109619140625,10000,0.0,0
2011-07-01,286.81107421875004,286.81107421875004,282.9970971679688,286.04827880859375,12100,0.0,0
2011-07-04,286.04833557612034,289.86231338380196,285.28554001458406,289.0995178222656,71400,0.0,0
2011-07-05,289.0995308001017,295.9646911621094,285.2855528212085,295.9646911621094,6800,0.0,0
2011-07-06,293.67630863433607,298.2530822753906,293.67630863433607,298.2530822753906,10300,0.0,0
2011-07-07,297.4902866685482,298.2530822753906,297.4902866685482,298.2530822753906,35000,0.0,0
2011-07-08,298.25306044358473,298.25306044358473,297.4902648925781,297.4902648925781,10500,0.0,0
2011-07-11,297.49029115188955,298.2530867702277,290.62513058684596,295.201904296875,5600,0.0,0
2011-07-12,294.4390563964844,294.4390563964844,293.67626091359193,294.4390563964844,9100,0.0,0
2011-07-13,292.91351744186045,298.2530867702277,292.91351744186045,295.201904296875,17700,0.0,0
2011-07-14,296.727486757888,298.2530779494453,294.43909997055215,295.9646911621094,18600,0.0,0
2011-07-15,289.8623046875,293.67628238075656,288.33671361019736,289.8623046875,54400,0.0,0
2011-07-19,286.04833557612034,289.86231338380196,286.04833557612034,289.0995178222656,11300,0.0,0
2011-07-20,289.8623046875,290.6251002261513,289.09950914884865,289.8623046875,12100,0.0,0
2011-07-21,289.8622780657829,289.8622780657829,286.81109619140625,286.81109619140625,19500,0.0,0
2011-07-22,286.8111311376567,289.0995178222656,286.04833557612034,289.0995178222656,8300,0.0,0
2011-07-25,289.0995178222656,289.0995178222656,284.5227444530477,289.0995178222656,11200,0.0,0
2011-07-26,286.0483791738908,289.09956188507897,284.5227878182967,285.28558349609375,5500,0.0,0
2011-07-27,286.0483791738908,286.0483791738908,284.5227878182967,285.28558349609375,2900,0.0,0
2011-07-28,285.2855923322826,286.0483880337058,284.5227966308594,284.5227966308594,2800,0.0,0
2011-07-29,284.5227966308594,284.5227966308594,283.76000092943616,284.5227966308594,2400,0.0,0
2011-08-01,283.75999689875425,284.52279258934226,282.2344055175781,282.2344055175781,4500,0.0,0
2011-08-02,280.7087047838185,280.7087047838185,276.1319324232128,278.4203186035156,5400,0.0,0
2011-08-03,274.60641043526783,276.1320016043527,272.3180236816406,272.3180236816406,5300,0.0,0
2011-08-04,272.3179845543547,276.89475740400775,272.3179845543547,273.0807800292969,5700,0.0,0
2011-08-05,266.9784154647436,268.5040064102564,262.40164262820514,267.7412109375,5400,0.0,0
2011-08-08,261.63893373550906,267.7412995369204,260.11334228515625,260.11334228515625,7900,0.0,0
2011-08-09,259.3505212032434,259.3505212032434,247.90858644427678,251.72256469726562,6000,0.0,0
2011-08-10,256.2993249725877,260.8760986328125,256.2993249725877,260.8760986328125,2100,0.0,0
2011-08-11,260.8760986328125,266.9784635131122,259.35050741273756,260.8760986328125,3800,0.0,0
2011-08-12,265.4528503417969,266.97844143571524,263.1644637009193,265.4528503417969,7000,0.0,0
2011-08-15,271.55524524667646,276.13201904296875,271.55524524667646,276.13201904296875,20300,0.0,0
2011-08-16,276.1319882674956,276.89478381519586,270.79241943359375,270.79241943359375,5600,0.0,0
2011-08-17,270.79239360447036,273.0807800292969,270.79239360447036,273.0807800292969,300,0.0,0
2011-08-18,273.0807800292969,273.0807800292969,273.0807800292969,273.0807800292969,100,0.0,0
2011-08-19,268.50408935546875,268.50408935546875,268.50408935546875,268.50408935546875,200,0.0,0
2011-08-22,262.4015994358883,266.215576171875,262.4015994358883,266.215576171875,700,0.0,0
2011-08-23,266.2155677141462,268.5039536830357,266.2155677141462,266.9783630371094,2200,0.0,0
2011-08-24,266.9783630371094,270.7923396519252,266.9783630371094,266.9783630371094,2800,0.0,0
2011-08-25,266.9783630371094,267.7411583600725,266.9783630371094,266.9783630371094,10100,0.0,0
2011-08-26,273.08072562081475,273.08072562081475,259.35040980747766,266.9783630371094,13700,0.0,0
2011-08-29,266.9783630371094,267.7411583600725,266.2155677141462,266.9783630371094,8200,0.0,0
2011-08-30,266.9783630371094,266.9783630371094,266.9783630371094,266.9783630371094,3800,0.0,0
2011-08-31,266.215576171875,266.215576171875,265.4527808246777,266.215576171875,3000,0.0,0
2011-09-01,266.215576171875,266.97837151907237,266.215576171875,266.215576171875,3100,0.0,0
2011-09-02,266.2156941849372,266.9784898702809,263.92730712890625,263.92730712890625,1200,0.0,0
2011-09-05,266.21564588875606,266.97844143571524,263.9272592478785,265.4528503417969,900,0.0,0
2011-09-06,262.4016418457031,266.9784146685933,260.113255434258,262.4016418457031,6600,0.0,0
2011-09-07,263.1644637009193,273.08080581138876,262.40166815396014,265.4528503417969,4800,0.0,0
2011-09-08,265.4528766134511,270.0296503481658,260.113307256284,263.16448974609375,3600,0.0,0
2011-09-09,263.1643864222935,273.08072562081475,263.1643864222935,266.9783630371094,2200,0.0,0
2011-09-12,266.9784898702809,266.9784898702809,263.16451144356256,263.92730712890625,5500,0.0,0
2011-09-13,265.45277239118303,266.9783630371094,264.68997706821983,266.9783630371094,5800,0.0,0
2011-09-14,266.97837151907237,266.97837151907237,263.92719013028295,266.215576171875,8900,0.0,0
2011-09-15,260.113255434258,263.16443731618483,256.29927808184954,262.4016418457031,23200,0.0,0
2011-09-16,259.35049874441967,261.6388854980469,257.0621119907924,261.6388854980469,2000,0.0,0
2011-09-20,257.82486902281295,262.4016418457031,257.82486902281295,262.4016418457031,3300,0.0,0
2011-09-21,260.87611569451326,265.4528896540661,260.87611569451326,264.6900939941406,1100,0.0,0
2011-09-22,270.7924279605641,270.7924279605641,257.82490324132584,259.3504943847656,7700,0.0,0
2011-09-26,263.1644766671317,263.1644766671317,257.0621119907924,261.6388854980469,2700,0.0,0
2011-09-27,261.6388463752214,263.16443731618483,245.62014149510583,262.4016418457031,6500,0.0,0
2011-09-28,267.04598848209827,269.3681275123774,266.2719421386719,266.2719421386719,4300,5.0,0
2011-09-29,266.2719451375091,267.8200378417969,266.2719451375091,267.8200378417969,3100,0.0,0
2011-09-30,264.72377853844995,264.72377853844995,259.3054555859086,261.6275939941406,8000,0.0,0
2011-10-03,268.59400388803056,268.59400388803056,259.3054504394531,259.3054504394531,2700,0.0,0
2011-10-04,259.3054937690757,265.49786376953125,259.3054937690757,265.49786376953125,200,0.0,0
2011-10-05,263.1756862662953,263.1756862662953,259.3054555859086,261.6275939941406,1000,0.0,0
2011-10-06,261.62762774299176,263.17572021484375,256.9833503274357,263.17572021484375,2600,0.0,0
2011-10-07,263.1757537663332,267.0459854393675,263.1757537663332,264.7238464355469,1600,0.0,0
2011-10-11,264.7238524332212,270.9162232503726,264.7238524332212,267.8200378417969,8900,0.0,0
2011-10-12,269.3681275123774,269.3681275123774,266.2719421386719,266.2719421386719,7600,0.0,0
2011-10-13,266.2719132133152,267.8200057319973,266.2719132133152,267.04595947265625,4900,0.0,0
2011-10-14,270.1421768982287,270.1421768982287,265.4978987853651,267.8200378417969,4800,0.0,0
2011-10-17,272.4642832880435,272.4642832880435,265.4978669539742,267.04595947265625,19000,0.0,0
2011-10-18,266.2719132133152,267.04595947265625,266.2719132133152,267.04595947265625,1000,0.0,0
2011-10-19,263.1757185944414,263.1757185944414,262.40167236328125,262.40167236328125,1100,0.0,0
2011-10-20,263.94980974895196,263.94980974895196,253.88720703125,253.88720703125,2300,0.0,0
2011-10-21,256.98331717767655,261.6275939941406,256.98331717767655,261.6275939941406,800,0.0,0
2011-10-24,267.04595947265625,267.04595947265625,264.72382069463316,267.04595947265625,1300,0.0,0
2011-10-25,270.91618257410386,270.91618257410386,263.17572021484375,263.17572021484375,5900,0.0,0
2011-10-26,269.3680725097656,269.3680725097656,269.3680725097656,269.3680725097656,1200,0.0,0
2011-10-27,267.04595947265625,267.04595947265625,267.04595947265625,267.04595947265625,1500,0.0,0
2011-10-28,267.04595947265625,267.04595947265625,267.04595947265625,267.04595947265625,14300,0.0,0
2011-10-31,267.8200057319973,267.8200057319973,267.04595947265625,267.04595947265625,200,0.0,0
2011-11-01,267.04595947265625,267.04595947265625,267.04595947265625,267.04595947265625,500,0.0,0
2011-11-02,263.1757153247867,263.1757153247867,260.85357666015625,260.85357666015625,600,0.0,0
2011-11-04,270.91618257410386,270.91618257410386,263.17572021484375,263.17572021484375,1200,0.0,0
2011-11-07,261.6275939941406,261.6275939941406,261.6275939941406,261.6275939941406,100,0.0,0
2011-11-08,261.6275888015975,261.6275888015975,259.3054504394531,259.3054504394531,1800,0.0,0
2011-11-09,259.3054504394531,259.3054504394531,259.3054504394531,259.3054504394531,0,0.0,0
2011-11-10,255.4352997570503,255.4352997570503,253.11316066834985,253.88720703125,3100,0.0,0
2011-11-11,253.88720703125,253.88720703125,250.7910215796494,253.88720703125,5700,0.0,0
2011-11-14,263.94980310839276,268.594081168951,260.0795713912609,266.2719421386719,4400,0.0,0
2011-11-15,272.4642800200437,272.4642800200437,265.49786376953125,265.49786376953125,18200,0.0,0
2011-11-16,263.1757398267408,263.1757398267408,257.7574157714844,257.7574157714844,1100,0.0,0
2011-11-17,257.7574264526367,257.7574264526367,255.43528747558594,255.43528747558594,700,0.0,0
2011-11-18,255.43526251879098,265.49786376953125,255.43526251879098,265.49786376953125,3300,0.0,0
2011-11-21,260.0795654296875,264.7238433837891,255.43528747558594,255.43528747558594,1300,0.0,0
2011-11-22,255.4352198358792,259.3054504394531,255.4352198358792,259.3054504394531,1000,0.0,0
2011-11-24,259.30552209329886,264.7238464355469,259.30552209329886,264.7238464355469,1100,0.0,0
2011-11-25,264.7238126866958,264.7238126866958,263.17572021484375,263.17572021484375,5100,0.0,0
2011-11-28,265.49786376953125,265.49786376953125,265.49786376953125,265.49786376953125,1300,0.0,0
2011-11-29,265.49789579524554,266.2719421386719,265.49789579524554,266.2719421386719,400,0.0,0
2011-11-30,266.2719421386719,266.2719421386719,266.2719421386719,266.2719421386719,0,0.0,0
2011-12-01,270.1420915876116,270.9161376953125,270.1420915876116,270.9161376953125,300,0.0,0
2011-12-02,270.14213467488247,270.14213467488247,262.40167236328125,262.40167236328125,600,0.0,0
2011-12-05,263.17572021484375,266.2719051585478,263.17572021484375,263.17572021484375,2700,0.0,0
2011-12-06,264.7238464355469,267.0459854393675,264.7238464355469,264.7238464355469,3100,0.0,0
2011-12-07,263.1757188509296,277.1085510253906,263.1757188509296,277.1085510253906,4300,0.0,0
2011-12-08,270.9162139892578,278.65667724609375,270.9162139892578,278.65667724609375,6000,0.0,0
2011-12-09,278.65667724609375,278.65667724609375,278.65667724609375,278.65667724609375,22000,0.0,0
2011-12-12,279.43073845940665,286.39715576171875,278.6566920924831,286.39715576171875,5100,0.0,0
2011-12-13,285.62308361063697,288.7192687988281,284.0749910165414,288.7192687988281,12800,0.0,0
2011-12-14,289.4932861328125,289.4932861328125,284.84900881517376,289.4932861328125,13700,0.0,0
2011-12-15,289.49331509587597,289.49331509587597,288.7192687988281,288.7192687988281,41400,0.0,0
2011-12-16,276.3344674837791,278.65660586599574,273.23828297415696,274.0123291015625,1700,0.0,0
2011-12-19,274.01232388488245,275.5604161102208,271.690185546875,271.690185546875,1000,0.0,0
2011-12-20,272.46422991071427,273.23827601841515,269.36804547991073,270.9161376953125,2600,0.0,0
2011-12-21,272.4642736339036,277.1085510253906,269.3680887062456,277.1085510253906,3400,0.0,0
2011-12-22,276.33454460321474,276.33454460321474,263.1757567649664,266.2719421386719,10800,0.0,0
2011-12-26,269.36809010225187,269.36809010225187,263.17572021484375,263.17572021484375,3200,0.0,0
2011-12-27,271.690185546875,271.690185546875,271.690185546875,271.690185546875,100,0.0,0
2011-12-28,272.4643097816155,277.10858778925666,264.7238464355469,264.7238464355469,1800,0.0,0
2011-12-29,264.7238524332212,267.8200378417969,261.6276670246455,267.8200378417969,2300,0.0,0
2011-12-30,270.1420593261719,270.1420593261719,270.1420593261719,270.1420593261719,100,0.0,0
2012-01-04,266.2719100195882,267.8200025197021,263.94977126941734,265.49786376953125,1100,0.0,0
2012-01-05,259.3054890352137,263.17572021484375,259.3054890352137,263.17572021484375,1800,0.0,0
2012-01-06,263.9497336852245,263.9497336852245,239.95430335020407,241.5023956298828,21900,0.0,0
2012-01-10,247.69482421875,260.8536117553711,247.69482421875,255.43528747558594,2800,0.0,0
2012-01-11,258.53146049775273,258.53146049775273,255.435275342091,256.9833679199219,5400,0.0,0
2012-01-12,257.7573633137539,267.045916946682,257.7573633137539,261.6275939941406,7500,0.0,0
2012-01-13,263.94977126941734,270.91618751992985,262.4016787693035,265.49786376953125,12600,0.0,0
2012-01-16,264.72378718449517,264.72378718449517,251.56500244140625,251.56500244140625,22100,0.0,0
2012-01-17,259.30554344540553,270.91623942057294,253.88721865699407,260.07958984375,12800,0.0,0
2012-01-18,256.209265956594,260.0794965601679,256.209265956594,259.3054504394531,1700,0.0,0
2012-01-19,263.1757567649664,270.9162201992301,263.1757567649664,266.2719421386719,2800,0.0,0
2012-01-20,266.2719286421655,274.78643798828125,266.2719286421655,274.78643798828125,21600,0.0,0
2012-01-23,270.9161376953125,273.23827601841515,264.7237688337053,270.9161376953125,3200,0.0,0
2012-01-24,269.3680472088675,271.690185546875,263.17567830751426,271.690185546875,4800,0.0,0
2012-01-25,270.9161376953125,270.9161376953125,269.36804547991073,270.9161376953125,8600,0.0,0
2012-01-26,273.23827601841515,273.23827601841515,270.9161376953125,270.9161376953125,2500,0.0,0
2012-01-27,270.9161376953125,270.9161376953125,267.045907156808,270.9161376953125,5600,0.0,0
2012-01-30,263.17567661830356,270.9161376953125,263.17567661830356,270.9161376953125,4000,0.0,0
2012-01-31,264.7237688337053,270.9161376953125,247.6947544642857,270.9161376953125,8900,0.0,0
2012-02-01,264.7237953975283,269.3680725097656,264.7237953975283,269.3680725097656,1800,0.0,0
2012-02-02,268.5940856933594,268.5940856933594,268.5940856933594,268.5940856933594,100,0.0,0
2012-02-03,258.53144120748067,263.1757185944414,255.43525628284016,262.40167236328125,5400,0.0,0
2012-02-06,263.1757185944414,263.1757185944414,261.6276261321211,262.40167236328125,3800,0.0,0
2012-02-07,262.4016691032432,262.4016691032432,248.4688371154604,260.85357666015625,10200,0.0,0
2012-02-08,260.07950172198593,263.1756862662953,260.07950172198593,261.6275939941406,5700,0.0,0
2012-02-09,261.6276610971194,267.0459854393675,261.6276610971194,264.7238464355469,5600,0.0,0
2012-02-10,265.4978415829012,269.3680725097656,265.4978415829012,269.3680725097656,2400,0.0,0
2012-02-13,269.3680725097656,270.9161648805114,268.59402632439276,269.3680725097656,14900,0.0,0
2012-02-14,272.4642368467514,277.10851361118466,269.36805233712926,274.0123291015625,9300,0.0,0
2012-02-15,273.23828125,273.23828125,270.91614288243625,273.23828125,18200,0.0,0
2012-02-16,270.9162232503726,270.9162232503726,267.8200378417969,267.8200378417969,700,0.0,0
2012-02-17,267.8200378417969,267.8200378417969,267.8200378417969,267.8200378417969,1500,0.0,0
2012-02-20,269.3680725097656,270.14211869513855,267.81998013901983,269.3680725097656,3800,0.0,0
2012-02-21,269.36801331091067,274.0122894024781,269.36801331091067,270.1420593261719,400,0.0,0
2012-02-22,269.36804547991073,274.786368233817,269.36804547991073,270.9161376953125,3700,0.0,0
2012-02-23,270.9161376953125,277.1085065569196,266.27186104910714,270.9161376953125,9700,0.0,0
2012-02-24,277.1085083355591,277.1085083355591,270.14209332153666,271.690185546875,10500,0.0,0
2012-02-27,276.33446574008497,277.10851186260624,272.46423512747873,273.23828125,5200,0.0,0
2012-02-28,270.1421784062894,270.1421784062894,268.5940856933594,268.5940856933594,3100,0.0,0
2012-02-29,274.0122894024781,274.0122894024781,270.1420593261719,270.1420593261719,6200,0.0,0
2012-03-01,270.1420593261719,270.1420593261719,270.1420593261719,270.1420593261719,600,0.0,0
2012-03-02,268.59409640533755,307.2964157721009,268.59409640533755,306.5223693847656,24000,0.0,0
2012-03-05,316.5848551265529,321.22913172987637,283.3008728027344,283.3008728027344,284400,0.0,0
2012-03-06,285.6230367865444,287.1711291268509,279.4306674253185,280.978759765625,34400,0.0,0
2012-03-07,278.65667724609375,281.75286254882815,274.0123992919922,278.65667724609375,21800,0.0,0
2012-03-08,279.4307071510046,287.17116995297147,278.6566608708079,285.6230773925781,23000,0.0,0
2012-03-09,286.39715576171875,298.78189763249577,282.52692392710094,286.39715576171875,83200,0.0,0
2012-03-12,287.94519369359955,289.4932861328125,280.9787777171415,289.4932861328125,35500,0.0,0
2012-03-13,290.26739793367665,295.68572269510526,287.94525875020724,291.81549072265625,16400,0.0,0
2012-03-14,293.3635285945702,295.6856673433399,291.0413898458005,294.91162109375,25500,0.0,0
2012-03-15,294.91164855151817,295.6856948731757,290.26737062157304,293.3635559082031,36700,0.0,0
2012-03-16,298.7818785975219,298.7818785975219,292.5895080566406,292.5895080566406,5300,0.0,0
2012-03-19,292.5895080566406,294.13760069186094,290.2673691038101,292.5895080566406,16600,0.0,0
2012-03-21,291.04141542142025,296.4597396446914,291.04141542142025,292.5895080566406,15400,0.0,0
2012-03-22,294.13763858008326,296.45977783203125,293.36359216276725,296.45977783203125,5500,0.0,0
2012-03-23,296.459715199096,296.459715199096,293.36353018396187,295.6856689453125,9900,0.0,0
2012-03-26,298.00780770666313,299.55590021423023,293.36353018396187,295.6856689453125,6800,0.0,0
2012-03-27,295.6856689453125,298.00780770666313,293.36353018396187,295.6856689453125,15500,0.0,0
2012-03-28,294.90137760416667,294.90137760416667,291.76412890625,294.1170654296875,5200,5.0,0
2012-03-29,294.11710647338214,294.11710647338214,293.3327941894531,293.3327941894531,3500,0.0,0
2012-03-30,292.5484819055241,298.03866789302725,289.41123276980807,293.3327941894531,6000,0.0,0
2012-04-02,298.0386255657862,301.96018642849396,295.6856890481616,296.4700012207031,15700,0.0,0
2012-04-03,294.90137687562003,301.1758742559524,294.90137687562003,296.4700012207031,6900,0.0,0
2012-04-04,296.46999213906463,300.3915528816448,292.5484313964844,292.5484313964844,6100,0.0,0
2012-04-05,291.7640896415191,291.7640896415191,284.70528102115975,287.842529296875,9100,0.0,0
2012-04-06,288.626820799458,294.117004890752,288.626820799458,289.4111328125,3100,0.0,0
2012-04-09,286.27388476033195,289.4111328125,286.27388476033195,289.4111328125,1000,0.0,0
2012-04-10,287.0582076436248,288.6268317291091,283.92095947265625,283.92095947265625,6500,0.0,0
2012-04-11,284.7053245932369,284.7053245932369,277.6465148925781,277.6465148925781,12600,0.0,0
2012-04-12,279.9994514594644,280.7837636484265,276.86220270361605,277.6465148925781,12300,0.0,0
2012-04-13,280.78367106119794,282.352294921875,277.64642333984375,282.352294921875,11300,0.0,0
2012-04-16,277.6465156750801,277.6465156750801,275.2935791015625,275.2935791015625,18100,0.0,0
2012-04-17,278.4308270815402,278.4308270815402,277.6465148925781,277.6465148925781,1700,0.0,0
2012-04-18,280.78375846354163,294.1170654296875,277.64650976562496,294.1170654296875,5800,0.0,0
2012-04-19,289.41115428470175,289.41115428470175,282.3523456436115,283.13665771484375,1700,0.0,0
2012-04-20,279.9994094299147,283.13665771484375,279.21509735868244,283.13665771484375,2300,0.0,0
2012-04-23,288.6268726390797,288.6268726390797,283.1366875617059,285.4896240234375,2100,0.0,0
2012-04-24,283.9209997156164,285.4896240234375,282.35237540779536,285.4896240234375,4100,0.0,0
2012-04-25,289.41117428296235,289.41117428296235,282.3523651541096,286.27392578125,15300,0.0,0
2012-04-26,286.27385457356775,290.19541422526044,282.352294921875,282.352294921875,2600,0.0,0
2012-04-27,282.35241801798844,284.705354834805,279.9994812011719,279.9994812011719,8300,0.0,0
2012-05-01,279.9994102800396,279.9994102800396,276.8621619855854,278.4307861328125,3300,0.0,0
2012-05-02,279.9993995942777,281.5680236816406,279.9993995942777,281.5680236816406,700,0.0,0
2012-05-07,278.4308270815402,279.9994514594644,276.86220270361605,277.6465148925781,2300,0.0,0
2012-05-08,278.43084812164307,278.43084812164307,276.0779113769531,276.0779113769531,1900,0.0,0
2012-05-09,276.8621826171875,276.8621826171875,276.8621826171875,276.8621826171875,100,0.0,0
2012-05-10,277.6465339873756,280.7837829589844,276.07790950157124,280.7837829589844,2400,0.0,0
2012-05-11,280.78376443977027,281.5680766309428,275.2935791015625,275.2935791015625,6600,0.0,0
2012-05-14,276.862180276113,286.27392578125,267.450434770976,286.27392578125,9000,0.0,0
2012-05-15,282.3524134018842,282.3524134018842,264.3132314345416,266.6661682128906,21200,0.0,0
2012-05-16,265.0974839261906,267.4504201740562,261.9602355957031,261.9602355957031,4200,0.0,0
2012-05-17,261.960257688183,262.74456983695,255.68576049804685,255.68576049804688,7000,0.0,0
2012-05-18,256.4700370436448,261.9602213228666,254.90141296386716,254.9014129638672,4200,0.0,0
2012-05-21,255.68576049804685,255.68576049804685,254.90144834927983,255.68576049804688,1000,0.0,0
2012-05-22,256.4700927734375,259.60734161470276,255.68578056312117,256.4700927734375,2700,0.0,0
2012-05-23,258.03865550648084,269.01902382590555,256.47003146084876,258.8229675292969,1400,0.0,0
2012-05-24,258.03866112342246,259.6072852032001,247.05829256497896,254.9014129638672,5600,0.0,0
2012-05-25,254.90141329558,255.68572533648947,252.54847717285156,252.54847717285156,7300,0.0,0
2012-05-28,261.96020060981914,261.96020060981914,251.7641448974609,251.76414489746094,2100,0.0,0
2012-05-29,252.54849734468726,258.8229941731267,252.54849734468726,253.3328094482422,700,0.0,0
2012-05-30,254.11715371268136,263.5289001464844,251.76421710423062,263.5289001464844,1500,0.0,0
2012-05-31,262.7445983886719,262.7445983886719,262.7445983886719,262.7445983886719,500,0.0,0
2012-06-01,255.685778918567,261.17596435546875,255.685778918567,261.17596435546875,200,0.0,0
2012-06-04,252.54848251342776,252.54848251342776,243.13673782348633,250.9798583984375,6600,0.0,0
2012-06-05,250.9798583984375,250.9798583984375,250.9798583984375,250.9798583984375,100,0.0,0
2012-06-06,250.97985276442307,254.90141296386716,250.97985276442307,254.9014129638672,200,0.0,0
2012-06-07,255.685725003756,258.8229731633113,254.90141296386716,254.9014129638672,600,0.0,0
2012-06-08,254.90141296386716,257.2543490835336,253.33278888408952,254.9014129638672,1600,0.0,0
2012-06-11,257.25432329264817,263.5288189827127,252.54845152509972,258.03863525390625,8300,0.0,0
2012-06-12,258.82302692958285,270.58770997183666,258.82302692958285,263.5289001464844,3500,0.0,0
2012-06-13,265.0975221495697,270.58770751953125,265.0975221495697,270.58770751953125,5600,0.0,0
2012-06-14,270.5876261688942,270.5876261688942,253.33276305087776,269.8033142089844,7600,0.0,0
2012-06-15,269.8033886128682,269.8033886128682,255.68576944126463,259.6073303222656,18000,0.0,0
2012-06-18,259.60734945268774,262.7445983886719,259.60734945268774,262.7445983886719,200,0.0,0
2012-06-19,262.7445887660121,262.7445887660121,261.17596435546875,261.17596435546875,400,0.0,0
2012-06-20,261.17596435546875,261.17596435546875,261.17596435546875,261.17596435546875,600,0.0,0
2012-06-21,261.175912538232,269.80334508453996,261.175912538232,267.4504089355469,800,0.0,0
2012-06-22,268.2347308901239,269.01904296875,266.6661067328717,269.01904296875,2400,0.0,0
2012-06-25,269.0190330348756,269.0190330348756,259.60728843890325,267.4504089355469,17500,0.0,0
2012-06-26,267.4504804723403,267.4504804723403,266.6661682128906,266.6661682128906,900,0.0,0
2012-06-27,261.17596435546875,261.17596435546875,259.6073399449254,261.17596435546875,11700,0.0,0
2012-06-28,261.17596435546875,261.9602765607404,261.17596435546875,261.17596435546875,9900,0.0,0
2012-06-29,261.17596435546875,261.9602765607404,258.8230277396537,261.17596435546875,13100,0.0,0
2012-07-02,261.17596435546875,261.9602765607404,261.17596435546875,261.17596435546875,33600,0.0,0
2012-07-03,261.1759823967429,266.6661682128906,260.3916701372932,266.6661682128906,19400,0.0,0
2012-07-04,266.66614979237045,266.66614979237045,261.17596435546875,261.17596435546875,28800,0.0,0
2012-07-05,263.52890097128375,265.0975253818271,258.038715534382,261.17596435546875,19600,0.0,0
2012-07-06,261.17592218248905,269.01904296875,258.8229859466108,269.01904296875,42600,0.0,0
2012-07-09,268.2347008226887,269.8033248041079,261.1758929063021,264.3131408691406,16600,0.0,0
2012-07-10,265.0974528598502,266.66607684126944,261.1758929063021,264.3131408691406,14100,0.0,0
2012-07-11,265.0974528598502,267.45038883197907,263.528828878431,264.3131408691406,11100,0.0,0
2012-07-12,266.6661067328717,269.01904296875,263.52885841836735,269.01904296875,11800,0.0,0
2012-07-13,268.2347709324049,271.37201971524,265.0975221495697,270.58770751953125,22100,0.0,0
2012-07-17,270.58770751953125,270.58770751953125,269.01908312811366,270.58770751953125,49400,0.0,0
2012-07-18,270.58770751953125,270.58770751953125,265.8818343452785,270.58770751953125,4100,0.0,0
2012-07-19,265.88179600881244,265.88179600881244,261.9602355957031,261.9602355957031,5100,0.0,0
2012-07-20,265.0974839261906,265.0974839261906,259.6072993478375,261.9602355957031,7600,0.0,0
2012-07-23,260.3916320800781,266.6661292386342,259.6073199352586,260.3916320800781,4100,0.0,0
2012-07-24,261.9602563697172,261.9602563697172,256.47007135598056,260.3916320800781,1700,0.0,0
2012-07-25,261.1759739206798,262.7445983886719,260.39166168668373,262.7445983886719,5100,0.0,0
2012-07-26,261.9602355957031,261.9602355957031,261.9602355957031,261.9602355957031,1100,0.0,0
2012-07-27,261.96020489701175,264.3131408691406,261.96020489701175,264.3131408691406,1000,0.0,0
2012-07-30,258.03869564561955,260.3916320800781,258.03869564561955,260.3916320800781,500,0.0,0
2012-07-31,258.8229675292969,258.8229675292969,258.8229675292969,258.8229675292969,100,0.0,0
2012-08-01,254.90142685210634,261.9602355957031,253.3328026868626,261.9602355957031,1400,0.0,0
2012-08-02,261.1759635380336,263.5289001464844,261.1759635380336,263.5289001464844,900,0.0,0
2012-08-03,263.5289001464844,263.5289001464844,263.5289001464844,263.5289001464844,0,0.0,0
2012-08-06,263.5289001464844,263.5289001464844,263.5289001464844,263.5289001464844,0,0.0,0
2012-08-07,263.5289001464844,263.5289001464844,263.5289001464844,263.5289001464844,0,0.0,0
2012-08-08,261.1759635380336,264.3132123493013,261.1759635380336,263.5289001464844,1400,0.0,0
2012-08-09,263.5289001464844,263.5289001464844,262.74458794366745,263.5289001464844,1500,0.0,0
2012-08-10,263.5289106226679,263.5289106226679,261.1759739206798,262.7445983886719,6700,0.0,0
2012-08-13,262.7445070214547,262.7445070214547,258.03863525390625,258.03863525390625,12400,0.0,0
2012-08-14,264.31317962997264,274.50923700442263,259.6073069956111,272.94061279296875,6700,0.0,0
2012-08-15,272.9405622313008,272.9405622313008,265.0974426269531,265.0974426269531,19400,0.0,0
2012-08-16,265.0974426269531,265.0974426269531,265.0974426269531,265.0974426269531,200,0.0,0
2012-08-17,265.0974626150745,268.2347106933594,265.0974626150745,268.2347106933594,400,0.0,0
2012-08-20,264.31315059550326,268.2347106933594,264.31315059550326,268.2347106933594,1200,0.0,0
2012-08-21,266.6661682128906,266.6661682128906,266.6661682128906,266.6661682128906,1000,0.0,0
2012-08-22,264.31313066651836,265.0974426269531,264.31313066651836,265.0974426269531,900,0.0,0
2012-08-23,265.0974637118253,265.0974637118253,258.8229675292969,258.8229675292969,6700,0.0,0
2012-08-24,259.60726892488293,264.3131408691406,257.25433295275405,264.3131408691406,17000,0.0,0
2012-08-27,261.9602355957031,263.52885976094683,261.1759235130813,261.9602355957031,4400,0.0,0
2012-08-28,261.9602668508662,261.9602668508662,259.6073303222656,259.6073303222656,2200,0.0,0
2012-08-29,259.6073303222656,259.6073303222656,259.6073303222656,259.6073303222656,200,0.0,0
2012-08-30,259.6073303222656,259.6073303222656,259.6073303222656,259.6073303222656,200,0.0,0
2012-08-31,259.6072589039097,265.0974426269531,259.6072589039097,265.0974426269531,2600,0.0,0
2012-09-03,265.0974839261906,265.0974839261906,261.9602355957031,261.9602355957031,600,0.0,0
2012-09-04,261.17594422489765,261.17594422489765,260.3916320800781,260.3916320800781,700,0.0,0
2012-09-05,258.8230188881479,260.39164324504577,257.25439453125,257.25439453125,6400,0.0,0
2012-09-06,258.0386820695718,258.0386820695718,252.54849734468726,253.3328094482422,28800,0.0,0
2012-09-07,254.11713620051282,258.82300909311493,253.3328240517458,255.68576049804688,1400,0.0,0
2012-09-10,255.68576049804685,255.68576049804685,253.3328240517458,255.68576049804688,12300,0.0,0
2012-09-11,255.68576049804685,255.68576049804685,253.3328240517458,255.68576049804688,4400,0.0,0
2012-09-12,253.33278888408952,255.685725003756,253.33278888408952,254.9014129638672,7400,0.0,0
2012-09-13,254.90141296386716,254.90141296386716,252.5484768442007,254.9014129638672,11400,0.0,0
2012-09-14,257.2543434836648,262.7445276433771,254.90140741521662,258.8229675292969,37000,0.0,0
2012-09-18,258.8229731633113,258.8229731633113,254.90141296386716,254.9014129638672,19900,0.0,0
2012-09-19,255.6857194380327,260.391591574929,255.6857194380327,258.8229675292969,1700,0.0,0
2012-09-20,259.6073310665968,259.6073310665968,255.68577017435214,257.25439453125,5300,0.0,0
2012-09-21,258.82294721516433,258.82294721516433,258.03863525390625,258.03863525390625,2400,0.0,0
2012-09-24,258.0386969443479,258.82300909311493,254.90144834927983,255.68576049804688,10200,0.0,0
2012-09-25,259.6072795521129,259.6072795521129,257.2543434836648,258.8229675292969,7400,0.0,0
2012-09-26,265.19403076171875,265.19403076171875,265.19403076171875,265.19403076171875,900,5.0,0
2012-09-27,260.4157409667969,260.4157409667969,260.4157409667969,260.4157409667969,100,0.0,0
2012-09-28,257.2301940917969,257.2301940917969,257.2301940917969,257.2301940917969,3600,0.0,0
2012-10-01,258.822978626598,262.80487060546875,258.822978626598,262.80487060546875,1500,0.0,0
2012-10-02,257.2301940917969,258.0265724016786,256.43381578191514,257.2301940917969,9400,0.0,0
2012-10-03,257.23019252313634,258.8229491331867,255.63743591308594,255.63743591308594,2600,0.0,0
2012-10-04,249.26643787730825,254.04470825195312,249.26643787730825,254.04470825195312,4200,0.0,0
2012-10-05,252.4519459979134,258.82297302625193,252.4519459979134,256.433837890625,3000,0.0,0
2012-10-09,259.6193152794471,259.6193152794471,258.0265587439904,258.82293701171875,2100,0.0,0
2012-10-10,254.04470275499804,256.433837890625,250.85918924082878,256.433837890625,11100,0.0,0
2012-10-11,256.43381578191514,257.2301940917969,253.24830254238825,257.2301940917969,2500,0.0,0
2012-10-12,257.23024932299654,259.619384765625,257.23024932299654,259.619384765625,7200,0.0,0
2012-10-15,258.8229757641989,258.8229757641989,250.85919189453122,250.85919189453125,20400,0.0,0
2012-10-16,250.85920153923755,254.84109362716197,250.85920153923755,253.2483367919922,2400,0.0,0
2012-10-17,252.45193245970174,258.0265808105469,252.45193245970174,258.0265808105469,1800,0.0,0
2012-10-18,252.45195970535278,254.84109497070312,252.45195970535278,254.84109497070312,1900,0.0,0
2012-10-19,254.84108524743692,255.63746363883516,252.4519500732422,252.4519500732422,4500,0.0,0
2012-10-22,250.85919189453122,250.85919189453122,250.85919189453122,250.85919189453125,500,0.0,0
2012-10-23,255.63747339248656,255.63747339248656,254.84109497070312,254.84109497070312,900,0.0,0
2012-10-24,254.84109497070312,254.84109497070312,253.24833812713624,254.84109497070312,3400,0.0,0
2012-10-25,258.0266086578369,258.0266086578369,248.47006759643554,254.84109497070312,9200,0.0,0
2012-10-26,254.84115209334934,254.84115209334934,246.87736609043216,248.47012329101562,8000,0.0,0
2012-10-29,250.06281350756447,250.85919189453122,250.06281350756447,250.85919189453125,1200,0.0,0
2012-10-30,249.2664351205977,250.85919189453122,246.8772999596974,250.85919189453125,2100,0.0,0
2012-10-31,248.47005673363094,250.85919189453122,246.8772999596974,250.85919189453125,8300,0.0,0
2012-11-01,250.85925190593488,250.85925190593488,247.67373759601827,249.26649475097656,500,0.0,0
2012-11-02,250.06281627308238,254.04470825195312,250.06281627308238,254.04470825195312,1600,0.0,0
2012-11-05,256.433837890625,256.433837890625,248.47005410520185,256.433837890625,2400,0.0,0
2012-11-06,252.45198764076716,252.45198764076716,251.65560913085938,251.65560913085938,500,0.0,0
2012-11-07,253.24832846464042,253.24832846464042,251.65557168184395,252.4519500732422,500,0.0,0
2012-11-08,250.85920153923755,253.2483367919922,250.85920153923755,253.2483367919922,3500,0.0,0
2012-11-09,254.04470825195312,254.04470825195312,253.24832985617897,254.04470825195312,500,0.0,0
2012-11-12,250.85921415098156,251.6555926086037,248.47007877811507,250.06283569335938,9000,0.0,0
2012-11-13,251.65560913085938,253.24836615067494,249.26647360113603,251.65560913085938,6700,0.0,0
2012-11-14,252.4519459979134,256.433837890625,252.4519459979134,256.433837890625,8300,0.0,0
2012-11-15,254.0447054423983,254.0447054423983,250.85919189453122,250.85919189453125,18600,0.0,0
2012-11-16,254.84108382936506,254.84108382936506,250.85919189453122,250.85919189453125,3000,0.0,0
2012-11-19,254.8411231704905,254.8411231704905,242.09906701196599,251.65560913085938,14700,0.0,0
2012-11-20,251.65557995682244,254.04471520957708,251.65557995682244,253.2483367919922,4200,0.0,0
2012-11-21,253.2483367919922,253.2483367919922,248.4700662864829,253.2483367919922,3900,0.0,0
2012-11-22,253.24832985617897,255.63746504350144,253.24832985617897,254.04470825195312,23900,0.0,0
2012-11-26,257.2301940917969,257.2301940917969,254.8410591621517,257.2301940917969,5000,0.0,0
2012-11-27,254.8410591621517,257.2301940917969,251.6555459226248,257.2301940917969,2200,0.0,0
2012-11-28,254.8410591621517,257.2301940917969,254.8410591621517,257.2301940917969,1300,0.0,0
2012-11-29,253.24830254238825,257.2301940917969,251.6555459226248,257.2301940917969,32800,0.0,0
2012-11-30,254.84109362716197,254.84109362716197,251.65557995682244,253.2483367919922,13700,0.0,0
2012-12-03,253.24832846464042,256.4338420302334,252.4519500732422,252.4519500732422,20800,0.0,0
2012-12-04,252.45195970535278,254.84109497070312,252.45195970535278,254.84109497070312,15300,0.0,0
2012-12-05,254.84105760806074,255.63743591308594,254.84105760806074,255.63743591308594,1300,0.0,0
2012-12-06,257.23024932299654,259.619384765625,254.04473539949194,259.619384765625,8400,0.0,0
2012-12-07,258.0266083777851,265.99039258697604,254.04471627318966,263.60125732421875,13600,0.0,0
2012-12-10,267.5831382140208,268.3795166015625,262.8048678887704,268.3795166015625,24000,0.0,0
2012-12-11,268.37951112634994,270.7686462402344,265.1939976411707,270.7686462402344,3600,0.0,0
2012-12-12,269.9722678689396,274.7505380967084,266.78675438376035,270.7686462402344,16700,0.0,0
2012-12-13,270.76872917218395,281.91802978515625,270.76872917218395,281.91802978515625,13800,0.0,0
2012-12-14,280.3252200704225,282.71435546875,277.1397062059859,282.71435546875,11600,0.0,0
2012-12-17,293.8636650085449,293.8636650085449,282.7143660651313,286.6962585449219,45800,0.0,0
2012-12-18,285.8998693331866,285.8998693331866,273.1578138754401,282.71435546875,5200,0.0,0
2012-12-19,279.5288308279855,279.5288308279855,276.343317086356,278.7324523925781,2900,0.0,0
2012-12-20,278.73249920931727,280.32525634765625,277.13974207097834,280.32525634765625,4000,0.0,0
2012-12-21,278.73246642364853,280.3252233746408,277.13970947265625,277.13970947265625,3400,0.0,0
2012-12-25,281.1215589592255,281.1215589592255,264.3976135253906,264.3976135253906,10200,0.0,0
2012-12-26,277.1396932573461,277.1396932573461,265.1940168238398,266.7867736816406,4300,0.0,0
2012-12-27,267.5831604003906,270.76867421468097,266.786781946818,267.5831604003906,5400,0.0,0
2012-12-28,268.3795553354117,269.1759338378906,267.5831768329327,269.1759338378906,4700,0.0,0
2013-01-04,269.972303193191,277.13970947265625,269.972303193191,277.13970947265625,7200,0.0,0
2013-01-07,275.5469277202219,278.7324413354846,274.75054931640625,274.75054931640625,12800,0.0,0
2013-01-08,274.7506063634699,280.32525634765625,272.36147065596145,280.32525634765625,9600,0.0,0
2013-01-09,280.3252144072975,289.88175580754626,280.3252144072975,285.1034851074219,6900,0.0,0
2013-01-10,285.1034602597763,293.8636224465292,284.3070818791624,291.4744873046875,6100,0.0,0
2013-01-11,291.4744873046875,294.6600008271431,287.492595401618,291.4744873046875,14400,0.0,0
2013-01-15,285.10352776267314,285.10352776267314,279.5288777784868,280.32525634765625,25700,0.0,0
2013-01-16,280.32521757033476,284.3071098653679,275.54694681629496,279.5288391113281,3500,0.0,0
2013-01-17,278.7324523925781,278.7324523925781,278.7324523925781,278.7324523925781,1500,0.0,0
2013-01-18,278.7324606523215,280.32521757033476,277.93608219331486,279.5288391113281,11900,0.0,0
2013-01-21,280.3252725547316,281.91802978515625,280.3252725547316,281.91802978515625,2800,0.0,0
2013-01-22,282.7143441408955,287.49261474609375,282.7143441408955,287.49261474609375,10400,0.0,0
2013-01-23,285.103479875837,287.4926151820591,276.343317086356,278.7324523925781,5800,0.0,0
2013-01-24,278.7324631382042,282.71435546875,277.93608467209503,282.71435546875,4400,0.0,0
2013-01-25,281.1215960293414,281.1215960293414,278.7324606523215,279.5288391113281,7500,0.0,0
2013-01-28,281.9179298465718,284.30706484527155,281.1215515136719,281.1215515136719,5100,0.0,0
2013-01-29,279.52879484787206,281.1215515136719,278.7324165149721,281.1215515136719,8100,0.0,0
2013-01-30,281.1215764592203,284.30709007348906,280.3251980556531,283.5107116699219,5000,0.0,0
2013-01-31,286.69624200746335,290.678134257567,283.51072820738045,285.1034851074219,8600,0.0,0
2013-02-01,285.1034908670774,285.1034908670774,282.71435546875,282.71435546875,9300,0.0,0
2013-02-04,287.49261474609375,295.4563990880908,283.5107225750952,287.49261474609375,9900,0.0,0
2013-02-05,287.4925812365962,293.8636079676011,283.51068952971815,284.30706787109375,4500,0.0,0
2013-02-06,284.30709007348906,287.4926036877579,281.1215764592203,283.5107116699219,12700,0.0,0
2013-02-07,285.1034851074219,285.89986355744264,277.1397006072146,285.1034851074219,13800,0.0,0
2013-02-08,282.7143332663547,283.5107116699219,278.73244124851874,283.5107116699219,3700,0.0,0
2013-02-12,289.88179513405294,289.88179513405294,281.91800955344706,285.89990234375,7400,0.0,0
2013-02-13,287.49265945987116,288.2890380179318,281.91800955344706,285.89990234375,16400,0.0,0
2013-02-14,285.8998358289181,290.6781060656131,283.51070071057063,288.2889709472656,8900,0.0,0
2013-02-15,283.51068952971815,284.30706787109375,281.1215545055913,284.30706787109375,29100,0.0,0
2013-02-18,280.32521757033476,283.5107314063613,279.5288391113281,279.5288391113281,6200,0.0,0
2013-02-19,279.52884489914464,279.52884489914464,276.3433309971601,277.13970947265625,6800,0.0,0
2013-02-20,277.1396872621553,280.3252009088467,277.1396872621553,277.9360656738281,3000,0.0,0
2013-02-21,279.5288308279855,279.5288308279855,277.1396955217634,278.7324523925781,3100,0.0,0
2013-02-22,277.9360739571708,280.3252092633929,277.9360739571708,278.7324523925781,4900,0.0,0
2013-02-25,280.3251761642157,286.6962028952206,278.7324194814645,284.30706787109375,10700,0.0,0
2013-02-26,281.9179661342076,281.9179661342076,278.7324523925781,278.7324523925781,5100,0.0,0
2013-02-27,279.5288308279855,281.1215876988002,278.7324523925781,278.7324523925781,11400,0.0,0
2013-02-28,278.7324523925781,282.7143445696149,278.7324523925781,278.7324523925781,5600,0.0,0
2013-03-01,280.32525634765625,281.9180134859952,278.73249920931727,280.32525634765625,9500,0.0,0
2013-03-04,285.8998693331866,289.8817616637324,280.3252200704225,282.71435546875,7400,0.0,0
2013-03-05,282.7143660651313,286.6962585449219,282.7143660651313,286.6962585449219,1200,0.0,0
2013-03-06,289.8817138671875,289.8817138671875,282.7143088539878,289.8817138671875,4300,0.0,0
2013-03-07,291.4744515767911,293.86358642578125,286.696181878811,293.86358642578125,11900,0.0,0
2013-03-08,300.234698900666,305.0129699707031,291.4745352722646,305.0129699707031,36800,0.0,0
2013-03-11,307.402060768821,307.402060768821,302.6237903941761,306.6056823730469,18300,0.0,0
2013-03-12,301.8274572228873,301.8274572228873,296.2528076171875,296.2528076171875,8800,0.0,0
2013-03-13,294.6600309417482,300.23468017578125,294.6600309417482,300.23468017578125,5200,0.0,0
2013-03-14,300.23468017578125,300.23468017578125,297.04916632776235,300.23468017578125,5700,0.0,0
2013-03-15,307.4021108843423,327.31157402451987,300.23470415387834,323.3296813964844,74300,0.0,0
2013-03-18,312.97673735326646,326.51517128457823,311.383980420171,312.18035888671875,8000,0.0,0
2013-03-19,310.58758252814073,317.7549882787901,299.43828469379724,316.1622314453125,7900,0.0,0
2013-03-21,316.16228431162205,317.75504141142875,301.0310918634588,315.36590576171875,5400,0.0,0
2013-03-22,326.51520546036534,326.51520546036534,315.36590576171875,315.36590576171875,12800,0.0,0
2013-03-25,326.5151254159433,326.5151254159433,316.1622068051939,322.5332336425781,5000,0.0,0
2013-03-26,322.5332221984863,322.5332221984863,318.55133056640625,318.55133056640625,1100,0.0,0
2013-03-27,306.4544899680398,311.2932450727983,298.38989812677556,310.4867858886719,20200,5.0,0
2013-03-28,310.4867858886719,310.4867858886719,306.4544899680398,310.4867858886719,3900,0.0,0
2013-03-29,308.873906667609,308.873906667609,306.45452880859375,306.45452880859375,2800,0.0,0
2013-04-01,306.45444032376406,306.45444032376406,302.4221450563461,304.8415222167969,3800,0.0,0
2013-04-02,298.389892578125,299.19635174725505,296.77697423986484,298.389892578125,5100,0.0,0
2013-04-03,296.77697423986484,298.389892578125,296.77697423986484,298.389892578125,400,0.0,0
2013-04-04,298.389892578125,298.389892578125,298.389892578125,298.389892578125,500,0.0,0
2013-04-05,302.422128790142,314.5190139417477,302.422128790142,313.7125549316406,8500,0.0,0
2013-04-08,314.5190971877974,318.55139330558967,308.06742339932975,317.74493408203125,8700,0.0,0
2013-04-09,318.5513610839844,318.5513610839844,317.7449019419996,318.5513610839844,9500,0.0,0
2013-04-10,318.5513610839844,318.5513610839844,312.906147090091,318.5513610839844,9600,0.0,0
2013-04-11,321.7771895599365,323.39010780334473,317.744893951416,322.5836486816406,12500,0.0,0
2013-04-12,327.4224548339844,327.4224548339844,322.583699343827,327.4224548339844,7900,0.0,0
2013-04-15,320.97082889441293,320.97082889441293,319.35791015625,319.35791015625,15700,0.0,0
2013-04-16,319.3577974759615,319.3577974759615,314.51904296875,314.51904296875,1300,0.0,0
2013-04-17,319.357786548528,320.9707046624095,319.357786548528,320.16424560546875,900,0.0,0
2013-04-18,323.39010780334473,323.39010780334473,320.9707304382324,322.5836486816406,5200,0.0,0
2013-04-19,322.58368257302135,322.58368257302135,320.16430495372373,320.97076416015625,16800,0.0,0
2013-04-22,322.58367255182554,326.61596845872333,322.58367255182554,325.80950927734375,12900,0.0,0
2013-04-23,326.61599558562483,327.4224548339844,321.7772400954674,327.4224548339844,11600,0.0,0
2013-04-24,328.228846629073,330.6482238769531,323.3900921333127,330.6482238769531,29100,0.0,0
2013-04-25,330.64821922172933,345.97094157590703,330.64821922172933,333.0675964355469,14800,0.0,0
2013-04-26,339.5193226645438,339.5193226645438,334.680567472175,337.0999450683594,5500,0.0,0
2013-04-30,342.7451444174702,344.3580627441406,341.938685254135,344.3580627441406,7900,0.0,0
2013-05-01,344.35801836766234,353.2290680211619,344.35801836766234,351.61614990234375,15300,0.0,0
2013-05-02,351.6161977407095,358.06787109375,348.39036106418916,358.06787109375,26400,0.0,0
2013-05-07,366.93888346354163,383.06806515424677,365.32596529447113,377.4228515625,25700,0.0,0
2013-05-08,380.64867548581935,384.6809707769827,373.3905439617253,383.87451171875,24000,0.0,0
2013-05-09,387.9068908691406,398.3908608926309,387.9068908691406,387.9068908691406,29300,0.0,0
2013-05-10,370.9711479701879,394.35845947265625,358.87426271029045,394.35845947265625,40500,0.0,0
2013-05-13,391.13269206906153,391.13269206906153,364.5195398251872,390.32623291015625,7800,0.0,0
2013-05-14,393.55204518636066,393.55204518636066,370.9711901346842,387.1003723144531,19200,0.0,0
2013-05-15,374.19701990927416,379.84223357169856,370.9711835307459,375.00347900390625,22500,0.0,0
2013-05-16,358.8743125160972,366.93890380859375,331.4547021216088,366.93890380859375,38600,0.0,0
2013-05-17,362.90659258442537,375.0034790039062,362.90659258442537,375.00347900390625,6500,0.0,0
2013-05-20,352.42265690983953,362.1001669394003,352.42265690983953,358.06787109375,16500,0.0,0
2013-05-21,358.067837428619,362.10013289515746,358.067837428619,359.6807556152344,2100,0.0,0
2013-05-22,358.06785674908195,358.06785674908195,340.32575573899226,350.0032653808594,12300,0.0,0
2013-05-23,347.5838766233616,347.5838766233616,339.5192855184112,340.32574462890625,12000,0.0,0
2013-05-24,338.71287547758897,338.71287547758897,327.42244629500266,331.4547424316406,17400,0.0,0
2013-05-27,344.3580778569126,347.5839146518251,337.09994506835943,337.0999450683594,5400,0.0,0
2013-05-28,345.97101001204726,345.97101001204726,345.16455078124994,345.16455078125,2800,0.0,0
2013-05-29,345.16456295928594,345.16456295928594,339.51934814453125,339.51934814453125,1500,0.0,0
2013-05-30,338.71287027994794,338.71287027994794,332.2611965603299,333.8741149902344,3300,0.0,0
2013-05-31,331.4547373453776,333.8741149902344,331.4547373453776,333.8741149902344,3700,0.0,0
2013-06-03,331.45468769495255,331.45468769495255,328.2288513183594,328.2288513183594,9300,0.0,0
2013-06-04,329.8417647943264,330.6482238769531,323.3900921333127,330.6482238769531,13200,0.0,0
2013-06-05,330.6482317889178,332.2611499927662,326.6159362792969,326.6159362792969,4500,0.0,0
2013-06-06,326.6159734939994,333.87410623831045,323.39013671875,323.39013671875,11300,0.0,0
2013-06-07,323.390078823925,324.19653787336125,305.6479797363281,305.6479797363281,21900,0.0,0
2013-06-10,314.51903220688365,320.16424560546875,314.51903220688365,320.16424560546875,800,0.0,0
2013-06-11,320.1642960981889,320.1642960981889,308.06740833629266,310.4867858886719,3100,0.0,0
2013-06-12,310.4867858886719,316.9384593616833,304.03511241566054,310.4867858886719,7600,0.0,0
2013-06-13,305.64808026482075,315.3255920410156,305.64808026482075,315.3255920410156,3000,0.0,0
2013-06-14,327.4224276401029,329.035346002862,320.16429500768686,325.80950927734375,5800,0.0,0
2013-06-17,331.45474088252496,331.45474088252496,307.26096417577133,317.74493408203125,19400,0.0,0
2013-06-18,316.1319885253906,316.1319885253906,316.1319885253906,316.1319885253906,800,0.0,0
2013-06-19,316.93844767979215,316.93844767979215,316.1319885253906,316.1319885253906,400,0.0,0
2013-06-20,325.00303421986257,325.00303421986257,318.5513610839844,318.5513610839844,200,0.0,0
2013-06-21,316.9384593616833,318.5513777299361,305.6480307839134,310.4867858886719,6600,0.0,0
2013-06-24,317.7449479967819,318.55140725565695,311.29327392578125,311.29327392578125,1600,0.0,0
2013-06-25,308.87385138016714,318.5513610839844,308.87385138016714,318.5513610839844,6200,0.0,0
2013-06-26,327.4224548339844,327.4224548339844,327.4224548339844,327.4224548339844,900,0.0,0
2013-06-27,324.1965669250488,324.1965669250488,316.1319757080078,322.5836486816406,1500,0.0,0
2013-06-28,322.5836486816406,324.1965669250488,322.5836486816406,322.5836486816406,2400,0.0,0
2013-07-01,324.1965466515492,333.0675964355469,324.1965466515492,333.0675964355469,4100,0.0,0
2013-07-02,326.61598706767506,333.0676608862958,326.61598706767506,331.4547424316406,9800,0.0,0
2013-07-03,332.2612016589682,333.0676608862958,326.61598706767506,331.4547424316406,8800,0.0,0
2013-07-04,333.0676344574475,345.9709810708111,333.0676344574475,344.3580627441406,10600,0.0,0
2013-07-05,342.74518518153394,349.19685925553927,334.68059258902724,339.51934814453125,22200,0.0,0
2013-07-08,343.55162382930155,343.55162382930155,333.0676540880318,334.6805725097656,7400,0.0,0
2013-07-09,334.6805339994885,338.7128295898438,333.8740748814174,338.71282958984375,4800,0.0,0
2013-07-10,345.16455078124994,350.80976539683115,341.1322546272634,345.16455078125,8700,0.0,0
2013-07-11,342.7451093806777,354.84199559411337,342.7451093806777,346.77740478515625,21400,0.0,0
2013-07-12,352.42262377546507,362.10013289515746,352.42262377546507,359.6807556152344,18000,0.0,0
2013-07-16,372.5840946451823,372.5840946451823,362.9065856933594,362.9065856933594,78100,0.0,0
2013-07-17,367.7454512162642,367.7454512162642,354.84210205078125,354.84210205078125,1700,0.0,0
2013-07-18,350.8097229003906,350.8097229003906,350.8097229003906,350.8097229003906,1700,0.0,0
2013-07-19,354.8420119512649,354.8420119512649,337.90637047177273,338.71282958984375,4600,0.0,0
2013-07-22,340.3257478259859,340.3257478259859,338.7128295898438,338.71282958984375,3900,0.0,0
2013-07-23,338.7128216911765,343.5515762867647,338.7128216911765,342.7451171875,500,0.0,0
2013-07-24,342.7451171875,342.7451171875,340.3257398897059,342.7451171875,2500,0.0,0
2013-07-25,346.7774692428446,346.7774692428446,345.16455078124994,345.16455078125,8000,0.0,0
2013-07-26,353.229165304065,353.229165304065,342.7451946443553,349.1968688964844,2200,0.0,0
2013-07-29,345.97095358455886,346.77741268382357,342.7451171875,342.7451171875,1400,0.0,0
2013-07-30,333.8741149902344,333.8741149902344,330.64827813042535,333.8741149902344,900,0.0,0
2013-07-31,338.71286670167245,338.71286670167245,314.51909050869585,320.97076416015625,5900,0.0,0
2013-08-01,320.16424560546875,320.16424560546875,310.48673692218,320.16424560546875,4700,0.0,0
2013-08-02,320.9706970518501,324.196533203125,315.3254837871191,324.196533203125,12400,0.0,0
2013-08-05,333.0676608862958,333.8741201136234,331.4547424316406,331.4547424316406,1900,0.0,0
2013-08-06,325.80947403591443,328.2288513183594,325.00301494176614,328.2288513183594,1100,0.0,0
2013-08-07,320.97076416015625,321.7772233665888,320.97076416015625,320.97076416015625,3700,0.0,0
2013-08-08,321.7772233665888,322.58368257302135,320.97076416015625,320.97076416015625,2600,0.0,0
2013-08-09,322.5836486816406,323.39010780334473,322.5836486816406,322.5836486816406,2200,0.0,0
2013-08-12,322.58363381410254,322.58363381410254,314.51904296875,314.51904296875,4100,0.0,0
2013-08-13,317.7449914180871,319.35791015625,314.5191539417614,319.35791015625,9200,0.0,0
2013-08-14,325.00301338644584,329.0353088378906,316.9384224835564,329.0353088378906,9500,0.0,0
2013-08-15,322.58368088189223,322.58368088189223,316.13200726425436,321.7772216796875,18400,0.0,0
2013-08-16,312.0996369114265,317.7448499821758,312.0996369114265,313.7125549316406,3600,0.0,0
2013-08-19,314.51901544000685,319.3577695236993,312.9060974121094,312.9060974121094,7500,0.0,0
2013-08-20,316.93839248185304,316.93839248185304,312.9060974121094,312.9060974121094,1100,0.0,0
2013-08-21,312.0997042569247,312.90616344105115,308.06740833629266,310.4867858886719,5600,0.0,0
2013-08-22,310.4867858886719,313.7126226251776,310.4867858886719,310.4867858886719,2800,0.0,0
2013-08-23,311.29327392578125,311.29327392578125,311.29327392578125,311.29327392578125,6300,0.0,0
2013-08-26,313.71260823567707,313.71260823567707,302.42218017578125,302.42218017578125,11900,0.0,0
2013-08-27,304.84159184269225,305.6480510803713,299.1963771789387,300.8092956542969,4400,0.0,0
2013-08-28,300.0028398621757,300.0028398621757,299.1963806152344,299.1963806152344,1100,0.0,0
2013-08-29,300.0028159326039,300.8092751152184,295.97052001953125,295.97052001953125,3300,0.0,0
2013-08-30,296.7769501899761,297.5834092937532,295.1640319824219,295.1640319824219,1700,0.0,0
2013-09-02,295.970491086199,295.970491086199,294.35757287864476,295.1640319824219,900,0.0,0
2013-09-03,301.6157531738281,302.4222124069132,297.5834570084026,301.6157531738281,8400,0.0,0
2013-09-04,301.61575489197594,301.61575489197594,295.1640809905433,300.8092956542969,6800,0.0,0
2013-09-05,300.0028159326039,303.228652663062,295.97052001953125,295.97052001953125,8100,0.0,0
2013-09-06,298.389889296665,300.8092667774487,296.7769709761425,300.0028076171875,4900,0.0,0
2013-09-09,305.6480510803713,305.6480510803713,295.1640809905433,300.8092956542969,5000,0.0,0
2013-09-10,304.84161023591696,307.2609880949322,304.84161023591696,306.45452880859375,2000,0.0,0
2013-09-11,310.4867475460737,314.51904296875,310.4867475460737,314.51904296875,2200,0.0,0
2013-09-12,313.7125549316406,313.7125549316406,310.48671889121243,313.7125549316406,5900,0.0,0
2013-09-13,315.3255497151284,320.97076416015625,313.7126313022633,320.97076416015625,6000,0.0,0
2013-09-17,333.87406020746,333.87406020746,327.42238754644626,330.6482238769531,19600,0.0,0
2013-09-18,330.6482764554311,334.6805725097656,327.42243961196345,334.6805725097656,5900,0.0,0
2013-09-19,325.80950106968214,330.6482560360636,325.80950106968214,329.841796875,2800,0.0,0
2013-09-20,334.6805145780919,336.29343272063693,329.8417601504568,333.0675964355469,3400,0.0,0
2013-09-24,332.2611389160156,333.87405706609337,332.2611389160156,332.2611389160156,1100,0.0,0
2013-09-25,334.6805161411323,334.6805161411323,320.9707118654714,332.2611389160156,6100,0.0,0
2013-09-26,336.34298047832414,336.34298047832414,324.09748361624924,333.0775146484375,6500,5.0,0
2013-09-27,333.89388110590914,337.9757133932675,330.6284152760225,333.0775146484375,5600,0.0,0
2013-09-30,333.0775146484375,334.71024756338085,330.6284152760225,333.0775146484375,4400,0.0,0
2013-10-01,328.1793159036075,333.89388110590914,318.3829184139476,333.0775146484375,10000,0.0,0
2013-10-02,326.54659669211196,326.54659669211196,320.83203125,320.83203125,2600,0.0,0
2013-10-03,320.83206184330413,328.9957275390625,320.83206184330413,328.9957275390625,2300,0.0,0
2013-10-04,328.9956961673028,328.9956961673028,320.83203125,320.83203125,2000,0.0,0
2013-10-07,328.9956990559896,328.9956990559896,310.21926958133014,318.3829345703125,3200,0.0,0
2013-10-08,322.4647670648037,322.4647670648037,318.3829345703125,318.3829345703125,4000,0.0,0
2013-10-09,315.11745941240565,320.8320247385373,314.30109293724394,317.5665588378906,3900,0.0,0
2013-10-10,321.64840056590543,322.4647670648037,318.3829345703125,318.3829345703125,19000,0.0,0
2013-10-11,321.648362085634,325.7301940917969,318.3828964807037,325.7301940917969,11800,0.0,0
2013-10-15,325.7302033996582,328.99566909790036,317.5665391540527,326.54656982421875,26500,0.0,0
2013-10-16,324.09755560364385,326.54665552004417,323.28118896484375,323.28118896484375,2100,0.0,0
2013-10-17,323.2811067134367,331.4447710243821,323.2811067134367,324.09747314453125,9000,0.0,0
2013-10-18,325.7301940917969,325.7301940917969,324.9138276905643,325.7301940917969,18200,0.0,0
2013-10-21,326.54656982421875,329.8120355224609,326.54656982421875,326.54656982421875,9400,0.0,0
2013-10-22,326.54656049302946,326.54656049302946,325.7301940917969,325.7301940917969,3000,0.0,0
2013-10-23,324.09747314453125,324.09747314453125,324.09747314453125,324.09747314453125,400,0.0,0
2013-10-24,324.09747314453125,324.09747314453125,322.4647402823422,324.09747314453125,4100,0.0,0
2013-10-25,326.54658178588255,326.54658178588255,324.9138488769531,324.9138488769531,9000,0.0,0
2013-10-28,329.8120815615111,332.2611811770669,322.46478271484375,322.46478271484375,4400,0.0,0
2013-10-29,322.46478271484375,322.46478271484375,322.46478271484375,322.46478271484375,0,0.0,0
2013-10-30,325.7302488689181,328.1793484844739,315.11748386817646,322.46478271484375,7300,0.0,0
2013-10-31,322.46473770141597,326.54656982421875,322.46473770141597,326.54656982421875,9200,0.0,0
2013-11-01,324.0974612893317,328.1792932954946,324.0974612893317,325.7301940917969,10700,0.0,0
2013-11-05,337.1593469357958,341.2411792231541,327.3629494461359,333.0775146484375,27700,0.0,0
2013-11-06,332.2611819347703,338.7921142578125,328.17934923286896,338.7921142578125,26000,0.0,0
2013-11-07,338.7921142578125,342.87394695971386,334.71028155591114,338.7921142578125,17300,0.0,0
2013-11-08,337.1593808021074,337.1593808021074,328.9957154073833,330.6284484863281,9400,0.0,0
2013-11-11,332.2611815652729,334.7102811836902,327.3629823284384,330.6284484863281,12200,0.0,0
2013-11-12,332.2611819347703,338.7921142578125,329.8120823136295,338.7921142578125,5900,0.0,0
2013-11-13,340.42481775620405,346.95574951171875,337.1593518784467,346.95574951171875,8500,0.0,0
2013-11-14,351.8539585498495,357.5685240019352,344.5066601114536,355.935791015625,14600,0.0,0
2013-11-15,355.93577115040904,355.93577115040904,341.24117509374076,346.1393737792969,20100,0.0,0
2013-11-18,344.5066368779976,345.32300331609713,340.4248046875,340.4248046875,4300,0.0,0
2013-11-19,338.79210504356786,338.79210504356786,337.9757385253906,337.9757385253906,2000,0.0,0
2013-11-20,338.79208481732536,346.95574951171875,338.79208481732536,346.95574951171875,4200,0.0,0
2013-11-21,346.95579832554984,351.03763124702687,343.6903319883682,348.5885314941406,20100,0.0,0
2013-11-22,351.0376432572288,364.0995090528466,348.5885434205505,355.1194763183594,4600,0.0,0
2013-11-25,357.5685486944553,364.09948109070103,343.690317352433,360.8340148925781,24000,0.0,0
2013-11-26,354.3030600401245,358.384892529066,339.608463079935,345.3230285644531,5300,0.0,0
2013-11-27,349.4048489200368,351.0375818589155,346.95574951171875,346.95574951171875,10300,0.0,0
2013-11-28,346.95576440720333,346.95576440720333,342.8739318847656,342.8739318847656,5400,0.0,0
2013-11-29,342.8739715358707,346.95580453034535,342.8739715358707,343.6903381347656,1300,0.0,0
2013-12-02,343.6902836339614,349.4048489200368,342.8739171645221,346.95574951171875,1300,0.0,0
2013-12-03,351.0376342210902,354.3031005859375,344.50670149139546,354.3031005859375,5400,0.0,0
2013-12-04,354.3030065890035,356.7521057128906,349.4048083412292,356.7521057128906,8000,0.0,0
2013-12-05,353.4867339947257,359.2013001332085,348.58853444745466,354.3031005859375,5800,0.0,0
2013-12-06,360.83397241540854,362.46670532226557,346.9557427071236,362.4667053222656,27400,0.0,0
2013-12-09,362.4667294588956,362.4667294588956,351.85396485762163,359.2012634277344,5700,0.0,0
2013-12-10,351.037572464853,351.85393891244564,338.79207575096274,346.1393737792969,16000,0.0,0
2013-12-11,346.1393830422794,346.95574951171875,342.8739171645221,346.95574951171875,25800,0.0,0
2013-12-12,349.40480389262353,351.03753662109375,339.60840752180235,351.03753662109375,11200,0.0,0
2013-12-13,350.2212060172603,353.486671807631,344.5066408841115,346.1393737792969,26000,0.0,0
2013-12-16,329.8120069550305,336.34293778582315,329.8120069550305,334.710205078125,45200,0.0,0
2013-12-17,329.8120941086383,331.44482724779,328.17936096948665,328.9957275390625,8000,0.0,0
2013-12-18,327.3629943999108,328.9957275390625,324.09752812160747,328.9957275390625,4800,0.0,0
2013-12-19,327.36302215884433,329.81212207524464,322.46482232604365,323.28118896484375,5900,0.0,0
2013-12-20,322.46477693096364,327.36297607421875,322.46477693096364,327.36297607421875,5500,0.0,0
2013-12-24,327.36301838098353,335.52668467477366,326.5466517516045,333.8939514160156,7600,0.0,0
2013-12-25,328.17930935397004,333.89387444222325,318.3829120598217,329.8120422363281,12200,0.0,0
2013-12-26,334.7102724526815,337.9757385253906,330.62843986179513,337.9757385253906,3600,0.0,0
2013-12-27,334.7102906153752,339.6084899902344,333.8939240528987,339.6084899902344,700,0.0,0
2013-12-30,342.87395322522,342.87395322522,342.0575866699219,342.0575866699219,800,0.0,0
2014-01-06,338.79210504356786,338.79210504356786,337.9757385253906,337.9757385253906,800,0.0,0
2014-01-07,337.9756704935213,337.9756704935213,333.8938387242759,334.710205078125,1600,0.0,0
2014-01-08,340.4248444041567,341.2412109375,338.7921113374701,341.2412109375,3300,0.0,0
2014-01-09,338.7921142578125,338.7921142578125,338.7921142578125,338.7921142578125,500,0.0,0
2014-01-10,337.9757477174322,342.87394695971386,336.3430146366717,338.7921142578125,3500,0.0,0
2014-01-14,338.7920368473704,338.7920368473704,333.0774723704268,334.710205078125,17700,0.0,0
2014-01-15,337.9756586759993,337.9756586759993,333.0774607241732,336.3429260253906,18300,0.0,0
2014-01-16,338.7921204487293,342.87395322522,329.8120883404497,342.0575866699219,15300,0.0,0
2014-01-17,342.05759881977735,348.5885314941406,342.05759881977735,348.5885314941406,2600,0.0,0
2014-01-20,346.9557796616152,346.9557796616152,338.7921142578125,338.7921142578125,3800,0.0,0
2014-01-21,338.79207181130096,345.32300331609713,338.79207181130096,340.4248046875,4200,0.0,0
2014-01-22,342.05758967766394,342.05758967766394,339.6084899902344,339.6084899902344,2500,0.0,0
2014-01-23,339.608391326608,341.24112397721666,335.52655970008624,336.3429260253906,6400,0.0,0
2014-01-24,340.4248565527109,340.4248565527109,339.6084899902344,339.6084899902344,5800,0.0,0
2014-01-27,340.4248719598255,340.4248719598255,334.7103057638572,335.52667236328125,3800,0.0,0
2014-01-28,334.71026683989027,342.8739318847656,327.3629682995024,342.8739318847656,4700,0.0,0
2014-01-29,342.8739444340501,351.8539763120847,333.89391255601544,349.4048767089844,19700,0.0,0
2014-01-30,351.0376218649057,351.0376218649057,334.7102906153752,339.6084899902344,2900,0.0,0
2014-01-31,339.60850536040147,345.32307155636977,335.52667236328125,335.52667236328125,7600,0.0,0
2014-02-03,336.34300548903605,338.79210504356786,335.5266389708588,337.9757385253906,1600,0.0,0
2014-02-04,325.7302165311926,333.89388110590914,319.19928487141925,333.0775146484375,10400,0.0,0
2014-02-05,333.07749600715823,337.1593280660695,331.44476318359375,331.44476318359375,2200,0.0,0
2014-02-06,328.9957275390625,333.0775603869417,328.17936096948665,328.9957275390625,3300,0.0,0
2014-02-07,333.07753941632694,337.9757385253906,333.07753941632694,337.9757385253906,1300,0.0,0
2014-02-10,336.3430389627053,336.3430389627053,335.52667236328125,335.52667236328125,4000,0.0,0
2014-02-12,336.3430146366717,338.7921142578125,335.5266480962914,338.7921142578125,3300,0.0,0
2014-02-13,337.15937200721334,340.42483807992244,333.89390593450423,337.9757385253906,4400,0.0,0
2014-02-14,336.34300548903605,341.24120459809967,332.2611728981497,337.9757385253906,11800,0.0,0
2014-02-17,331.4447751186862,331.4447751186862,329.8120422363281,329.8120422363281,15600,0.0,0
2014-02-18,329.8120819468557,335.52664772316257,329.8120819468557,330.6284484863281,2900,0.0,0
2014-02-19,330.6283967718115,331.44476318359375,330.6283967718115,331.44476318359375,2700,0.0,0
2014-02-20,331.4448086935981,331.4448086935981,327.36297607421875,327.36297607421875,3600,0.0,0
2014-02-21,328.1792765999309,332.2611083984375,328.1792765999309,332.2611083984375,3100,0.0,0
2014-02-24,335.5265738372428,335.5265738372428,329.8120093193335,332.2611083984375,4400,0.0,0
2014-02-25,332.26119381736584,332.26119381736584,328.17936096948665,328.9957275390625,6000,0.0,0
2014-02-26,329.8120941086383,333.0775603869417,328.9957275390625,328.9957275390625,7900,0.0,0
2014-02-27,328.1793159036075,333.0775146484375,328.1793159036075,333.0775146484375,1900,0.0,0
2014-02-28,330.6283756790349,332.2611083984375,330.6283756790349,332.2611083984375,200,0.0,0
2014-03-03,330.62848489849955,333.8939514160156,329.81211826912056,333.8939514160156,2600,0.0,0
2014-03-04,328.17936096948665,329.8120941086383,326.54662783033496,328.9957275390625,6500,0.0,0
2014-03-05,328.99568775993083,331.44478717253577,328.1793212890625,328.1793212890625,600,0.0,0
2014-03-06,328.9956757951491,329.8120422363281,326.546576471612,329.8120422363281,4400,0.0,0
2014-03-07,328.17936096948665,328.9957275390625,328.17936096948665,328.9957275390625,2200,0.0,0
2014-03-10,315.9338114007476,325.7302086534839,315.1174449630195,321.64837646484375,20100,0.0,0
2014-03-11,324.09747577802784,324.09747577802784,321.64837646484375,321.64837646484375,1300,0.0,0
2014-03-12,321.64845568724354,323.28118896484375,321.64845568724354,323.28118896484375,2400,0.0,0
2014-03-13,323.2811067134367,324.09747314453125,322.4647402823422,324.09747314453125,4500,0.0,0
2014-03-14,324.9138946911833,328.9957275390625,324.09752812160747,328.9957275390625,5300,0.0,0
2014-03-17,324.9138488769531,324.9138488769531,324.9138488769531,324.9138488769531,13500,0.0,0
2014-03-18,326.54656049302946,326.54656049302946,325.7301940917969,325.7301940917969,200,0.0,0
2014-03-19,328.99565969672716,328.99565969672716,325.7301940917969,325.7301940917969,4500,0.0,0
2014-03-20,326.54659291005504,326.54659291005504,315.1174621582031,315.1174621582031,5800,0.0,0
2014-03-24,316.7502136230469,320.8320462728284,316.7502136230469,316.7502136230469,2700,0.0,0
2014-03-25,324.0974972169211,324.0974972169211,310.21926685750634,320.83203125,5800,0.0,0
2014-03-26,323.2811213902065,323.2811213902065,320.0156555175781,320.0156555175781,1300,0.0,0
2014-03-27,320.0156876784105,322.4964294433594,320.0156876784105,322.4964294433594,1100,5.0,0
2014-03-28,324.1502380371094,324.1502380371094,324.1502380371094,324.1502380371094,500,0.0,0
2014-03-31,323.32330322265625,323.32330322265625,323.32330322265625,323.32330322265625,300,0.0,0
2014-04-01,326.6309910498295,326.6309910498295,325.80407714843756,325.8040771484375,300,0.0,0
2014-04-02,327.45788387851866,327.45788387851866,324.9771423339844,324.9771423339844,1500,0.0,0
2014-04-03,325.80404467960756,325.80404467960756,323.32330322265625,323.32330322265625,1800,0.0,0
2014-04-04,323.32334336500907,323.32334336500907,321.66951552170974,322.4964294433594,1000,0.0,0
2014-04-07,320.015625,322.4963662790698,320.015625,320.015625,1700,0.0,0
2014-04-08,324.15019379844966,324.15019379844966,320.015625,320.015625,900,0.0,0
2014-04-09,320.01569245990953,320.01569245990953,314.227294921875,314.227294921875,7400,0.0,0
2014-04-10,318.3618056983279,329.9385986328125,318.3618056983279,329.9385986328125,2300,0.0,0
2014-04-11,322.49637460350095,330.76551241384715,319.1887194793625,329.9385986328125,6800,0.0,0
2014-04-14,329.1116754150391,330.7655029296875,326.6309341430664,330.7655029296875,5100,0.0,0
2014-04-15,329.9385775465462,329.9385775465462,322.4963539928647,329.1116638183594,13700,0.0,0
2014-04-16,324.15023623272816,327.4578917044907,320.84258076096563,321.66949462890625,4000,0.0,0
2014-04-17,322.4964102920221,325.8040657821967,322.4964102920221,324.1502380371094,5100,0.0,0
2014-04-18,324.97710755813955,327.4578488372093,320.015625,320.015625,3300,0.0,0
2014-04-21,320.84259033203125,321.6695042246396,319.1887625468146,320.84259033203125,3500,0.0,0
2014-04-22,320.015625,323.3232800387597,319.1887112403101,320.015625,1400,0.0,0
2014-04-23,320.01567293336876,320.01567293336876,315.881103515625,315.881103515625,2000,0.0,0
2014-04-24,320.84257894723527,320.84257894723527,315.0541819043728,319.1887512207031,7300,0.0,0
2014-04-25,320.0156747000558,322.4964163643973,315.8811052594866,318.3618469238281,9800,0.0,0
2014-04-28,321.6695007004663,321.6695007004663,315.881103515625,315.881103515625,2900,0.0,0
2014-04-30,316.7080149203916,327.4578953223892,315.88110104331486,326.6309814453125,8400,0.0,0
2014-05-01,320.0156536102295,322.496395111084,317.534912109375,317.534912109375,5500,0.0,0
2014-05-02,317.53492167101825,323.3233186806462,316.70800781249994,316.7080078125,9500,0.0,0
2014-05-07,315.8810519321071,316.7079656806205,314.22722443508036,315.05413818359375,6300,0.0,0
2014-05-08,314.227294921875,319.18877852590464,311.7465531198602,314.227294921875,8300,0.0,0
2014-05-09,316.7079656806205,316.7079656806205,311.74648318954024,315.05413818359375,2700,0.0,0
2014-05-12,311.746469375935,312.57338308780754,310.9195556640625,310.9195556640625,3200,0.0,0
2014-05-13,310.91960740023376,313.4003489486399,298.5158996582031,298.5158996582031,13700,0.0,0
2014-05-14,309.2658778834987,310.09279199548666,303.477479099583,305.9582214355469,9300,0.0,0
2014-05-15,308.43896377151077,308.43896377151077,305.9582214355469,305.9582214355469,14700,0.0,0
2014-05-16,304.3042966044841,304.3042966044841,296.86207195926573,298.5158996582031,6900,0.0,0
2014-05-19,299.3428077697754,300.16972160339355,291.07366943359375,291.07366943359375,11700,0.0,0
2014-05-20,293.55441093444824,294.3813247680664,289.4198417663574,291.07366943359375,4400,0.0,0
2014-05-21,291.07366943359375,291.07366943359375,290.2467555999756,291.07366943359375,500,0.0,0
2014-05-22,291.07367899750716,291.07367899750716,288.59293741514205,290.24676513671875,15500,0.0,0
2014-05-23,294.3813247680664,294.3813247680664,286.93910026550293,291.07366943359375,9400,0.0,0
2014-05-26,296.03519795735673,298.515939839681,296.03519795735673,297.68902587890625,1900,0.0,0
2014-05-27,297.6889627921481,297.6889627921481,295.2082214355469,295.2082214355469,3100,0.0,0
2014-05-28,297.68902587890625,298.515939839681,296.03519795735673,297.68902587890625,2400,0.0,0
2014-05-29,297.6889627921481,297.6889627921481,294.3813076500131,295.2082214355469,3400,0.0,0
2014-05-30,301.8235778808594,305.1312335288688,301.8235778808594,301.8235778808594,6200,0.0,0
2014-06-02,301.8235795394234,305.9581491221552,301.8235795394234,304.3043212890625,4300,0.0,0
2014-06-03,302.65051418397485,305.1312561035156,302.65051418397485,305.1312561035156,800,0.0,0
2014-06-04,305.1312561035156,305.1312561035156,305.1312561035156,305.1312561035156,300,0.0,0
2014-06-05,305.1312742128477,305.1312742128477,300.9967041015625,300.9967041015625,1600,0.0,0
2014-06-06,305.9581359358858,305.9581359358858,300.16973876953125,300.16973876953125,7800,0.0,0
2014-06-09,302.6504211425781,302.6504211425781,302.6504211425781,302.6504211425781,3500,0.0,0
2014-06-10,305.1312742128477,305.1312742128477,300.9967041015625,300.9967041015625,2100,0.0,0
2014-06-11,300.99659370464053,302.6504211425781,300.99659370464053,302.6504211425781,1900,0.0,0
2014-06-12,306.78508843315973,312.573486328125,306.78508843315973,312.573486328125,13200,0.0,0
2014-06-13,313.4003809878701,317.53495065789474,311.7465531198602,314.227294921875,11400,0.0,0
2014-06-16,310.0927317110527,313.4003875159706,305.95816195490534,308.43890380859375,20100,0.0,0
2014-06-17,306.78498710469995,314.2272105115525,305.9580733928275,310.9195556640625,4800,0.0,0
2014-06-18,311.74657234312997,316.7080562531002,311.74657234312997,312.573486328125,3700,0.0,0
2014-06-19,312.5734623835637,324.97717120830833,308.43889277531554,322.4964294433594,10600,0.0,0
2014-06-20,315.8811211623943,315.8811211623943,311.7465515136719,311.7465515136719,9000,0.0,0
2014-06-23,312.57339693805363,315.8810519321071,311.74648318954024,315.05413818359375,2600,0.0,0
2014-06-24,315.05420885587995,315.05420885587995,310.09272525185037,314.227294921875,8600,0.0,0
2014-06-25,313.40040031312003,313.40040031312003,307.61200241815476,312.573486328125,9400,0.0,0
2014-06-26,310.91965835813494,312.573486328125,310.91965835813494,312.573486328125,800,0.0,0
2014-06-27,310.9195556640625,312.57338308780754,310.09264195219,310.9195556640625,5100,0.0,0
2014-06-30,310.9196375839274,311.7465515136719,310.0927236541829,311.7465515136719,3100,0.0,0
2014-07-01,311.74653409788124,316.70801739917374,311.74653409788124,315.881103515625,4900,0.0,0
2014-07-02,316.70803672388985,317.53495065789474,314.227294921875,314.227294921875,9800,0.0,0
2014-07-03,315.05420885587995,316.70803672388985,313.4003809878701,314.227294921875,27900,0.0,0
2014-07-04,315.881103515625,315.881103515625,313.4003618649787,315.881103515625,24000,0.0,0
2014-07-07,314.2272757485275,315.881103515625,312.57344798143,315.881103515625,10700,0.0,0
2014-07-08,315.0541706085205,317.534912109375,315.0541706085205,317.534912109375,10600,0.0,0
2014-07-09,317.53495065789474,318.3618645918997,314.227294921875,314.227294921875,5800,0.0,0
2014-07-10,315.8811227898849,315.8811227898849,313.4003809878701,314.227294921875,16700,0.0,0
2014-07-11,314.227294921875,314.227294921875,312.57346705386516,314.227294921875,7700,0.0,0
2014-07-14,314.2272662369451,316.70800781249994,313.4003523784269,316.7080078125,38200,0.0,0
2014-07-15,310.09264195219,314.2272105115525,310.09264195219,310.9195556640625,59900,0.0,0
2014-07-16,311.7465402018229,312.5734541015625,310.09271240234375,310.09271240234375,3800,0.0,0
2014-07-17,310.0926914317085,310.91960527552635,308.4388637440727,309.2657775878906,23600,0.0,0
2014-07-18,310.0926914317085,310.0926914317085,308.4388637440727,309.2657775878906,8900,0.0,0
2014-07-22,308.43890380859375,310.0927317110527,308.43890380859375,308.43890380859375,5700,0.0,0
2014-07-23,308.43888288928616,313.4003662601594,307.6119689941406,307.6119689941406,13100,0.0,0
2014-07-24,313.40036800130207,313.40036800130207,309.2657985026041,310.09271240234375,6900,0.0,0
2014-07-25,311.7465515136719,312.57346544341635,305.9581540054605,311.7465515136719,24700,0.0,0
2014-07-28,308.43888460286456,310.09271240234375,306.78505680338543,310.09271240234375,24400,0.0,0
2014-07-29,310.09264195219,310.9195556640625,308.438814528445,310.9195556640625,5700,0.0,0
2014-07-30,307.61194990025484,310.0926914317085,306.7850360564369,309.2657775878906,6600,0.0,0
2014-07-31,310.0926914317085,310.0926914317085,308.4388637440727,309.2657775878906,5000,0.0,0
2014-08-01,310.9196263020833,311.7465402018229,307.611970703125,310.09271240234375,8000,0.0,0
2014-08-04,310.9195556640625,310.9195556640625,310.9195556640625,310.9195556640625,500,0.0,0
2014-08-05,312.5734735647411,312.5734735647411,308.43890380859375,308.43890380859375,1000,0.0,0
2014-08-06,308.438861857206,314.2272587285209,306.7850341796875,306.7850341796875,4900,0.0,0
2014-08-07,306.7851355475348,307.61204965952277,305.9582214355469,305.9582214355469,8200,0.0,0
2014-08-08,305.9581359358858,309.26579145951706,300.16973876953125,300.16973876953125,24900,0.0,0
2014-08-11,302.65049345596975,304.3043212890625,300.16975170633066,304.3043212890625,8200,0.0,0
2014-08-12,305.9581491221552,306.7850630387016,304.3043212890625,304.3043212890625,2100,0.0,0
2014-08-13,304.3043212890625,304.3043212890625,302.65049345596975,304.3043212890625,9500,0.0,0
2014-08-14,304.3042945249833,309.2657775878906,303.47738068116536,309.2657775878906,11600,0.0,0
2014-08-15,307.6119980230564,308.43891199623664,305.1312561035156,305.1312561035156,17500,0.0,0
2014-08-18,305.95817007669586,308.43891199623664,304.3043421303353,305.1312561035156,6200,0.0,0
2014-08-19,305.9581491221552,305.9581491221552,303.4774073725161,304.3043212890625,4100,0.0,0
2014-08-20,304.30433093494554,305.9581588204615,303.4774169921875,303.4774169921875,1800,0.0,0
2014-08-21,303.4774073725161,305.9581491221552,303.4774073725161,304.3043212890625,7200,0.0,0
2014-08-22,305.13123520560885,305.9581491221552,302.65049345596975,304.3043212890625,3400,0.0,0
2014-08-25,305.95812034092825,306.7850341796875,305.13120650216894,306.7850341796875,5700,0.0,0
2014-08-26,306.7850630387016,307.61197695524794,301.8235795394234,304.3043212890625,12300,0.0,0
2014-08-27,305.95812034092825,306.7850341796875,299.3428096308541,306.7850341796875,11000,0.0,0
2014-08-28,305.9582214355469,305.9582214355469,302.650564987595,305.9582214355469,1400,0.0,0
2014-08-29,305.9582214355469,305.9582214355469,302.650564987595,305.9582214355469,800,0.0,0
2014-09-01,305.9581429036458,310.09271240234375,305.9581429036458,310.09271240234375,8400,0.0,0
2014-09-02,310.09272525185037,315.8811227898849,308.43889738384047,314.227294921875,27800,0.0,0
2014-09-03,314.22728190104164,314.22728190104164,310.09271240234375,310.09271240234375,4900,0.0,0
2014-09-04,310.09271067957724,311.7465384698683,307.6119689941406,307.6119689941406,6800,0.0,0
2014-09-05,308.43888460286456,310.09271240234375,308.43888460286456,310.09271240234375,600,0.0,0
2014-09-08,311.74657234312997,312.573486328125,308.4389164031498,312.573486328125,7300,0.0,0
2014-09-09,315.05421854386543,316.70804646273086,312.5734766655673,313.400390625,29600,0.0,0
2014-09-10,314.227294921875,314.227294921875,312.57346705386516,314.227294921875,5200,0.0,0
2014-09-11,314.2272757485275,318.3618451662713,314.2272757485275,315.881103515625,11900,0.0,0
2014-09-12,315.8810939539817,316.70800781249994,313.4003523784269,316.7080078125,16100,0.0,0
2014-09-16,314.2272933029053,315.8811211623943,311.7465515136719,311.7465515136719,34500,0.0,0
2014-09-17,313.400390625,314.2273045844327,313.400390625,313.400390625,5300,0.0,0
2014-09-18,314.227294921875,314.227294921875,314.227294921875,314.227294921875,1000,0.0,0
2014-09-19,315.05413818359375,315.05413818359375,308.4388281954868,315.05413818359375,12100,0.0,0
2014-09-22,313.40040031312003,315.0542282831101,312.573486328125,312.573486328125,3500,0.0,0
2014-09-24,313.40029679968,314.2272105115525,305.13115968095497,310.9195556640625,25500,0.0,0
2014-09-25,312.57346544341635,312.57346544341635,308.4388957946939,311.7465515136719,11200,0.0,0
2014-09-26,314.26065153474786,314.26065153474786,306.7183958979139,312.5845947265625,26500,5.0,0
2014-09-29,312.5845634765625,314.2606201171875,312.5845634765625,314.2606201171875,3300,0.0,0
2014-09-30,310.0705871582031,310.0705871582031,309.2325585442621,310.0705871582031,5900,0.0,0
2014-10-01,313.42259327356385,313.42259327356385,310.90850830078125,310.90850830078125,4500,0.0,0
2014-10-02,309.2324073666432,309.2324073666432,305.8802945496606,306.71832275390625,16400,0.0,0
2014-10-03,310.07050951428454,316.7747367470258,305.8803674938212,312.5845947265625,22000,0.0,0
2014-10-06,310.9085231493878,313.42260824224,310.07049478510373,311.7465515136719,1700,0.0,0
2014-10-07,314.2607302279086,315.0987588418497,309.2325585442621,310.0705871582031,8500,0.0,0
2014-10-08,310.0705122363015,310.0705122363015,307.5564270019531,307.5564270019531,7600,0.0,0
2014-10-09,310.0705122363015,310.0705122363015,307.5564270019531,307.5564270019531,16800,0.0,0
2014-10-10,306.7183689065176,306.7183689065176,305.0423122458262,305.8803405761719,13800,0.0,0
2014-10-14,301.69024658203125,301.69024658203125,299.1761611938477,301.69024658203125,32600,0.0,0
2014-10-15,300.01413032446015,300.01413032446015,298.33807373046875,298.33807373046875,26100,0.0,0
2014-10-16,297.5000626001602,297.5000626001602,293.3099208733974,294.14794921875,19300,0.0,0
2014-10-17,293.3098916705129,293.3098916705129,290.7958068847656,290.7958068847656,12600,0.0,0
2014-10-20,294.98595854195446,303.3662414550781,294.98595854195446,303.3662414550781,12600,0.0,0
2014-10-21,298.3380751176314,303.3662449229847,294.9859619140625,294.9859619140625,14500,0.0,0
2014-10-22,299.1761020274645,299.1761020274645,294.985960542486,298.33807373046875,8900,0.0,0
2014-10-23,298.3381327311198,301.69024658203125,298.3381327311198,301.69024658203125,7500,0.0,0
2014-10-24,320.9648281733195,322.64088471730554,312.5845454533895,321.8028564453125,211200,0.0,0
2014-10-27,323.4789452803762,332.6972571925113,314.26063336824114,318.4507751464844,123300,0.0,0
2014-10-28,314.2606201171875,316.774705078125,312.5845634765625,314.2606201171875,22500,0.0,0
2014-10-29,315.9366933350922,316.77472169937624,310.9085231493878,311.7465515136719,17000,0.0,0
2014-10-30,312.5845177021433,315.9366304925148,312.5845177021433,315.0986022949219,17300,0.0,0
2014-10-31,317.6127008553252,320.9648137931123,313.4225596830914,319.28875732421875,18700,0.0,0
2014-11-04,315.9367056572343,324.3169896269222,315.9367056572343,317.6127624511719,43600,0.0,0
2014-11-05,314.26060518478965,316.774690026268,312.5845486238041,313.4225769042969,24500,0.0,0
2014-11-06,313.42262313065515,315.0986799388405,311.74656632246985,312.5845947265625,16700,0.0,0
2014-11-07,312.58457987795595,313.42260824224,310.9085231493878,311.7465515136719,14600,0.0,0
2014-11-10,312.5845177021433,316.77465869010763,310.9084613069575,315.0986022949219,4700,0.0,0
2014-11-11,311.74656632246985,317.6127651511185,311.74656632246985,312.5845947265625,16700,0.0,0
2014-11-12,315.9366617457752,316.774690026268,313.4225769042969,313.4225769042969,14200,0.0,0
2014-11-13,311.74656632246985,315.9367083429332,310.07050951428454,312.5845947265625,30400,0.0,0
2014-11-14,312.5845947265625,314.26065153474786,310.9085379183772,312.5845947265625,15700,0.0,0
2014-11-17,311.7465366250421,312.584564949303,310.0704799765204,310.90850830078125,30600,0.0,0
2014-11-18,313.42260824224,313.42260824224,310.07049478510373,311.7465515136719,17100,0.0,0
2014-11-19,313.4225769042969,313.4225769042969,312.5845486238041,313.4225769042969,8300,0.0,0
2014-11-20,315.0986455613577,322.6409003753264,314.26061724869453,320.96484375,25000,0.0,0
2014-11-21,321.8028720626632,321.8028720626632,318.45075881201046,320.96484375,6000,0.0,0
2014-11-25,318.4507751464844,322.64091692472755,318.4507751464844,318.4507751464844,25700,0.0,0
2014-11-26,319.288803502133,320.12683185778167,317.61274679083573,318.4507751464844,22700,0.0,0
2014-11-27,318.450729089772,320.9648137931123,317.6127008553252,319.28875732421875,7600,0.0,0
2014-11-28,321.8028564453125,322.64088471730554,320.12679990132654,321.8028564453125,7000,0.0,0
2014-12-01,321.80282270728645,333.53521728515625,321.80282270728645,333.53521728515625,39700,0.0,0
2014-12-02,336.8873268794087,349.4577495241628,333.535214174141,345.2676086425781,68400,0.0,0
2014-12-03,345.26768783757717,346.10571620611495,339.4014892578125,339.4014892578125,47400,0.0,0
2014-12-04,343.59162943870336,344.42965780318804,337.7254308873109,342.75360107421875,20300,0.0,0
2014-12-05,345.2676090891768,345.2676090891768,336.04929913776675,343.591552734375,29100,0.0,0
2014-12-08,343.591552734375,343.591552734375,336.04929913776675,343.591552734375,45900,0.0,0
2014-12-09,341.91554499980515,341.91554499980515,336.0493469238281,336.0493469238281,2300,0.0,0
2014-12-10,336.0493018375569,340.23944275822475,333.53521728515625,333.53521728515625,24700,0.0,0
2014-12-11,331.02120887122163,333.53529400188916,325.99303860988664,332.697265625,30300,0.0,0
2014-12-12,333.5352745804132,343.5916145175111,333.5352745804132,341.9155578613281,18000,0.0,0
2014-12-15,342.7536195214115,342.7536195214115,336.8874206542969,336.8874206542969,42100,0.0,0
2014-12-16,331.02117919921875,331.85920750098893,329.3451225956784,331.02117919921875,10700,0.0,0
2014-12-17,331.0211476108484,335.21128871984644,331.0211476108484,334.3732604980469,7500,0.0,0
2014-12-18,335.21128871984644,339.4014298288445,334.3732604980469,334.3732604980469,23100,0.0,0
2014-12-19,336.88737319084,341.0775146484375,336.88737319084,341.0775146484375,16000,0.0,0
2014-12-22,342.75358397258077,347.7817539086089,342.75358397258077,346.9437255859375,25100,0.0,0
2014-12-24,346.9436800681938,347.78170828091896,344.42959543001854,346.10565185546875,18100,0.0,0
2014-12-25,347.7817409805935,347.7817409805935,328.50709027564494,341.0775146484375,35800,0.0,0
2014-12-26,341.91549637957314,346.10563726657773,335.2112709603658,343.591552734375,42200,0.0,0
2014-12-29,343.591599522996,347.7817409805935,331.85920344172297,341.0775146484375,18300,0.0,0
2014-12-30,341.0775435324713,346.1057137073972,334.37331663257015,344.4296569824219,9300,0.0,0
2015-01-05,346.10563681889505,347.7816931715289,344.42958046626114,345.2676086425781,4400,0.0,0
2015-01-06,341.9155727097341,343.59162943870336,338.5634592517955,342.75360107421875,9500,0.0,0
2015-01-07,341.9155578613281,342.75358618941965,338.5634445489622,341.9155578613281,10300,0.0,0
2015-01-08,342.7535390045683,346.10565185546875,340.239454366393,346.10565185546875,16200,0.0,0
2015-01-09,346.1057145321573,346.1057145321573,342.75360107421875,342.75360107421875,4900,0.0,0
2015-01-13,343.5916152728602,344.42964360279404,338.56344529325736,340.239501953125,20200,0.0,0
2015-01-14,341.91549593731037,346.10563681889505,339.40141140835954,345.2676086425781,70300,0.0,0
2015-01-15,347.7817539086089,347.7817539086089,344.4296406179235,346.9437255859375,19200,0.0,0
2015-01-16,341.9155586129926,342.7535869429264,339.4014736231912,340.239501953125,20600,0.0,0
2015-01-19,342.75352455697407,345.2676090891768,339.4014118473704,343.591552734375,20800,0.0,0
2015-01-20,345.2676362674948,358.6760881613781,345.2676362674948,353.6479187011719,53100,0.0,0
2015-01-21,357.8381208023935,358.6761491883476,351.13389371476086,355.32403564453125,21900,0.0,0
2015-01-22,350.29580572770107,357.0000316746427,350.29580572770107,353.6479187011719,9700,0.0,0
2015-01-23,356.16200343127497,357.0000316746427,351.97186221443644,353.6479187011719,19700,0.0,0
2015-01-26,353.64794499973,364.5423129736553,351.9718883883569,363.70428466796875,64000,0.0,0
2015-01-27,368.7324530893265,370.408509694278,362.02822666952056,367.056396484375,21100,0.0,0
2015-01-28,370.40850625719344,392.19724191938127,368.73244966779436,375.4366760253906,115300,0.0,0
2015-01-29,442.4789733886719,442.4789733886719,442.4789733886719,442.4789733886719,41800,0.0,0
2015-01-30,526.2817642489347,526.2817642489347,444.99302040793685,460.9155578613281,964900,0.0,0
2015-02-02,486.0563719828069,501.97890830638164,467.61975097656256,467.6197509765625,270000,0.0,0
2015-02-03,464.2677352007697,465.9437920065487,444.1550535314223,455.887451171875,116300,0.0,0
2015-02-04,454.211369582842,454.211369582842,437.4508024395637,444.155029296875,57600,0.0,0
2015-02-05,436.61270036969864,445.8310107421875,429.0704464285714,439.9648132324219,65000,0.0,0
2015-02-06,439.96483939034596,461.7535742934869,434.098641531808,451.6972351074219,135500,0.0,0
2015-02-09,444.1550526601491,460.07759228381485,441.6409674564124,457.5635070800781,43800,0.0,0
2015-02-10,450.02113410863984,452.5352186567328,441.6408522816633,447.5070495605469,34000,0.0,0
2015-02-12,452.5352882179054,471.80993938274213,448.34514666033226,465.105712890625,75700,0.0,0
2015-02-13,466.7817153812379,543.8803110995034,466.7817153812379,540.5281982421875,265000,0.0,0
2015-02-16,515.3874029913899,531.3099406447825,491.9226106600746,521.2536010742188,114400,0.0,0
2015-02-17,518.7395082833966,561.4789508075537,513.7113385746723,541.3662719726562,166700,0.0,0
2015-02-18,536.3380571705426,561.4789036004119,536.3380571705426,540.5281982421875,93600,0.0,0
2015-02-19,515.3874650973719,529.6339478724211,503.65506751791946,517.9015502929688,72300,0.0,0
2015-02-20,503.6550205078125,534.662068359375,503.6550205078125,523.7677001953125,64600,0.0,0
2015-02-23,520.4155428978705,529.6338536416331,514.5493451518397,519.5775146484375,39600,0.0,0
2015-02-24,511.19727828707454,524.605731488047,506.1691083367099,517.0634765625,28600,0.0,0
2015-02-25,511.1973719120806,519.5776566975245,511.1973719120806,512.035400390625,36100,0.0,0
2015-02-26,503.6550525258906,506.16913764665213,486.05645668056,487.7325134277344,66900,0.0,0
2015-02-27,488.57054349377904,489.4085718702692,477.6761745994066,484.3804016113281,48500,0.0,0
2015-03-02,479.3521402293239,486.89439418398103,478.5141120121397,486.0563659667969,36100,0.0,0
2015-03-03,477.67616639162765,484.38039328835225,465.10574096026903,470.1339111328125,55300,0.0,0
2015-03-04,465.1056554092717,465.1056554092717,448.345091250379,453.3732604980469,55800,0.0,0
2015-03-05,448.34511782765173,470.133852525818,447.50708957002996,463.42962646484375,45800,0.0,0
2015-03-06,476.0000194958031,476.0000194958031,461.7535400390625,461.7535400390625,20600,0.0,0
2015-03-09,453.373386461784,457.5635286656822,446.66915893554693,446.6691589355469,22400,0.0,0
2015-03-10,449.18319943985847,452.53531286851415,441.64094422538324,444.155029296875,37300,0.0,0
2015-03-11,440.80290109674064,449.1831843875532,440.80290109674064,443.3169860839844,17900,0.0,0
2015-03-12,443.3169838593385,449.18318213346964,439.964870559835,448.34515380859375,30800,0.0,0
2015-03-13,452.5352621341938,457.5634317134626,446.6690642917135,455.0493469238281,31400,0.0,0
2015-03-16,459.239580154419,486.05648994445806,458.4015517234803,482.7043762207031,48700,0.0,0
2015-03-17,481.028232669491,482.70428922931495,469.2958367507229,470.9718933105469,20000,0.0,0
2015-03-18,465.9437143455773,465.9437143455773,446.6690642917135,455.0493469238281,55600,0.0,0
2015-03-19,455.04939309433377,460.0775631837739,454.21136474609375,454.21136474609375,19700,0.0,0
2015-03-20,452.5353366726047,458.4015354813237,451.6973082713592,457.5635070800781,16300,0.0,0
2015-03-23,465.10569929643117,465.94372758345173,457.56344471324576,460.9155578613281,16700,0.0,0
2015-03-24,465.1056533563333,465.1056533563333,457.5633995181224,460.0774841308594,8500,0.0,0
2015-03-25,461.7536341115969,462.5916624856651,456.7254638671875,456.7254638671875,16900,0.0,0
2015-03-26,452.53529543297316,455.0493804076008,444.1550121842144,448.34515380859375,11300,0.0,0
2015-03-27,450.8829900875303,460.18826755650366,447.49925282608535,458.49639892578125,16000,5.0,0
2015-03-30,472.8771436371072,477.9527480410833,461.0340666944963,463.5718688964844,22500,0.0,0
2015-03-31,468.6476107101159,471.18541365619956,457.65046461042004,458.49639892578125,8900,0.0,0
2015-04-01,457.6504880862129,457.6504880862129,444.9614727048946,450.0370788574219,16000,0.0,0
2015-04-02,452.57480698331784,463.5719518259031,452.57480698331784,461.0341491699219,13600,0.0,0
2015-04-03,462.72599569662657,462.72599569662657,454.2666539105822,457.650390625,7600,0.0,0
2015-04-06,453.4208162924401,456.8045537274583,444.9614727048946,450.0370788574219,17200,0.0,0
2015-04-07,452.57490300420505,453.42083740234375,449.1911654116502,453.42083740234375,10200,0.0,0
2015-04-08,453.4208162924401,455.95861936870375,448.3452101399128,450.0370788574219,22900,0.0,0
2015-04-09,450.03698301756003,461.0341273394177,450.03698301756003,457.650390625,12900,0.0,0
2015-04-10,460.1881931608133,461.0341273394177,455.95852226779107,457.650390625,6100,0.0,0
2015-04-13,461.88003723879893,492.3336660677307,461.88003723879893,491.48773193359375,84000,0.0,0
2015-04-14,474.5691125108788,490.6418632019781,474.5691125108788,489.7959289550781,80000,0.0,0
2015-04-15,484.7203274557035,497.40934126344445,482.18252469415535,494.0256042480469,40900,0.0,0
2015-04-16,499.1012235331288,503.3308949190028,488.95001220703125,488.95001220703125,36300,0.0,0
2015-04-17,486.41212676044955,493.17959982842103,483.0283902264638,485.5661926269531,18200,0.0,0
2015-04-20,483.0284722668077,493.17968359290523,482.1825379896329,488.95001220703125,26400,0.0,0
2015-04-21,486.4122139083014,493.1796881887647,483.02847676806977,487.2581481933594,14400,0.0,0
2015-04-22,488.94999470817817,489.7959289550781,484.7203234736784,489.7959289550781,13100,0.0,0
2015-04-23,488.94992916093884,489.79586329443526,485.5661926269531,485.5661926269531,10300,0.0,0
2015-04-24,488.95001220703125,489.79594648420607,485.5662750983321,488.95001220703125,20000,0.0,0
2015-04-27,491.48781503855565,491.48781503855565,488.1040779298565,488.95001220703125,11100,0.0,0
2015-04-28,486.4122125657938,499.1012268066406,486.4122125657938,499.1012268066406,45100,0.0,0
2015-04-30,499.9471232283006,520.2495444761504,457.65041229528026,461.0341491699219,163600,0.0,0
2015-05-01,452.5748330575449,464.4179128011068,452.5748330575449,456.80450439453125,35400,0.0,0
2015-05-07,448.34523377314235,450.03710257983346,419.5834640593936,425.5050048828125,57100,0.0,0
2015-05-08,422.96711116236895,436.5020587195648,406.89436093819893,413.6618347167969,60500,0.0,0
2015-05-11,412.81591747553665,420.4293257896346,410.2781147041706,418.7374572753906,25600,0.0,0
2015-05-12,423.81305785406204,430.5805318317716,423.81305785406204,426.3508605957031,13200,0.0,0
2015-05-13,423.81305341758275,428.042724609375,422.9671191792243,428.042724609375,14300,0.0,0
2015-05-14,430.58048367500305,433.1182861328125,422.9670763015747,433.1182861328125,23000,0.0,0
2015-05-15,433.1183617234469,434.81023032392915,422.1212158203125,422.1212158203125,26900,0.0,0
2015-05-18,427.1968033468935,439.8858173076923,422.9671320266272,428.888671875,17400,0.0,0
2015-05-19,425.5049353637695,431.4264752197265,422.9671325683594,422.9671325683594,20600,0.0,0
2015-05-20,425.5049218942996,428.88865884773344,422.9671191792243,428.042724609375,7700,0.0,0
2015-05-21,427.1968033468935,429.73460613905326,422.12119776257396,428.888671875,32000,0.0,0
2015-05-22,427.19687368950355,430.58061130288576,421.2753328660847,425.5050048828125,25500,0.0,0
2015-05-25,428.88865884773344,430.5805273244503,422.9671191792243,428.042724609375,26700,0.0,0
2015-05-26,427.19679037101656,428.042724609375,422.9671191792243,428.042724609375,14900,0.0,0
2015-05-27,428.0426896451238,428.0426896451238,422.1211504603098,423.8130187988281,12200,0.0,0
2015-05-28,424.65901872103586,426.3508873215181,418.7374786193481,422.1212158203125,18200,0.0,0
2015-05-29,422.12126726943023,425.50500488281244,418.737529656048,425.5050048828125,18500,0.0,0
2015-06-01,422.12126726943023,428.0428080928491,422.12126726943023,425.5050048828125,11400,0.0,0
2015-06-02,424.65900109863276,425.5049353637695,420.4293297729492,422.9671325683594,22600,0.0,0
2015-06-03,422.9672016727758,425.50500488281244,421.2753328660847,425.5050048828125,22100,0.0,0
2015-06-04,426.3508213066055,428.8886238143829,422.1211504603098,423.8130187988281,27300,0.0,0
2015-06-05,422.96708462956894,426.3508213066055,422.96708462956894,423.8130187988281,9400,0.0,0
2015-06-08,425.504934818787,433.96427745931953,425.504934818787,428.888671875,25000,0.0,0
2015-06-09,427.1967686504957,428.0427028458432,424.6589660644531,424.6589660644531,18600,0.0,0
2015-06-10,426.3508696289062,426.3508696289062,422.9671325683594,422.9671325683594,10600,0.0,0
2015-06-11,425.5049218942996,428.88865884773344,423.81305341758275,428.042724609375,3300,0.0,0
2015-06-12,429.7345927277504,434.8101981536687,428.04272425244426,433.9642639160156,27600,0.0,0
2015-06-15,442.42355744476913,442.42355744476913,430.58047942521506,434.8101501464844,16200,0.0,0
2015-06-16,434.8101412480124,435.6560753749541,428.0426682324792,432.2723388671875,21300,0.0,0
2015-06-17,431.4264615628088,432.27239580116725,428.042724609375,428.042724609375,11400,0.0,0
2015-06-18,431.4264615628088,431.4264615628088,427.19679037101656,428.042724609375,4700,0.0,0
2015-06-19,428.04273761094674,432.272408931213,428.04273761094674,428.888671875,6700,0.0,0
2015-06-22,431.4264701438559,432.27240439903994,412.8159165298072,430.5805358886719,22700,0.0,0
2015-06-23,433.118338654224,435.6561414197761,415.3537192953593,430.5805358886719,16300,0.0,0
2015-06-24,431.42645263671875,432.27238685757504,426.3508473115809,431.42645263671875,16600,0.0,0
2015-06-25,434.8102248785064,434.8102248785064,429.734619140625,429.734619140625,4300,0.0,0
2015-06-26,435.6561591681533,435.6561591681533,425.5049476923905,429.734619140625,5700,0.0,0
2015-06-29,422.9671325683594,428.04273815917963,420.4293297729492,422.9671325683594,13900,0.0,0
2015-06-30,417.0455927124023,426.3508696289062,417.0455927124023,422.9671325683594,10100,0.0,0
2015-07-01,422.9670763015747,433.96422028541565,422.9670763015747,433.1182861328125,15700,0.0,0
2015-07-02,435.65613203782306,443.2695401705229,427.1967896681566,439.88580322265625,35500,0.0,0
2015-07-03,444.1154915117039,444.96142578125,419.5833976948669,444.96142578125,48500,0.0,0
2015-07-06,439.88579460453946,443.26953148611284,432.2723866209993,437.3479919433594,13200,0.0,0
2015-07-07,438.1938999213061,441.5776366002351,435.6560974121094,435.6560974121094,7500,0.0,0
2015-07-08,439.0398743039086,439.0398743039086,425.50492634848945,426.3508605957031,13800,0.0,0
2015-07-09,417.8915130615235,439.8858032226563,409.432170691857,439.88580322265625,37300,0.0,0
2015-07-10,436.5020579618566,436.5020579618566,428.8886499741498,431.42645263671875,9500,0.0,0
2015-07-13,434.81018905057255,443.26953125,434.81018905057255,443.26953125,18100,0.0,0
2015-07-14,448.3451871414466,463.57200481794854,444.96144988000174,458.49639892578125,44100,0.0,0
2015-07-15,466.9557235440341,471.1853949529474,457.6504464444247,465.26385498046875,47800,0.0,0
2015-07-16,456.8045537274583,457.6504880862129,448.3452101399128,450.0370788574219,9500,0.0,0
2015-07-17,444.11547371510716,454.266684542881,444.11547371510716,451.7288818359375,7400,0.0,0
2015-07-21,453.4207901864682,453.4207901864682,446.65331570607316,448.3451843261719,3300,0.0,0
2015-07-22,453.420741889313,455.1126103291985,442.42359703005724,443.26953125,5000,0.0,0
2015-07-23,446.6532461901091,448.34511454688976,441.5776411197669,445.80731201171875,12000,0.0,0
2015-07-24,448.34512334936665,448.34512334936665,440.73171559437736,442.423583984375,14700,0.0,0
2015-07-27,439.8858870321245,458.496443791176,438.1940182358471,453.42083740234375,26500,0.0,0
2015-07-28,453.42075101412263,465.2638303316557,433.1183293269231,439.88580322265625,53300,0.0,0
2015-07-29,446.65326861213236,448.345137053845,428.8886499741498,431.42645263671875,21200,0.0,0
2015-07-30,432.27238685757504,435.65612374100033,426.3508473115809,431.42645263671875,13900,0.0,0
2015-07-31,431.42641356946893,434.8101501464844,428.0426769924535,434.8101501464844,7200,0.0,0
2015-08-03,434.810189520144,434.810189520144,428.8886499741498,431.42645263671875,7100,0.0,0
2015-08-04,432.27240439903994,434.81020716459204,428.0427331231198,430.5805358886719,8700,0.0,0
2015-08-05,428.8886848509781,432.2724220095657,427.19681627168427,429.734619140625,23000,0.0,0
2015-08-06,433.11835629921256,433.11835629921256,429.734619140625,429.734619140625,9600,0.0,0
2015-08-07,428.04274213432086,433.1183477722773,426.3508735883354,427.1968078613281,9900,0.0,0
2015-08-10,424.65900109863276,431.4264752197265,422.9671325683594,422.9671325683594,25200,0.0,0
2015-08-11,422.9671064629612,427.1967775275909,420.4293038241835,421.2752380371094,42600,0.0,0
2015-08-12,421.2752600467566,423.81306281812266,418.7374572753906,418.7374572753906,15200,0.0,0
2015-08-13,418.737529656048,425.50500488281244,417.0456608493569,425.5050048828125,15900,0.0,0
2015-08-14,429.7345930860919,430.5805273244503,417.8915137490736,428.042724609375,19800,0.0,0
2015-08-17,434.81019851624256,434.81019851624256,428.042724609375,428.042724609375,21300,0.0,0
2015-08-18,428.04275056133116,429.734619140625,423.8130791130967,429.734619140625,7900,0.0,0
2015-08-19,424.65895296808725,430.5804921529012,423.81301879882807,423.8130187988281,3100,0.0,0
2015-08-20,423.813089044521,426.3508919729313,420.4293518066406,420.4293518066406,14900,0.0,0
2015-08-21,414.50777308660963,420.4293127021326,413.66183885582063,417.8915100097656,8800,0.0,0
2015-08-24,411.9699763594003,411.9699763594003,392.51348876953125,392.51348876953125,37600,0.0,0
2015-08-25,376.4407085427593,384.05411613126455,348.52488071824007,362.90576171875,19000,0.0,0
2015-08-26,376.44076999638474,384.0541788277723,368.82736116499717,374.7489013671875,6500,0.0,0
2015-08-27,376.4407911876704,384.05420044764577,376.4407911876704,378.1326599121094,6600,0.0,0
2015-08-28,391.6675811967039,391.6675811967039,376.440763785169,388.2838439941406,6500,0.0,0
2015-08-31,388.2838219977045,390.8216247558594,388.2838219977045,390.8216247558594,3100,0.0,0
2015-09-01,390.821639097082,390.821639097082,379.82449340820307,379.8244934082031,6500,0.0,0
2015-09-02,373.05701913812374,384.0541648270027,372.21108485436383,379.8244934082031,2700,0.0,0
2015-09-03,381.5163973609873,388.2838722587432,378.1326599121094,378.1326599121094,2300,0.0,0
2015-09-04,378.1325991543856,384.0541387384588,372.2110595703125,372.2110595703125,5600,0.0,0
2015-09-07,373.0569982659327,373.0569982659327,367.9813928473486,370.5191955566406,4800,0.0,0
2015-09-08,367.1354586109179,370.5191955566407,366.2895243744872,370.5191955566406,1200,0.0,0
2015-09-09,366.289536685687,378.97855065863223,366.289536685687,377.28668212890625,13700,0.0,0
2015-09-10,369.67328267507423,374.74888838686013,369.67328267507423,373.9029541015625,5000,0.0,0
2015-09-11,379.8245063612197,383.2082436116537,378.1326377360026,380.6704406738281,4000,0.0,0
2015-09-14,384.0541779242622,384.9001122368707,373.9029661729601,380.6704406738281,8800,0.0,0
2015-09-15,394.2053896755643,394.2053896755643,380.6704406738282,380.6704406738281,11900,0.0,0
2015-09-16,380.67034432057585,380.67034432057585,363.75166235077245,376.440673828125,2600,0.0,0
2015-09-17,378.1326377360026,383.2082436116537,367.98142598470054,380.6704406738281,5000,0.0,0
2015-09-18,374.74880563114465,377.28660792661515,368.8272669417135,376.440673828125,3400,0.0,0
2015-09-24,362.05981896380626,366.2894897460937,359.5220164944338,366.28948974609375,29300,0.0,0
2015-09-25,372.2110553609914,376.44072644463904,363.75171319369616,367.98138427734375,9700,0.0,0
2015-09-28,376.55901399664924,377.4167794043865,368.8391253270141,373.9857177734375,6200,6.0,0
2015-09-29,371.4124930960233,371.4124930960233,366.2658996582031,366.2658996582031,6800,0.0,0
2015-09-30,367.98138427734375,370.5546806708916,367.98138427734375,367.98138427734375,3900,0.0,0
2015-10-01,365.40812611802716,373.9857816607038,365.40812611802716,367.1236572265625,2700,0.0,0
2015-10-02,367.1235945115396,373.98571777343756,367.1235945115396,373.9857177734375,1600,0.0,0
2015-10-05,372.27026543903986,385.1367492675781,372.27026543903986,385.1367492675781,8800,0.0,0
2015-10-06,382.56339972359797,393.7143508366176,381.70563425336564,384.2789306640625,3000,0.0,0
2015-10-07,383.42115835125526,383.42115835125526,372.27020743723665,381.70562744140625,3600,0.0,0
2015-10-08,379.99013623324305,381.7056673223322,377.4168395996094,377.4168395996094,8700,0.0,0
2015-10-09,380.84790984481776,383.4212065329584,376.55908203125,376.55908203125,13600,0.0,0
2015-10-13,379.9901428222657,381.7056739411021,377.41684614401106,379.9901428222656,25800,0.0,0
2015-10-14,378.2745666503906,379.13233210764776,376.55903573587636,378.2745666503906,20500,0.0,0
2015-10-15,371.41249655806314,380.84791794868363,371.41249655806314,375.7013244628906,25300,0.0,0
2015-10-16,376.5590740550648,377.4168395996094,374.84354296597564,377.4168395996094,4100,0.0,0
2015-10-19,377.4168395996094,378.2746051441539,373.98577742143107,377.4168395996094,6700,0.0,0
2015-10-20,375.701307142103,380.847900390625,375.701307142103,380.847900390625,4400,0.0,0
2015-10-21,381.7056673223322,381.7056673223322,376.5590740550648,377.4168395996094,34600,0.0,0
2015-10-22,377.41684614401106,379.9901428222657,376.55908058459283,379.9901428222656,7600,0.0,0
2015-10-23,385.9944616045271,385.9944616045271,380.8478687831334,384.2789306640625,14100,0.0,0
2015-10-26,388.56776923637887,398.0031896814124,388.56776923637887,396.28765869140625,29300,0.0,0
2015-10-27,391.1410511846128,398.86094035273015,391.1410511846128,394.5721130371094,45800,0.0,0
2015-10-28,392.85658536638533,392.85658536638533,384.2789306640625,384.2789306640625,85700,0.0,0
2015-10-29,389.42552239072006,389.42552239072006,381.70563318033135,387.7099914550781,21300,0.0,0
2015-10-30,387.71002063416597,391.1410827636719,385.1367240370365,391.1410827636719,25800,0.0,0
2015-11-02,393.71442810058596,394.5721937391493,385.9945373535156,385.9945373535156,43400,0.0,0
2015-11-04,391.1410544259208,391.1410544259208,382.56339972359797,384.2789306640625,16300,0.0,0
2015-11-05,386.85227701544216,386.85227701544216,369.6969653961321,375.7013244628906,31600,0.0,0
2015-11-06,375.7013085105202,377.4168395996094,373.98577742143107,377.4168395996094,16200,0.0,0
2015-11-09,381.7057091606988,386.852302992079,379.9901778835721,385.9945373535156,36800,0.0,0
2015-11-10,381.7057091606988,385.9945373535156,381.7057091606988,385.9945373535156,8600,0.0,0
2015-11-11,385.99448298776383,389.4255450587662,384.2789519522627,388.5677795410156,8900,0.0,0
2015-11-12,385.99453560581287,392.8566606832496,385.1367699711333,389.42559814453125,18600,0.0,0
2015-11-13,386.85223274650156,390.2832946777344,384.2789362980769,390.2832946777344,14400,0.0,0
2015-11-16,385.9945373535156,387.71006863064235,383.42124043782553,385.9945373535156,26800,0.0,0
2015-11-17,388.56773420448053,389.4254996221505,385.1366725338008,386.8522033691406,6400,0.0,0
2015-11-18,388.56783250985166,390.2833637792108,386.85230124049247,389.42559814453125,3200,0.0,0
2015-11-19,390.28328785854103,390.28328785854103,383.4211641159733,387.7099914550781,12100,0.0,0
2015-11-20,387.70999822930975,391.1410601605426,386.85223274650156,390.2832946777344,6700,0.0,0
2015-11-24,397.1454025034831,397.1454025034831,390.2832789181098,391.9988098144531,17400,0.0,0
2015-11-25,391.9988098144531,392.85657526262474,389.4255134699381,391.9988098144531,7500,0.0,0
2015-11-26,388.567763712118,394.57212209177544,388.567763712118,390.2832946777344,32100,0.0,0
2015-11-27,391.9988482960483,394.5721448931777,389.4255516989189,391.1410827636719,4600,0.0,0
2015-11-30,389.4255056589451,392.85656738281244,388.5677402279783,392.8565673828125,7100,0.0,0
2015-12-01,390.2833080498619,395.4299011230469,390.2833080498619,395.4299011230469,12400,0.0,0
2015-12-02,391.99879412349793,396.2876211926828,391.99879412349793,393.7143249511719,8800,0.0,0
2015-12-03,393.71429384037947,397.1453552246093,392.856528494322,397.1453552246094,9200,0.0,0
2015-12-04,397.14542418640934,397.14542418640934,391.99883121639107,396.28765869140625,23500,0.0,0
2015-12-07,395.4298931964032,398.0031896814124,393.71436220639714,396.28765869140625,11600,0.0,0
2015-12-08,395.4298931964032,396.28765869140625,391.99883121639107,396.28765869140625,15900,0.0,0
2015-12-09,391.9988019518456,394.57209824474614,382.5633822112104,392.8565673828125,48900,0.0,0
2015-12-10,389.4255516989189,391.9988482960483,386.85225510178947,391.1410827636719,14300,0.0,0
2015-12-11,392.85656738281244,393.7143328137793,389.4255056589451,392.8565673828125,7700,0.0,0
2015-12-14,391.99886826444265,415.1585388183594,389.42557153622965,415.1585388183594,60500,0.0,0
2015-12-15,420.3051009767743,420.3051009767743,392.85660458645435,395.4299011230469,63600,0.0,0
2015-12-16,393.71434652394265,400.57647021063445,393.71434652394265,398.003173828125,17000,0.0,0
2015-12-17,397.1454151488474,403.1497734772317,397.1454151488474,400.57647705078125,14100,0.0,0
2015-12-18,397.1453552246093,399.71865126278175,394.57205918643695,397.1453552246094,6300,0.0,0
2015-12-21,396.28766663524436,397.14543214744185,390.2833080498619,395.4299011230469,12300,0.0,0
2015-12-22,395.42986367571297,395.42986367571297,389.4255056589451,392.8565673828125,8500,0.0,0
2015-12-24,392.85656738281244,393.7143328137793,388.5677402279783,392.8565673828125,2900,0.0,0
2015-12-25,392.85656738281244,392.85656738281244,392.85656738281244,392.8565673828125,0,0.0,0
2015-12-28,395.4298716071398,396.28763705531145,389.4255134699381,391.9988098144531,5700,0.0,0
2015-12-29,391.9988098144531,394.5721061589681,390.2832789181098,391.9988098144531,2100,0.0,0
2015-12-30,395.4299011230469,396.28766663524436,392.85660458645435,395.4299011230469,3800,0.0,0
2016-01-04,394.5720903650089,394.5720903650089,384.27890539896515,393.7143249511719,10600,0.0,0
2016-01-05,393.71442810058596,393.71442810058596,383.42124043782553,385.9945373535156,7800,0.0,0
2016-01-06,391.99887397613185,391.99887397613185,383.4212180904397,385.1367492675781,5700,0.0,0
2016-01-07,379.99011468996946,387.71000415319685,373.12799072265625,373.12799072265625,20100,0.0,0
2016-01-08,373.12799072265625,373.12799072265625,360.26150828394395,373.12799072265625,43700,0.0,0
2016-01-12,367.1236198874081,368.83915082146143,350.8260760139017,364.5503234863281,17800,0.0,0
2016-01-13,364.55031560620233,368.8391428486282,362.83478470923194,365.4080810546875,10700,0.0,0
2016-01-14,360.26150397534644,370.5546898032135,357.68820751837967,363.69256591796875,15100,0.0,0
2016-01-15,360.26153711172253,361.1193026762743,354.2571781598605,356.8304748535156,26000,0.0,0
2016-01-18,343.10619102422066,355.1149077100684,337.1018326812968,350.8260803222656,18300,0.0,0
2016-01-19,348.25279596369705,360.2615130658935,343.9639684271983,359.40374755859375,11600,0.0,0
2016-01-20,351.6838630316571,355.97269062960413,345.67950439453125,345.67950439453125,5100,0.0,0
2016-01-21,349.1105277184212,349.9682931427908,344.8217005965733,346.5372314453125,5400,0.0,0
2016-01-22,348.2527613920324,353.3993539249196,347.3949959698846,349.9682922363281,6200,0.0,0
2016-01-25,351.68382399153,351.68382399153,343.10616974783414,346.5372314453125,14200,0.0,0
2016-01-26,343.10614658515044,349.1105041503906,341.3906158522247,349.1105041503906,7300,0.0,0
2016-01-27,349.96832819559484,355.9726867675781,349.96832819559484,355.9726867675781,5500,0.0,0
2016-01-28,355.9726776849656,360.2615051269531,355.11491219656807,360.2615051269531,5000,0.0,0
2016-01-29,348.2528022632264,348.2528022632264,334.52855389817313,342.2484436035156,21800,0.0,0
2016-02-01,349.1105596923828,349.1105596923828,342.2484356689453,343.106201171875,16600,0.0,0
2016-02-02,343.10618644982725,343.96395191595184,339.675124585329,341.3906555175781,12900,0.0,0
2016-02-03,341.3906407211766,349.96829501065343,338.8173444343336,339.67510986328125,9200,0.0,0
2016-02-04,339.67513246320055,340.53289794921875,339.67513246320055,340.53289794921875,4300,0.0,0
2016-02-05,340.53287529222894,340.53287529222894,331.0974555738045,339.67510986328125,8000,0.0,0
2016-02-08,339.67513362505963,339.67513362505963,336.24407166925096,337.1018371582031,6800,0.0,0
2016-02-09,337.1018386756518,337.1018386756518,304.50674994874396,310.5111083984375,53700,0.0,0
2016-02-10,311.36891254625823,314.7999749434622,293.3558349609375,293.3558349609375,22200,0.0,0
2016-02-12,295.07136091401304,295.07136091401304,265.9073310562327,271.0539245605469,72100,0.0,0
2016-02-15,284.77814394822764,287.3514404296875,277.05825450384793,287.3514404296875,50000,0.0,0
2016-02-16,294.21355628967285,294.21355628967285,285.63590158735,288.2091979980469,12600,0.0,0
2016-02-17,291.6402587890625,296.78685159122244,290.78249332203586,291.6402587890625,7000,0.0,0
2016-02-18,298.5023825252758,298.5023825252758,290.78249332203586,291.6402587890625,12900,0.0,0
2016-02-19,296.78685159122244,296.78685159122244,290.78249332203586,291.6402587890625,8700,0.0,0
2016-02-22,293.3557965248041,295.07132749863337,293.3557965248041,294.21356201171875,2500,0.0,0
2016-02-23,295.9290918355716,297.6446228027344,295.07132635199025,297.6446228027344,2700,0.0,0
2016-02-24,294.21355411618254,295.0713195800781,289.9247267967047,295.0713195800781,8300,0.0,0
2016-02-25,295.9290692985402,297.6446001350535,295.9290692985402,296.7868347167969,6200,0.0,0
2016-02-26,299.3601537698971,299.3601537698971,296.786857319153,297.6446228027344,2700,0.0,0
2016-02-29,300.2179470868178,304.50677490234375,300.2179470868178,304.50677490234375,3000,0.0,0
2016-03-01,295.07137426113457,300.21796799824733,291.640311769726,292.4980773925781,11000,0.0,0
2016-03-02,293.3557730437703,301.9334272263367,293.3557730437703,296.7868347167969,9200,0.0,0
2016-03-03,296.7868505078693,298.5023814356604,295.0713195800781,295.0713195800781,31800,0.0,0
2016-03-04,295.9290692985402,299.3601309715668,293.3557730437703,296.7868347167969,34900,0.0,0
2016-03-07,300.2178955078125,301.07566092354915,297.6445992606027,300.2178955078125,20600,0.0,0
2016-03-08,300.2178955078125,301.07566092354915,296.78683384486607,300.2178955078125,43700,0.0,0
2016-03-09,297.64461597176484,300.2179123634516,295.0713195800781,295.0713195800781,25900,0.0,0
2016-03-10,295.9291076660156,298.50240425441575,294.21357660708225,295.9291076660156,56700,0.0,0
2016-03-11,296.78683384486607,303.64895717075893,295.0713030133929,300.2178955078125,31600,0.0,0
2016-03-14,301.93345463076116,307.0800476074219,298.5023926463207,307.0800476074219,24600,0.0,0
2016-03-15,307.93783715476457,309.6533682809749,303.6490093392386,304.50677490234375,34400,0.0,0
2016-03-16,304.5067296014629,305.36449503695997,301.9334332949717,302.79119873046875,8000,0.0,0
2016-03-17,302.79119175502234,305.3644880022322,300.2178955078125,300.2178955078125,10300,0.0,0
2016-03-18,301.07566092354915,301.07566092354915,298.5023646763393,300.2178955078125,7300,0.0,0
2016-03-22,300.21785725215904,303.648918477898,296.78679602642006,301.07562255859375,11600,0.0,0
2016-03-23,301.0756459729425,302.79117671922705,297.64458448037334,298.5023498535156,9500,0.0,0
2016-03-24,299.3601309715668,300.2178963898234,295.9290692985402,296.7868347167969,33000,0.0,0
2016-03-25,299.3601300920759,301.93342633928575,296.78683384486607,300.2178955078125,23500,0.0,0
2016-03-28,301.075645273382,308.7955336137252,299.3601145310836,301.93341064453125,34900,0.0,0
2016-03-29,300.1931604390873,304.54378595269725,300.1931604390873,301.93341064453125,17200,5.0,0
2016-03-30,301.06330942553143,302.8035597690316,299.32305908203125,299.32305908203125,8300,0.0,0
2016-03-31,298.4529724121094,300.19322298011,295.84259656010846,298.4529724121094,7100,0.0,0
2016-04-01,302.8036236931296,302.8036236931296,295.8426208496094,295.8426208496094,7900,0.0,0
2016-04-04,295.8426208496094,298.4529969159295,294.9724954941694,295.8426208496094,3500,0.0,0
2016-04-05,297.5828344871453,297.5828344871453,292.36208300491467,293.2322082519531,8800,0.0,0
2016-04-06,291.49192878791877,294.10230426960163,289.7516784667969,289.7516784667969,3000,0.0,0
2016-04-07,291.4919530695135,291.4919530695135,285.4010764382102,287.1413269042969,4400,0.0,0
2016-04-08,293.2322447832893,300.1932476268095,287.1413672952091,295.8426208496094,8700,0.0,0
2016-04-11,298.45298665364584,301.93348795572916,292.362109375,300.1932373046875,4200,0.0,0
2016-04-12,301.0633666298606,306.28411865234375,301.0633666298606,306.28411865234375,6300,0.0,0
2016-04-13,304.5438679781827,308.02436932650477,304.5438679781827,306.28411865234375,5600,0.0,0
2016-04-14,308.894431724977,310.6346820445543,304.54380592603366,309.7645568847656,16000,0.0,0
2016-04-15,305.4139548671819,308.0243305498074,303.6737044120983,307.1542053222656,24700,0.0,0
2016-04-18,307.15420532226557,309.76458100489106,303.6737044120983,307.1542053222656,4900,0.0,0
2016-04-19,307.15424398942423,310.6347453377463,306.28411865234375,306.28411865234375,7100,0.0,0
2016-04-20,309.7646036094191,310.6347289004568,305.4139771542306,308.02435302734375,11700,0.0,0
2016-04-21,308.02436932650477,308.8944946635853,304.5438679781827,306.28411865234375,12300,0.0,0
2016-04-22,308.024375378246,310.6347514407735,306.28412466989437,308.8945007324219,9200,0.0,0
2016-04-25,308.024375378246,311.5048767949494,307.15425002407017,308.8945007324219,12400,0.0,0
2016-04-26,308.024375378246,311.5048767949494,308.024375378246,308.8945007324219,12300,0.0,0
2016-04-27,308.0243065651883,320.2060588022296,300.1931801270903,309.7645568847656,70500,0.0,0
2016-04-28,315.85553225036455,318.46590854995435,308.89452878479176,312.3750305175781,12200,0.0,0
2016-05-02,305.4139993157185,308.8945007324219,304.54387396154266,308.8945007324219,5800,0.0,0
2016-05-06,309.76462000066584,312.3749960119074,305.4139933152632,306.28411865234375,5200,0.0,0
2016-05-09,306.2840350115741,311.5047856083623,305.4139099121094,305.4139099121094,5900,0.0,0
2016-05-10,308.8944946635853,308.8944946635853,305.4139933152632,306.28411865234375,24900,0.0,0
2016-05-11,304.54380068191483,306.2840509715258,302.8035503923039,303.6736755371094,37100,0.0,0
2016-05-12,306.2840350115741,308.0242852105035,303.67365971318,305.4139099121094,6600,0.0,0
2016-05-13,305.4139933152632,307.15424398942423,303.67374264110214,306.28411865234375,8200,0.0,0
2016-05-16,304.54388427734375,307.1542604282924,304.54388427734375,304.54388427734375,22400,0.0,0
2016-05-17,304.5438679781827,306.28411865234375,303.67374264110214,306.28411865234375,2700,0.0,0
2016-05-18,306.2841350446428,307.1542604282924,304.54388427734375,304.54388427734375,1100,0.0,0
2016-05-19,304.54381982133805,304.54381982133805,289.7516914300159,294.9724426269531,66400,0.0,0
2016-05-20,293.23219222797405,296.7126930259322,291.491941828995,294.9724426269531,35800,0.0,0
2016-05-23,294.9724426269531,295.8425678264427,291.491941828995,294.9724426269531,11800,0.0,0
2016-05-24,294.97245874603,294.97245874603,291.49195775787626,293.2322082519531,21900,0.0,0
2016-05-25,293.2322244672633,295.84260035272854,288.01147269633276,291.4919738769531,46300,0.0,0
2016-05-26,291.4919738769531,292.3620991721082,290.621848581798,291.4919738769531,6100,0.0,0
2016-05-27,289.75172328664297,291.4919738769531,288.88159799148787,291.4919738769531,16800,0.0,0
2016-05-30,291.491941828995,296.7126930259322,287.14131583154733,294.9724426269531,43000,0.0,0
2016-05-31,294.9724954941694,296.7127462050494,293.2322447832893,295.8426208496094,3700,0.0,0
2016-06-01,295.8426230294364,295.8426230294364,291.49199622018,292.36212158203125,24100,0.0,0
2016-06-02,290.6218730512872,292.3621237881212,288.01149694603606,288.8816223144531,22700,0.0,0
2016-06-03,289.7516784667969,292.36205394847974,289.7516784667969,289.7516784667969,5300,0.0,0
2016-06-06,287.1413269042969,288.8815773703835,287.1413269042969,287.1413269042969,23900,0.0,0
2016-06-07,287.14137157761905,288.8816223144531,286.27124620920205,288.8816223144531,25200,0.0,0
2016-06-08,288.881575715756,290.621826171875,288.881575715756,290.621826171875,1600,0.0,0
2016-06-09,292.3620991721082,293.2322244672633,288.01147269633276,291.4919738769531,27300,0.0,0
2016-06-10,291.49195775787626,293.2322082519531,289.75170726379935,293.2322082519531,24100,0.0,0
2016-06-13,293.23224694388256,294.10237230573387,290.6218708583287,292.36212158203125,10600,0.0,0
2016-06-14,292.36207662799404,292.36207662799404,287.141325259637,290.621826171875,29200,0.0,0
2016-06-15,287.141302985114,289.7516784667969,286.2711778245531,289.7516784667969,23100,0.0,0
2016-06-16,289.7516894870334,289.7516894870334,274.95956119490256,281.9205627441406,19900,0.0,0
2016-06-17,281.05043907165526,282.7906894683838,276.699813079834,278.4400634765625,15300,0.0,0
2016-06-20,281.05043755048587,283.66081313145014,281.05043755048587,281.9205627441406,3700,0.0,0
2016-06-21,281.9205612554783,285.40106201171875,281.9205612554783,285.40106201171875,4800,0.0,0
2016-06-22,285.40106351875966,285.40106351875966,281.9205627441406,281.9205627441406,6100,0.0,0
2016-06-23,286.27120167125355,288.0114521373402,283.6608259721236,287.1413269042969,2800,0.0,0
2016-06-24,287.1413553172144,287.1413553172144,270.608974253496,277.5699768066406,26100,0.0,0
2016-06-27,277.5699706258653,278.44009592563293,272.3492188272597,274.9595947265625,12500,0.0,0
2016-06-28,274.0894632065258,274.0894632065258,271.47908736646366,272.3492126464844,21300,0.0,0
2016-06-29,274.0894694267949,278.44009592563293,274.0894694267949,274.9595947265625,12900,0.0,0
2016-06-30,276.69986175731486,278.4401124601911,273.2193603515625,273.2193603515625,18700,0.0,0
2016-07-01,274.08945957076884,279.3102111816406,274.08945957076884,279.3102111816406,9700,0.0,0
2016-07-04,279.31017925555886,283.66080510066104,278.44005408653845,282.7906799316406,7100,0.0,0
2016-07-05,279.31023354856126,281.05048422487624,277.5699828722462,280.18035888671875,6800,0.0,0
2016-07-06,279.3102254483722,281.05047607421875,277.56997482252564,281.05047607421875,4800,0.0,0
2016-07-07,282.7906879377954,282.7906879377954,281.05043755048587,281.9205627441406,20000,0.0,0
2016-07-08,280.1803044245793,282.7906799316406,280.1803044245793,282.7906799316406,8100,0.0,0
2016-07-11,282.7906799316406,282.7906799316406,282.7906799316406,282.7906799316406,0,0.0,0
2016-07-12,289.75172328664297,293.2322244672633,289.75172328664297,291.4919738769531,13200,0.0,0
2016-07-13,294.97242005477995,295.8425451876849,291.4919195231601,294.102294921875,16600,0.0,0
2016-07-14,295.84260268018426,301.0633544921875,295.84260268018426,301.0633544921875,22200,0.0,0
2016-07-15,294.1023238332648,300.1932003623561,293.2321986148232,297.58282470703125,57200,0.0,0
2016-07-19,297.58280873853107,301.06330942553143,295.8425583950309,299.32305908203125,22600,0.0,0
2016-07-20,299.3230976961097,299.3230976961097,296.7127218441087,298.4529724121094,6400,0.0,0
2016-07-21,298.45298665364584,300.1932373046875,298.45298665364584,300.1932373046875,2300,0.0,0
2016-07-22,299.32305908203125,300.19318425378134,299.32305908203125,299.32305908203125,5100,0.0,0
2016-07-25,302.80353574725325,303.67366084997525,300.1931604390873,301.93341064453125,8200,0.0,0
2016-07-26,303.67373039818915,303.67373039818915,300.19322919018697,301.0633544921875,15700,0.0,0
2016-07-27,301.06328554180925,301.93341064453125,295.8425349254773,301.93341064453125,6600,0.0,0
2016-07-28,288.8815441244452,294.97242005477995,288.8815441244452,294.102294921875,12800,0.0,0
2016-07-29,294.1023497624184,295.84260035272854,287.1413474011777,291.4919738769531,10500,0.0,0
2016-08-01,292.3621237881212,292.3621237881212,287.14137157761905,288.8816223144531,9500,0.0,0
2016-08-02,288.88156930053344,290.6218197180065,288.0114440917969,288.0114440917969,4900,0.0,0
2016-08-03,287.1413512623638,290.62185248978636,283.6608500349412,284.5309753417969,11200,0.0,0
2016-08-04,287.1413139060691,287.1413139060691,281.05043755048587,281.9205627441406,12900,0.0,0
2016-08-05,281.9205627441406,285.40106351875966,281.05043755048587,281.9205627441406,5000,0.0,0
2016-08-08,285.40109832377374,285.40109832377374,271.47909352749207,274.9595947265625,37600,0.0,0
2016-08-09,278.440085913162,281.0504617185979,276.69983537620476,279.3102111816406,8000,0.0,0
2016-08-10,283.6608602393488,283.6608602393488,279.31023354856126,280.18035888671875,11100,0.0,0
2016-08-12,285.4010764382102,287.1413269042969,282.79070073908025,287.1413269042969,11400,0.0,0
2016-08-15,291.4919530695135,291.4919530695135,274.089448408647,287.1413269042969,33200,0.0,0
2016-08-16,283.660888671875,287.14139037337037,283.660888671875,283.660888671875,4700,0.0,0
2016-08-17,282.7906799316406,282.7906799316406,282.7906799316406,282.7906799316406,100,0.0,0
2016-08-18,282.7907267000653,284.5309773259118,281.05047607421875,281.05047607421875,3500,0.0,0
2016-08-19,281.9206095630338,282.7907349011913,280.18035888671875,280.18035888671875,7200,0.0,0
2016-08-22,282.7906799316406,284.53093026968145,282.7906799316406,282.7906799316406,2700,0.0,0
2016-08-23,295.8425560113507,296.71268117609,286.27117919921875,286.27117919921875,29600,0.0,0
2016-08-24,286.27124620920205,288.8816223144531,284.530995472368,288.8816223144531,4700,0.0,0
2016-08-25,290.62180362735785,290.62180362735785,284.5309275034312,289.7516784667969,12300,0.0,0
2016-08-26,290.6218050229151,290.6218050229151,285.4010540344795,286.27117919921875,2600,0.0,0
2016-08-29,287.1413188830603,291.4919449267431,287.1413188830603,288.0114440917969,6500,0.0,0
2016-08-30,291.49192878791877,291.49192878791877,288.011428145675,289.7516784667969,14300,0.0,0
2016-08-31,293.23219222797405,294.9724426269531,290.6218166295055,294.9724426269531,11100,0.0,0
2016-09-01,293.23216978897,294.102294921875,292.36204465606505,294.102294921875,2900,0.0,0
2016-09-02,294.10237230573387,294.9724976675851,291.49199622018,292.36212158203125,9700,0.0,0
2016-09-05,294.10237230573387,294.10237230573387,291.49199622018,292.36212158203125,4600,0.0,0
2016-09-06,292.3621194278493,295.8426208496094,292.3621194278493,295.8426208496094,6700,0.0,0
2016-09-07,294.1023334989915,294.1023334989915,293.2322082519531,293.2322082519531,3700,0.0,0
2016-09-08,293.23216978897,294.102294921875,293.23216978897,294.102294921875,2900,0.0,0
2016-09-09,295.8425451876849,295.8425451876849,294.102294921875,294.102294921875,14100,0.0,0
2016-09-12,294.97247127610814,298.4529724121094,294.97247127610814,298.4529724121094,5600,0.0,0
2016-09-13,299.3231119791667,301.06336263020836,298.45298665364584,300.1932373046875,13500,0.0,0
2016-09-14,300.19322919018697,301.0633544921875,297.5828532841853,301.0633544921875,14700,0.0,0
2016-09-15,301.0633666298606,313.2451213489879,298.452990618619,306.28411865234375,43900,0.0,0
2016-09-16,310.63467669555314,325.4268041572461,303.6736755371094,303.6736755371094,99300,0.0,0
2016-09-20,310.6347109476725,317.5957128736708,308.8944604661729,313.2450866699219,35000,0.0,0
2016-09-21,317.5957723764273,318.4658977801983,310.63476914625903,316.72564697265625,27500,0.0,0
2016-09-23,314.9853577496254,320.2061095355308,305.4139794754655,317.5957336425781,20500,0.0,0
2016-09-26,316.7256021236188,319.335977965297,314.11522628194064,314.9853515625,12400,0.0,0
2016-09-27,314.9853371514214,315.8554623921712,310.6347109476725,313.2450866699219,17600,0.0,0
2016-09-28,314.1274813007376,316.77462299709214,312.3627201698346,315.8922424316406,14300,5.0,0
2016-09-29,315.8922282474142,315.8922282474142,301.77413983412197,313.2450866699219,20600,0.0,0
2016-09-30,313.24508192849026,313.24508192849026,308.8331793661171,312.3627014160156,8000,0.0,0
2016-10-03,308.83319091796875,314.1274741908482,307.95081037248883,308.83319091796875,11300,0.0,0
2016-10-04,308.83318404076806,315.0098477215834,308.83318404076806,313.2450866699219,23800,0.0,0
2016-10-05,310.59796142578125,314.1274837147106,308.8332002813166,310.59796142578125,7800,0.0,0
2016-10-06,315.0098477215834,318.5393698249065,312.36270614409113,313.2450866699219,31700,0.0,0
2016-10-07,313.2451007352861,315.8922424316406,311.48033960438306,315.8922424316406,10500,0.0,0
2016-10-11,315.8922517564562,317.6570129394531,315.8922517564562,317.6570129394531,13600,0.0,0
2016-10-12,317.65696990184296,318.53935037379256,308.83316518234733,309.7155456542969,50800,0.0,0
2016-10-13,312.3627035206762,312.3627035206762,307.06842041015625,307.06842041015625,16800,0.0,0
2016-10-14,307.0684298270089,308.83319091796875,306.186049281529,308.83319091796875,15100,0.0,0
2016-10-17,306.1860398917363,308.83318144699626,306.1860398917363,307.06842041015625,22700,0.0,0
2016-10-18,306.1860515683196,307.9508126724598,303.5389099121094,303.5389099121094,29300,0.0,0
2016-10-19,302.6565246582031,308.8331884267379,302.6565246582031,302.6565246582031,18200,0.0,0
2016-10-20,305.30368508110814,308.833207451988,305.30368508110814,306.1860656738281,4900,0.0,0
2016-10-21,307.95081742880996,307.95081742880996,302.6565340346184,304.4212951660156,7200,0.0,0
2016-10-24,306.1860656738281,307.9508268592681,306.1860656738281,306.1860656738281,4000,0.0,0
2016-10-25,308.83324740609334,308.83324740609334,306.1861052854697,307.95086669921875,12500,0.0,0
2016-10-26,307.95081037248883,308.83319091796875,307.0684298270089,308.83319091796875,1700,0.0,0
2016-10-27,308.83319091796875,309.71557146344867,307.95081037248883,308.83319091796875,11000,0.0,0
2016-10-28,309.71562811296786,311.480389526717,307.95086669921875,307.95086669921875,26700,0.0,0
2016-10-31,307.95080092857626,307.95080092857626,304.4212788548963,307.06842041015625,22000,0.0,0
2016-11-01,307.0684298270089,310.59795200892853,306.186049281529,308.83319091796875,33400,0.0,0
2016-11-02,308.83318144699626,309.7155619654162,305.3036593733163,307.06842041015625,31100,0.0,0
2016-11-04,305.3036757317142,307.0684368631114,302.6565340346184,304.4212951660156,27700,0.0,0
2016-11-07,305.3036757317142,306.1860562974128,303.538914600317,304.4212951660156,13900,0.0,0
2016-11-08,304.4212951660156,307.95081742880996,303.538914600317,304.4212951660156,21200,0.0,0
2016-11-09,304.4212154559235,304.4212154559235,295.597412109375,295.597412109375,53200,0.0,0
2016-11-10,307.0684462665481,307.9508268592681,300.00940152478836,306.1860656738281,16800,0.0,0
2016-11-11,306.186030393391,306.186030393391,305.30364990234375,305.30364990234375,7200,0.0,0
2016-11-14,307.95081037248883,309.71557146344867,306.186049281529,308.83319091796875,19300,0.0,0
2016-11-15,308.83319091796875,311.48033255440845,305.3036687360491,308.83319091796875,31600,0.0,0
2016-11-16,308.8332002813166,315.0098642869429,308.8332002813166,310.59796142578125,18400,0.0,0
2016-11-17,310.59796142578125,310.59796142578125,306.1860585646196,310.59796142578125,12600,0.0,0
2016-11-18,310.59796142578125,313.24510314247823,309.71558085354894,310.59796142578125,17600,0.0,0
2016-11-21,310.59796142578125,311.4803419980136,304.42129742015493,310.59796142578125,23200,0.0,0
2016-11-22,310.59796609419266,314.12748843617214,309.7155855086978,311.4803466796875,13300,0.0,0
2016-11-24,312.36270614409113,315.0098477215834,311.48032561826034,313.2450866699219,12600,0.0,0
2016-11-25,315.0098830662417,317.65702494074793,313.2451218165709,314.12750244140625,30600,0.0,0
2016-11-28,315.8922636910771,315.8922636910771,313.2451218165709,314.12750244140625,15200,0.0,0
2016-11-29,315.0098455962712,319.4217481956588,313.2450845565162,318.53936767578125,20500,0.0,0
2016-11-30,319.4217853494453,329.1279721970804,319.4217853494453,325.59844970703125,35300,0.0,0
2016-12-01,325.59846646668484,327.3632278025476,322.06894379495924,322.9513244628906,27700,0.0,0
2016-12-02,322.95130783949446,330.0103528195927,322.06892721698216,325.59844970703125,17000,0.0,0
2016-12-05,322.06890168061125,327.36318499590897,321.18652112806166,326.4808044433594,18200,0.0,0
2016-12-06,326.4808044433594,329.1279461010082,323.8336627857105,326.4808044433594,32300,0.0,0
2016-12-07,329.1279296875,330.8926907045912,325.59840765331774,329.1279296875,50200,0.0,0
2016-12-08,330.89274451846165,335.3046477787078,330.89274451846165,333.5398864746094,38100,0.0,0
2016-12-09,333.53983491596426,335.3045959472656,332.65745440031355,335.3045959472656,29400,0.0,0
2016-12-12,338.8341535433071,339.71653415149274,335.3046311105643,336.18701171875,23900,0.0,0
2016-12-13,336.18697646291633,336.18697646291633,334.422215431615,335.3045959472656,25400,0.0,0
2016-12-14,336.18699060345443,337.9517517089844,334.4222294979245,337.9517517089844,38500,0.0,0
2016-12-15,336.18697440191875,343.2460184838488,336.18697440191875,340.598876953125,114600,0.0,0
2016-12-16,340.598876953125,341.48125746336626,337.06935491216,340.598876953125,37000,0.0,0
2016-12-19,339.7164563337962,340.598836739858,337.0693151156108,338.8340759277344,28500,0.0,0
2016-12-20,337.95177293512137,338.8341535433071,335.3046311105643,336.18701171875,24800,0.0,0
2016-12-21,334.4222671266586,337.95178973485554,331.7751251705109,333.5398864746094,31600,0.0,0
2016-12-22,338.8341035311671,338.8341035311671,330.8926792296554,332.6574401855469,23500,0.0,0
2016-12-26,330.89270019531256,332.6574612630209,329.1279391276042,330.8927001953125,14800,0.0,0
2016-12-27,328.24553779581817,334.4222011414384,328.24553779581817,332.6574401855469,28400,0.0,0
2016-12-28,330.01031966145837,332.6574612630209,330.01031966145837,330.8927001953125,13700,0.0,0
2016-12-29,330.89270019531256,331.7750807291667,330.89270019531256,330.8927001953125,10500,0.0,0
2016-12-30,330.89274451846165,333.5398864746094,330.89274451846165,333.5398864746094,37600,0.0,0
2017-01-04,332.6574130853017,338.8340759277344,332.6574130853017,338.8340759277344,35500,0.0,0
2017-01-05,338.83413226174935,338.83413226174935,330.01032673409964,337.9517517089844,20300,0.0,0
2017-01-06,336.18699060345443,337.9517517089844,335.30461005068946,337.9517517089844,7400,0.0,0
2017-01-10,337.9516858006023,339.71644656196315,335.30454465856104,337.0693054199219,11600,0.0,0
2017-01-11,336.18699060345443,339.7165128145144,335.30461005068946,337.9517517089844,15900,0.0,0
2017-01-12,339.7164563337962,340.598836739858,337.95169552167255,338.8340759277344,26000,0.0,0
2017-01-13,339.71649644288374,340.598876953125,337.95173542240127,340.598876953125,23600,0.0,0
2017-01-16,338.83411593264253,345.8931600145726,338.83411593264253,340.598876953125,48500,0.0,0
2017-01-17,338.8340759277344,343.2459779580434,337.95169552167255,338.8340759277344,23600,0.0,0
2017-01-18,337.95173542240127,340.598876953125,337.06935491216,340.598876953125,14600,0.0,0
2017-01-19,337.95173070337864,342.3636331929789,337.0693502054586,339.71649169921875,36900,0.0,0
2017-01-20,339.71649644288374,343.2460184838488,338.83411593264253,340.598876953125,18200,0.0,0
2017-01-23,339.71644656196315,339.71644656196315,334.4221642778806,337.0693054199219,27400,0.0,0
2017-01-24,335.3045605984086,336.186941021036,330.8926584852717,334.42218017578125,25800,0.0,0
2017-01-25,335.3045816193841,337.06934257527564,330.8926792296554,332.6574401855469,64500,0.0,0
2017-01-26,334.422215431615,337.95173749421775,334.422215431615,335.3045959472656,18500,0.0,0
2017-01-27,336.1869250392415,339.71644656196315,336.1869250392415,337.0693054199219,22800,0.0,0
2017-01-30,337.95174011703614,344.12840377452767,337.06935959453733,341.48126220703125,37800,0.0,0
2017-01-31,340.5988816845325,345.8931648195252,339.7165011620337,341.48126220703125,31900,0.0,0
2017-02-01,340.598876953125,342.3636379736075,340.598876953125,340.598876953125,20800,0.0,0
2017-02-02,340.598876953125,342.3636379736075,340.598876953125,340.598876953125,5700,0.0,0
2017-02-03,342.3636379736075,343.2460184838488,340.598876953125,340.598876953125,24400,0.0,0
2017-02-06,352.06988525390625,359.12893057228035,346.7756012651257,352.06988525390625,62100,0.0,0
2017-02-07,352.06980505834656,356.4817073773734,348.540283203125,348.540283203125,23300,0.0,0
2017-02-08,348.540283203125,354.7169464497627,344.12838088409814,348.540283203125,31000,0.0,0
2017-02-09,352.95225201231057,354.7170132723721,349.4227294921875,349.4227294921875,12700,0.0,0
2017-02-10,351.18743896484375,355.59934146440213,349.42267796502045,351.18743896484375,33200,0.0,0
2017-02-13,352.952265918703,352.952265918703,351.1875045891095,352.06988525390625,17800,0.0,0
2017-02-14,352.9521999646671,353.8345804645788,350.30505846493213,351.18743896484375,21300,0.0,0
2017-02-15,354.7170272482966,354.7170272482966,351.1875045891095,352.06988525390625,19800,0.0,0
2017-02-16,352.952265918703,353.8346465834998,352.06988525390625,352.06988525390625,10000,0.0,0
2017-02-17,352.95221202203624,363.54077838269734,352.95221202203624,359.1288757324219,31400,0.0,0
2017-02-20,366.187964184628,376.7765318237016,366.187964184628,373.24700927734375,83900,0.0,0
2017-02-21,373.2470046490855,375.0117659003814,368.8351015208457,372.3646240234375,33800,0.0,0
2017-02-22,372.36464077533003,372.36464077533003,368.8351181139525,369.7174987792969,21300,0.0,0
2017-02-23,369.7174987792969,371.48226010998565,369.7174987792969,369.7174987792969,16700,0.0,0
2017-02-24,369.7174120221819,373.24693385532925,368.8350315638951,370.59979248046875,15200,0.0,0
2017-02-27,364.4231965214373,366.18795776367193,363.54081590032007,366.1879577636719,28300,0.0,0
2017-02-28,363.5407762134912,366.1879177878613,360.89363463912116,364.42315673828125,12800,0.0,0
2017-03-01,364.4231614559745,367.07030306461354,364.4231614559745,365.3055419921875,5400,0.0,0
2017-03-02,365.3055419921875,370.5998252094656,364.4231614559745,365.3055419921875,21600,0.0,0
2017-03-03,361.77601516391115,366.1879177878613,357.364112539961,364.42315673828125,47800,0.0,0
2017-03-06,364.4231801010205,371.48222475188766,364.4231801010205,368.8350830078125,28500,0.0,0
2017-03-07,365.30557901825387,375.0117659003814,364.4231983926059,372.3646240234375,37300,0.0,0
2017-03-08,368.83504851585207,388.2474194903706,368.83504851585207,379.4236145019531,39400,0.0,0
2017-03-09,388.247415533972,396.1888399426214,381.1883716151725,390.0121765136719,62100,0.0,0
2017-03-10,389.12984297976135,393.5417459613913,382.9531788054794,387.3650817871094,17900,0.0,0
2017-03-13,382.95318603515625,387.36508910007745,382.07080542217204,382.95318603515625,17700,0.0,0
2017-03-14,382.95315779926625,382.95315779926625,368.83506903247303,377.65887451171875,42400,0.0,0
2017-03-15,373.24700273261016,373.24700273261016,366.18795776367193,366.1879577636719,51700,0.0,0
2017-03-16,364.42315673828125,371.4822009366015,364.42315673828125,364.42315673828125,20500,0.0,0
2017-03-17,362.6584214145698,367.07032435148665,360.893660239803,363.5408020019531,22700,0.0,0
2017-03-21,366.18794126373723,375.8941276586797,363.5407995196621,368.8350830078125,19600,0.0,0
2017-03-22,361.77603835694526,370.59984417052925,361.77603835694526,368.8350830078125,35700,0.0,0
2017-03-23,366.18795776367193,367.9527190059065,361.7760546580855,366.1879577636719,25500,0.0,0
2017-03-24,366.1879062423889,373.2469502181458,365.3055257454193,367.9526672363281,34300,0.0,0
2017-03-27,367.0703402695498,372.36462402343756,367.0703402695498,372.3646240234375,16600,0.0,0
2017-03-28,370.59985815487676,375.8941418428036,370.59985815487676,371.48223876953125,19600,0.0,0
2017-03-29,373.2724951785147,385.8044254722778,373.2724951785147,374.1676330566406,19900,6.0,0
2017-03-30,371.48217765939324,375.0627287693633,361.6356621069756,364.3210754394531,35500,0.0,0
2017-03-31,365.2161865234375,366.11132423550475,363.425911099303,365.2161865234375,11000,0.0,0
2017-04-03,361.63571536217205,366.1114049087336,359.84543954354746,362.5308532714844,34100,0.0,0
2017-04-04,363.4259491725941,363.4259491725941,358.9502601433749,359.84539794921875,15700,0.0,0
2017-04-05,358.0551647119018,359.8454405354613,355.3697509765625,355.3697509765625,24800,0.0,0
2017-04-06,356.26484303559363,356.26484303559363,348.208602866447,351.7891540527344,38400,0.0,0
2017-04-07,349.9988784595907,353.57942964587807,349.10374066301887,351.7891540527344,8600,0.0,0
2017-04-10,355.3697398229299,355.3697398229299,346.4183609860803,352.684326171875,28200,0.0,0
2017-04-11,351.78913126112536,353.57940673828125,351.78913126112536,353.57940673828125,7400,0.0,0
2017-04-12,352.68428802490234,352.68428802490234,349.1037368774414,350.8940124511719,17200,0.0,0
2017-04-13,356.2648391723633,357.1599769592285,349.99887466430664,350.8940124511719,22900,0.0,0
2017-04-14,355.3697398229299,355.3697398229299,349.1037746371352,352.684326171875,20900,0.0,0
2017-04-17,355.3696822154371,355.3696822154371,351.78913126112536,353.57940673828125,17100,0.0,0
2017-04-18,357.16001559029985,358.95029135766976,351.7891882881901,352.684326171875,28300,0.0,0
2017-04-19,353.579475153003,356.2648888883423,353.579475153003,355.3697509765625,5400,0.0,0
2017-04-20,357.1600230823864,359.84543678977275,353.57947147253793,354.474609375,10800,0.0,0
2017-04-21,355.3697472774622,358.0551609848485,351.7891956676137,354.474609375,12300,0.0,0
2017-04-24,354.4745901007401,358.0551415158991,353.5794522469504,357.1600036621094,19200,0.0,0
2017-04-25,362.53081136675024,362.53081136675024,356.2648467258434,359.84539794921875,8800,0.0,0
2017-04-26,362.5307998844681,366.1113509944381,359.84538655199054,364.3210754394531,15400,0.0,0
2017-04-27,360.7405128856697,363.42592613295756,360.7405128856697,361.6356506347656,5400,0.0,0
2017-04-28,364.3211031400241,369.6919302133414,348.2086219200721,349.103759765625,77100,0.0,0
2017-05-01,349.10372153999884,349.9988592875373,344.6280328023065,347.3134460449219,22200,0.0,0
2017-05-02,353.57944899338946,358.05513822115387,348.2086219200721,349.103759765625,41100,0.0,0
2017-05-08,357.15996188928585,361.6356506347656,354.474548641998,361.6356506347656,45300,0.0,0
2017-05-09,362.5307959168401,363.42593368453595,355.3696937752728,356.26483154296875,20200,0.0,0
2017-05-10,356.2648391723633,360.74052810668945,356.2648391723633,358.05511474609375,21900,0.0,0
2017-05-11,357.1600036621094,360.74055507726837,356.2648658083196,357.1600036621094,4100,0.0,0
2017-05-12,358.05511474609375,358.05511474609375,356.2648391723633,358.05511474609375,16100,0.0,0
2017-05-15,354.4745635986328,359.8453903198242,351.7891502380371,358.05511474609375,28000,0.0,0
2017-05-16,360.7405203814482,362.5307959168401,355.3696937752728,356.26483154296875,21400,0.0,0
2017-05-17,356.26483154296875,356.26483154296875,355.3696937752728,356.26483154296875,4300,0.0,0
2017-05-18,355.3697398229299,355.3697398229299,349.1037746371352,352.684326171875,9700,0.0,0
2017-05-19,356.26483154296875,356.26483154296875,353.579418239881,356.26483154296875,6400,0.0,0
2017-05-22,357.1600036621094,358.9502793696889,356.2648658083196,357.1600036621094,6800,0.0,0
2017-05-23,357.1600036621094,367.0065200537966,353.5794522469504,357.1600036621094,27700,0.0,0
2017-05-24,357.1600036621094,359.8454172234786,355.3697279545299,357.1600036621094,10000,0.0,0
2017-05-25,362.53084585033633,362.53084585033633,358.95029428638236,360.7405700683594,8200,0.0,0
2017-05-26,361.63565814914415,361.63565814914415,353.579418239881,356.26483154296875,26500,0.0,0
2017-05-29,353.57940673828125,357.1599576925929,351.78913126112536,353.57940673828125,28200,0.0,0
2017-05-30,353.57940673828125,353.57940673828125,349.99885578396953,353.57940673828125,59800,0.0,0
2017-05-31,352.68428802490234,353.5794258117676,350.8940124511719,350.8940124511719,16200,0.0,0
2017-06-01,350.8940124511719,352.68428802490234,349.99887466430664,350.8940124511719,7600,0.0,0
2017-06-02,350.89401625616256,352.68429184930625,349.10374066301887,351.7891540527344,29400,0.0,0
2017-06-05,352.68429184930625,354.47456744244994,351.7891540527344,351.7891540527344,19100,0.0,0
2017-06-06,353.57940673828125,355.3696822154371,350.8939935225475,353.57940673828125,24100,0.0,0
2017-06-07,353.57946405556,353.57946405556,351.7891882881901,352.684326171875,7700,0.0,0
2017-06-08,352.6843143931606,358.0551415158991,351.7891765393709,357.1600036621094,32600,0.0,0
2017-06-09,357.1600036621094,357.1600036621094,354.4745901007401,357.1600036621094,7800,0.0,0
2017-06-12,358.950252532959,358.950252532959,357.1599769592285,358.05511474609375,14400,0.0,0
2017-06-13,358.05511474609375,358.950252532959,355.36970138549805,358.05511474609375,21700,0.0,0
2017-06-14,359.84543217737087,361.6357079593478,357.1600185044054,360.7405700683594,29100,0.0,0
2017-06-15,357.1600230823864,360.7405746922349,353.57947147253793,354.474609375,51200,0.0,0
2017-06-16,353.5794258117676,358.05511474609375,353.5794258117676,358.05511474609375,17500,0.0,0
2017-06-19,356.2648391723633,358.05511474609375,354.4745635986328,358.05511474609375,7700,0.0,0
2017-06-20,357.15998075489983,358.95025634765625,357.15998075489983,358.95025634765625,10300,0.0,0
2017-06-21,358.0551223375311,359.84539794921875,357.15998453168726,359.84539794921875,11800,0.0,0
2017-06-22,359.84539794921875,359.84539794921875,356.2648467258434,359.84539794921875,8900,0.0,0
2017-06-23,360.7405128856697,361.6356506347656,358.0550996383818,361.6356506347656,10500,0.0,0
2017-06-26,362.5307883838616,363.42592613295756,358.0550996383818,361.6356506347656,11200,0.0,0
2017-06-27,359.8454277224657,367.00653076171875,359.8454277224657,367.00653076171875,26800,0.0,0
2017-06-28,364.32111712199884,371.48222016125186,363.4259792420922,367.00653076171875,25600,0.0,0
2017-06-29,367.90162654942316,367.90162654942316,363.4259376619606,364.3210754394531,9400,0.0,0
2017-06-30,363.4259948730469,366.1114086282664,361.6357190362338,363.4259948730469,18200,0.0,0
2017-07-03,364.32108305019386,367.9016342349624,362.5308074578096,366.1113586425781,11900,0.0,0
2017-07-04,366.1114049087336,369.69195654598286,362.5308532714844,362.5308532714844,34700,0.0,0
2017-07-05,363.425911099303,366.11132423550475,363.425911099303,365.2161865234375,7700,0.0,0
2017-07-06,365.2162550019055,367.00653076171875,364.32111712199884,367.00653076171875,17300,0.0,0
2017-07-07,365.2162669994213,365.2162669994213,358.95030163423513,362.5308532714844,72100,0.0,0
2017-07-10,364.32104881137025,365.2161865234375,362.53077338723574,365.2161865234375,9300,0.0,0
2017-07-11,365.2161865234375,365.2161865234375,361.6356356751685,365.2161865234375,30300,0.0,0
2017-07-12,363.4259376619606,366.1113509944381,362.5307998844681,364.3210754394531,12500,0.0,0
2017-07-13,364.3210754394531,366.1113509944381,362.5307998844681,364.3210754394531,15200,0.0,0
2017-07-14,363.42595650385886,369.69192127116673,363.42595650385886,368.7967834472656,37000,0.0,0
2017-07-17,368.7967834472656,368.7967834472656,368.7967834472656,368.7967834472656,0,0.0,0
2017-07-18,373.2724996970518,373.2724996970518,366.11139658535774,367.90167236328125,76900,0.0,0
2017-07-19,370.5870860301665,370.5870860301665,367.90167236328125,367.90167236328125,13000,0.0,0
2017-07-20,371.482196918969,371.482196918969,367.9016456233645,368.7967834472656,4400,0.0,0
2017-07-21,370.58710450392505,372.37738037109375,369.6919665703407,372.37738037109375,5800,0.0,0
2017-07-24,372.377311669686,373.27244943812275,369.69189836437573,370.5870361328125,18100,0.0,0
2017-07-25,374.16766721593456,375.0628051757813,373.2725292560878,375.06280517578125,23600,0.0,0
2017-07-26,375.0628051757813,375.0628051757813,372.37739129624106,375.06280517578125,7600,0.0,0
2017-07-27,375.9578592793925,384.01409912109375,375.9578592793925,384.01409912109375,46500,0.0,0
2017-07-28,398.33634601939815,419.8196545687589,393.8606567382813,393.86065673828125,287200,0.0,0
2017-07-31,396.5460740692762,397.44121193399235,386.69955755739795,394.75579833984375,66000,0.0,0
2017-08-01,397.44119290693095,397.44119290693095,385.804401222719,390.28009033203125,40500,0.0,0
2017-08-02,393.86066351996527,402.8120422363281,393.86066351996527,402.8120422363281,39600,0.0,0
2017-08-03,402.81199230482156,402.81199230482156,386.6995126126287,391.1752014160156,36000,0.0,0
2017-08-04,398.33630754274105,404.60227193105385,394.7557564637052,399.2314453125,65400,0.0,0
2017-08-07,399.2314870447783,402.8120384980947,396.546073454791,401.9169006347656,18700,0.0,0
2017-08-08,403.70721667745835,414.448872110118,403.70721667745835,411.7634582519531,87800,0.0,0
2017-08-09,416.2391004562378,433.2467196146647,411.76341120402014,429.6661682128906,170800,0.0,0
2017-08-10,429.6661530823267,433.2467043580127,423.40018834987603,426.0856018066406,58500,0.0,0
2017-08-11,426.0856018066406,426.0856018066406,426.0856018066406,426.0856018066406,0,0.0,0
2017-08-14,418.9244766560007,420.7147521972656,414.4487878028383,420.7147521972656,36600,0.0,0
2017-08-15,421.60991676834857,422.5050545958822,410.86826283794477,419.81964111328125,47200,0.0,0
2017-08-16,419.81969982644785,419.81969982644785,406.39263053562325,411.7634582519531,30300,0.0,0
2017-08-17,411.7634084878678,418.9245112441786,404.60230573155707,414.4488220214844,31500,0.0,0
2017-08-18,418.02935791015625,424.2953225897517,415.3439444760439,418.02935791015625,24800,0.0,0
2017-08-21,416.2390671262316,421.6098937988281,409.07796489610286,421.6098937988281,32200,0.0,0
2017-08-22,415.34398301925165,417.13425880812775,409.9731556526234,412.6585693359375,11800,0.0,0
2017-08-23,412.6585002484713,412.6585002484713,403.7071228027344,403.7071228027344,10700,0.0,0
2017-08-24,404.6022986944674,406.3925743524075,402.8120230365273,405.4974365234375,17700,0.0,0
2017-08-25,407.2877502441406,407.2877502441406,401.9169227683937,407.2877502441406,10700,0.0,0
2017-08-28,409.9731527682954,409.9731527682954,404.6023254394531,404.6023254394531,5200,0.0,0
2017-08-29,403.7071228027344,403.7071228027344,398.3362963352922,403.7071228027344,26300,0.0,0
2017-08-30,403.70719859364266,408.1828881567651,398.33637111789574,407.2877502441406,39800,0.0,0
2017-08-31,407.2877159622797,408.1828537995595,398.33633758948235,406.392578125,34600,0.0,0
2017-09-01,406.39253603645545,406.39253603645545,401.0217095690133,403.7071228027344,17500,0.0,0
2017-09-04,401.916896888188,402.81203474317283,399.23148332323353,401.0217590332031,6700,0.0,0
2017-09-05,399.2314951877293,404.6023224772503,395.6509436613819,396.54608154296875,17400,0.0,0
2017-09-06,392.07038474569515,400.12662552814095,389.38497115154655,394.75579833984375,26300,0.0,0
2017-09-07,394.755839786014,399.23152957950623,392.96556386861715,397.4412536621094,18900,0.0,0
2017-09-08,397.4412113181201,404.6023142247529,395.6509355914619,401.9169006347656,23000,0.0,0
2017-09-11,407.2877121813776,407.2877121813776,402.8120230365273,405.4974365234375,10700,0.0,0
2017-09-12,407.28767028542063,409.97308349609375,407.28767028542063,409.97308349609375,8800,0.0,0
2017-09-13,409.0779949542513,414.4488220214844,409.0779949542513,414.4488220214844,13800,0.0,0
2017-09-14,425.19045640647664,435.9321100420087,409.9731137561396,424.2953186035156,67500,0.0,0
2017-09-15,445.7786466425115,486.9549874970407,445.7786466425115,472.6327819824219,294700,0.0,0
2017-09-18,472.6327819824218,472.6327819824218,472.6327819824218,472.6327819824219,0,0.0,0
2017-09-19,481.5841933504158,497.69667565582,475.31822800942524,487.85015869140625,197300,0.0,0
2017-09-20,496.80148631128776,527.2361719591864,496.80148631128776,519.179931640625,191300,0.0,0
2017-09-21,519.1798744923892,523.6555630655995,514.7041859191789,520.0750122070312,338500,0.0,0
2017-09-22,520.970195699502,531.7118492190793,517.3896445263096,530.8167114257812,124300,0.0,0
2017-09-25,535.292381828062,568.4124790314705,528.1312797300278,554.9854125976562,169900,0.0,0
2017-09-26,563.9367835411658,590.7909160907452,560.3562325345553,581.8395385742188,155400,0.0,0
2017-09-27,565.5770685224019,580.0327124462971,548.4109913627763,552.02490234375,105600,6.0,0
2017-09-28,553.8317845498362,569.190904186618,551.1213516727571,560.1561279296875,103500,0.0,0
2017-09-29,569.1909293241279,570.0944069897217,535.7622556971553,543.8935546875,116300,0.0,0
2017-10-02,543.8935373046875,579.1291651367187,543.8935373046875,564.6735229492188,131400,0.0,0
2017-10-03,573.7082923150832,580.0326356949346,560.1561279296875,560.1561279296875,66300,0.0,0
2017-10-04,564.6735229492188,585.4535085937499,550.2178807617187,564.6735229492188,70200,0.0,0
2017-10-05,564.6735336921669,582.7430867703162,564.6735336921669,580.0326538085938,28800,0.0,0
2017-10-06,582.7430173959306,626.109939620744,582.7430173959306,605.3299560546875,178900,0.0,0
2017-10-09,605.3299560546875,605.3299560546875,605.3299560546875,605.3299560546875,0,0.0,0
2017-10-10,588.1639124516539,640.5656127929688,582.7430468991041,640.5656127929688,190300,0.0,0
2017-10-11,628.8204302871436,639.6621618438185,616.1717434710229,617.9786987304688,66600,0.0,0
2017-10-12,632.434352025909,677.6082343134739,627.0134861514011,673.9943237304688,215200,0.0,0
2017-10-13,660.4422000325521,683.0291425781251,649.6004676106771,677.6082763671875,93500,0.0,0
2017-10-16,673.090747933778,673.994225447783,650.5038100836512,651.4072875976562,104600,0.0,0
2017-10-17,657.7316850026449,702.0020868778229,657.7316850026449,693.8707885742188,146000,0.0,0
2017-10-18,695.6776992263497,722.7820251702334,693.8707441634241,696.5811767578125,145100,0.0,0
2017-10-19,708.3264138550885,727.2994427976355,672.1873111073799,714.6507568359375,128500,0.0,0
2017-10-20,714.6508166010843,748.0794894383032,702.0021295815961,738.1412353515625,120700,0.0,0
2017-10-23,725.4925787470142,736.3343109325239,709.22998046875,709.22998046875,103700,0.0,0
2017-10-24,713.7473564244037,731.8169097516039,708.3264904262437,717.3612670898438,68000,0.0,0
2017-10-25,703.8090468186599,705.6160020094652,634.2412719726562,634.2412719726562,249600,0.0,0
2017-10-26,641.4691297743055,658.635205078125,637.8552191840278,650.50390625,85000,0.0,0
2017-10-27,650.5038663903061,676.7047165643601,650.5038663903061,664.0560302734375,41800,0.0,0
2017-10-30,677.6082766846655,697.4847861340824,677.6082766846655,694.7743530273438,77200,0.0,0
2017-10-31,731.8168877074437,749.8864404903435,715.5542902028338,727.2994995117188,251600,0.0,0
2017-11-01,719.1681752370957,730.0099065220771,695.6777574529696,726.39599609375,102100,0.0,0
2017-11-02,727.2995938674907,729.1065493802049,695.677872394991,698.3883056640625,144900,0.0,0
2017-11-03,698.3883056640625,698.3883056640625,698.3883056640625,698.3883056640625,0,0.0,0
2017-11-06,703.8090808939489,734.5273206248787,703.8090808939489,727.2994995117188,165100,0.0,0
2017-11-07,714.6507989847435,729.1064409363945,713.7473213627653,718.2647094726562,69100,0.0,0
2017-11-08,722.7821044921876,727.2994926452637,718.2647163391114,722.7821044921875,65600,0.0,0
2017-11-09,727.2995145964533,739.9482018068263,711.036916754545,712.8438720703125,92800,0.0,0
2017-11-10,699.2916964990487,711.9403835158274,697.4847412109375,697.4847412109375,55500,0.0,0
2017-11-13,697.484739987175,731.8168904010514,697.484739987175,720.9751586914062,68500,0.0,0
2017-11-14,726.3960150146485,736.3342689514161,712.84385055542,722.7821044921875,80900,0.0,0
2017-11-15,718.2647572900079,722.7821457006369,701.0986813296178,709.22998046875,55000,0.0,0
2017-11-16,704.7125854492188,715.5543175330529,702.0021524282603,704.7125854492188,29100,0.0,0
2017-11-17,704.7126499585623,710.1335164967052,697.4848279077054,698.3883056640625,25800,0.0,0
2017-11-20,690.2569434938205,730.0099611819462,690.2569434938205,721.878662109375,76700,0.0,0
2017-11-21,722.7821442018072,749.886474609375,722.7821442018072,749.886474609375,77300,0.0,0
2017-11-22,749.8865576404945,763.4387243448408,723.6857020120917,757.1143798828125,79900,0.0,0
2017-11-23,757.1143798828125,757.1143798828125,757.1143798828125,757.1143798828125,0,0.0,0
2017-11-24,753.5004711914063,767.9561157226564,742.6587377929689,767.9561157226562,35100,0.0,0
2017-11-27,764.3420130769971,781.5080866567405,763.4385355201684,769.7628784179688,41400,0.0,0
2017-11-28,766.1490379949533,766.1490379949533,724.5890665942837,727.2994995117188,37500,0.0,0
2017-11-29,736.3342895507812,747.1760214214676,732.7203789272191,736.3342895507812,40900,0.0,0
2017-11-30,746.2725830078125,748.9830161180104,736.3343282704203,746.2725830078125,17700,0.0,0
2017-12-01,746.2724516495414,748.0794067382812,732.7202884839928,748.0794067382812,19500,0.0,0
2017-12-04,740.8517232038771,758.0177997171377,740.8517232038771,750.7899780273438,30400,0.0,0
2017-12-05,745.3691372504601,758.0178256401648,741.755226281973,751.6934814453125,23000,0.0,0
2017-12-06,753.500436929556,753.500436929556,741.755226281973,751.6934814453125,30100,0.0,0
2017-12-07,748.9829684900895,757.1142673036128,745.3690579063014,755.3073120117188,25500,0.0,0
2017-12-08,758.9210815429688,758.9210815429688,749.8863067626953,758.9210815429688,23500,0.0,0
2017-12-11,760.7282456508902,776.9908447265625,760.7282456508902,776.9908447265625,30100,0.0,0
2017-12-12,776.0872406075694,795.0602697725972,762.5350769182637,789.639404296875,39400,0.0,0
2017-12-13,803.1916436933285,823.9716299756082,790.5429563910714,798.6742553710938,59100,0.0,0
2017-12-14,798.6742657355543,816.7438192589831,796.8673103832114,814.0333862304688,28100,0.0,0
2017-12-15,802.2881552092343,816.7437976454368,776.9907809458801,783.3151245117188,59600,0.0,0
2017-12-18,790.542997755446,804.0951634312536,785.1221314851228,802.2882080078125,22800,0.0,0
2017-12-19,804.0949732351512,827.5853881835939,799.577585745066,827.5853881835938,36000,0.0,0
2017-12-20,831.1993616353823,839.3306597383371,815.8402429964675,821.2611083984375,27500,0.0,0
2017-12-21,813.1298828125,829.3924804687499,812.2264051649305,813.1298828125,13800,0.0,0
2017-12-22,814.9368464585999,814.9368464585999,794.1568603515625,794.1568603515625,13700,0.0,0
2017-12-25,804.0949707031249,812.2262681596734,796.8671507417486,804.094970703125,12400,0.0,0
2017-12-26,797.7708226181186,812.2264660630675,778.7977905966231,795.9638671875,20600,0.0,0
2017-12-27,787.8324963604963,799.5777055952284,770.6664213251184,780.6046752929688,30500,0.0,0
2017-12-28,773.3769178001021,789.6395165388893,772.4734400923917,774.2803955078125,43500,0.0,0
2017-12-29,774.2804602050782,779.7013269042969,767.9561157226564,767.9561157226562,18400,0.0,0
2018-01-01,767.9561157226564,767.9561157226564,767.9561157226564,767.9561157226562,0,0.0,0
2018-01-02,767.9561157226564,767.9561157226564,767.9561157226564,767.9561157226562,0,0.0,0
2018-01-03,767.9561157226564,767.9561157226564,767.9561157226564,767.9561157226562,0,0.0,0
2018-01-04,776.9908252242049,786.0256022616957,763.4386596679688,763.4386596679688,21700,0.0,0
2018-01-05,773.3769274259869,794.1569149619655,772.4734497070312,772.4734497070312,24300,0.0,0
2018-01-08,772.4734497070312,772.4734497070312,772.4734497070312,772.4734497070312,0,0.0,0
2018-01-09,795.963822377753,808.6125096800101,787.8325233977306,798.6742553710938,44900,0.0,0
2018-01-10,809.5159278791334,820.3576590560862,791.4463759175457,792.349853515625,69100,0.0,0
2018-01-11,792.3498698841443,803.1916012850675,776.9907503995029,795.060302734375,32600,0.0,0
2018-01-12,802.2882050695774,833.9099248639865,792.349950277049,825.7786254882812,78700,0.0,0
2018-01-15,823.0681921591306,823.9716698673184,804.0951602871858,808.612548828125,37600,0.0,0
2018-01-16,810.4194030761719,832.1028653658353,808.6124478853666,822.1646118164062,27600,0.0,0
2018-01-17,832.1029956681388,836.6203843525477,808.6125745092119,809.5160522460938,16100,0.0,0
2018-01-18,831.1993677937114,898.9601858203727,826.6819799252673,879.0836791992188,110800,0.0,0
2018-01-19,874.5662940240676,908.898441929971,861.0141303770004,896.249755859375,101900,0.0,0
2018-01-22,903.4776611328126,906.188094116211,876.3733312988282,903.4776611328125,42300,0.0,0
2018-01-23,903.477624089072,907.9950122095173,883.6011163591124,887.2150268554688,43100,0.0,0
2018-01-24,888.1185685847356,897.1533454777644,877.2768363131011,880.8907470703125,32800,0.0,0
2018-01-25,860.1107232392725,872.7594103457324,845.6550808318898,847.4620361328125,32400,0.0,0
2018-01-26,845.6551678201425,845.6551678201425,824.875179721998,831.1995239257812,46700,0.0,0
2018-01-29,840.234285576399,844.7516742085302,763.438678830169,776.9908447265625,257800,0.0,0
2018-01-30,898.9603532617389,912.5125193913128,859.2073326149886,882.69775390625,593600,0.0,0
2018-01-31,845.6550408250262,865.5315481948452,826.6820110629262,861.01416015625,134000,0.0,0
2018-02-01,861.0142442975725,885.4081420898436,845.6551234654017,885.4081420898438,93900,0.0,0
2018-02-02,885.4080847928491,885.4080847928491,854.6898451163626,855.5933227539062,38600,0.0,0
2018-02-05,828.4890906955884,843.8482123333474,814.033446801227,831.1995239257812,42600,0.0,0
2018-02-06,763.438545545344,776.9907090757348,710.133368992474,714.6507568359375,158200,0.0,0
2018-02-07,767.9560677558545,771.5699786629409,732.7204364117624,742.65869140625,64200,0.0,0
2018-02-08,745.3691212636121,770.6664975004377,745.3691212636121,766.1491088867188,21700,0.0,0
2018-02-09,733.6238763648344,763.4386398131589,728.2030102833209,749.886474609375,61700,0.0,0
2018-02-12,749.886474609375,749.886474609375,749.886474609375,749.886474609375,0,0.0,0
2018-02-13,763.4385563218779,763.4385563218779,749.8863926001877,759.8246459960938,33800,0.0,0
2018-02-14,786.9289637664034,786.9289637664034,752.596816093472,761.631591796875,61600,0.0,0
2018-02-15,758.9211848109819,776.9907368302911,758.9211848109819,762.5350952148438,24400,0.0,0
2018-02-16,775.1838094923231,785.1220634601734,758.9212120903863,780.6046752929688,39200,0.0,0
2018-02-19,785.1220989558816,796.8673087216198,777.8942775615812,779.7012329101562,20300,0.0,0
2018-02-20,779.7011221320623,791.4463302290691,758.9211385758197,771.56982421875,28000,0.0,0
2018-02-21,771.5698712244983,783.3150800370493,758.0177072100165,762.5350952148438,57500,0.0,0
2018-02-22,762.5350579633399,769.7628784179688,758.9211477360254,769.7628784179688,7200,0.0,0
2018-02-23,769.762987295409,769.762987295409,757.1142997107426,760.7282104492188,17400,0.0,0
2018-02-26,761.6316011589857,766.1489890662158,753.5003029259717,759.8246459960938,22800,0.0,0
2018-02-27,758.9211684146478,762.5350787404318,755.3072580888637,759.8246459960938,7600,0.0,0
2018-02-28,754.4037568640738,758.0176670765964,748.98289154529,752.5968017578125,28100,0.0,0
2018-03-01,743.5621052961728,757.1142700342562,739.0447170501451,748.9829711914062,27300,0.0,0
2018-03-02,735.4308009709332,740.8516668257558,716.457770479054,720.9751586914062,53200,0.0,0
2018-03-05,718.2647505540115,719.1682282276643,704.7125854492188,704.7125854492188,36200,0.0,0
2018-03-06,716.4577960609943,722.7821397841052,708.3264969884231,721.878662109375,23800,0.0,0
2018-03-07,721.8786174365113,737.2377369564371,718.2647069612347,724.5890502929688,9100,0.0,0
2018-03-08,737.2377817007211,737.2377817007211,700.1951970809546,704.7125854492188,54200,0.0,0
2018-03-09,706.5195036960712,712.8438470795398,683.9325630408259,688.449951171875,40900,0.0,0
2018-03-12,702.002216689491,702.002216689491,692.0639613695625,698.3883056640625,16200,0.0,0
2018-03-13,698.3882417336489,709.229973817483,694.7743310390375,704.7125854492188,14500,0.0,0
2018-03-14,702.9056111549844,712.8438652972785,701.0986558563854,708.3264770507812,14700,0.0,0
2018-03-15,702.9056166611708,712.843870881316,691.1604071282721,695.6777954101562,34900,0.0,0
2018-03-16,696.5812730665331,700.1951836920404,686.6430188463879,695.6777954101562,17600,0.0,0
2018-03-19,694.7743859879844,695.6778637330923,661.3457094189916,665.8630981445312,53200,0.0,0
2018-03-20,662.2491253611105,662.2491253611105,639.6621838412909,648.6969604492188,34000,0.0,0
2018-03-21,648.6969604492188,648.6969604492188,648.6969604492188,648.6969604492188,0,0.0,0
2018-03-22,650.5039023593127,688.4499633302727,650.5039023593127,680.3186645507812,30300,0.0,0
2018-03-23,671.2838650901845,680.3186412017617,653.2143128670301,673.0908203125,34900,0.0,0
2018-03-26,665.8629829790339,665.8629829790339,642.3725656690543,646.8899536132812,37100,0.0,0
2018-03-27,659.5387793233401,679.4152904810298,645.9866126249153,666.7666015625,18100,0.0,0
2018-03-28,652.1923442458568,658.5685263823386,644.9052789470204,645.816162109375,16900,6.0,0
2018-03-29,644.9052798341976,650.3705788158434,620.3114344167918,625.7767333984375,36200,0.0,0
2018-03-30,616.6679469841196,634.8856115922176,607.5591146800706,613.0244140625,52800,0.0,0
2018-04-02,619.4005721654647,648.5488343850161,610.291740221855,639.4400024414062,40800,0.0,0
2018-04-03,625.7767903645833,657.6577039930555,623.044140625,655.8359375,25100,0.0,0
2018-04-04,669.4991618830983,683.1624100847941,646.7270815469385,672.2318115234375,35100,0.0,0
2018-04-05,672.2317943419591,683.1623926239422,664.0338456304719,679.5188598632812,22400,0.0,0
2018-04-06,679.5187869930531,679.5187869930531,657.6575927734375,657.6575927734375,34400,0.0,0
2018-04-09,643.9944674334948,649.4597670156744,637.6182845876186,647.6380004882812,36000,0.0,0
2018-04-10,654.9250314494766,662.2120971679688,644.90531608655,662.2120971679688,15200,0.0,0
2018-04-11,664.9447522844587,664.9447522844587,660.3903361729213,663.1229858398438,12200,0.0,0
2018-04-12,664.9447554627683,689.5386025826242,664.9447554627683,684.0733032226562,40900,0.0,0
2018-04-13,688.6277503967285,701.3801161448162,676.7862679163616,699.558349609375,48500,0.0,0
2018-04-16,689.5386122458892,699.558327879581,681.3406630910504,695.914794921875,28300,0.0,0
2018-04-17,688.6276862022861,688.6276862022861,673.1426720945627,678.6079711914062,23900,0.0,0
2018-04-18,679.5189262911018,691.3604089208395,675.8753931742594,680.4298095703125,15700,0.0,0
2018-04-19,682.2515637433087,695.0039294207537,680.4297972179594,688.6277465820312,10600,0.0,0
2018-04-20,689.5386135309025,697.7365627010189,681.340664360786,685.8950805664062,16700,0.0,0
2018-04-23,691.3603357507078,691.3603357507078,675.8753216429844,678.6079711914062,13100,0.0,0
2018-04-24,680.429754002209,701.3800677131204,679.5188707973869,681.3406372070312,9800,0.0,0
2018-04-25,687.7168251516346,694.0930076364841,681.3406426667849,682.2515258789062,16700,0.0,0
2018-04-26,689.5386423624184,689.5386423624184,674.9645098950489,680.4298095703125,22700,0.0,0
2018-04-27,680.4297751247292,691.3603739219136,638.529146402189,643.9944458007812,93200,0.0,0
2018-04-30,643.9944458007812,643.9944458007812,643.9944458007812,643.9944458007812,0,0.0,0
2018-05-01,630.3312684977712,633.0639185057096,593.8959350585938,593.8959350585938,61400,0.0,0
2018-05-02,593.8957798230593,607.5590262913812,593.8957798230593,598.4501953125,23800,0.0,0
2018-05-03,598.4501953124999,598.4501953124999,598.4501953124999,598.4501953125,0,0.0,0
2018-05-04,598.4501953124999,598.4501953124999,598.4501953124999,598.4501953125,0,0.0,0
2018-05-07,607.55908203125,607.55908203125,601.182899761057,607.55908203125,6400,0.0,0
2018-05-08,610.291709107532,624.865839474279,605.7372933679236,613.9352416992188,18100,0.0,0
2018-05-09,619.4005801072761,623.9549961374767,609.3808648408349,610.291748046875,18900,0.0,0
2018-05-10,618.4896351370342,620.3114013671875,612.1134533314978,620.3114013671875,3900,0.0,0
2018-05-11,619.4004903037168,619.4004903037168,613.0243087858844,615.7569580078125,7300,0.0,0
2018-05-14,624.865923586145,624.865923586145,614.8462076102738,617.578857421875,11400,0.0,0
2018-05-15,615.7571757696069,616.6680591657158,609.3809919968447,611.2027587890625,21800,0.0,0
2018-05-16,611.2026249605066,624.8658729104434,611.2026249605066,619.4005737304688,4500,0.0,0
2018-05-17,628.5094056970933,628.5094056970933,614.8461577471564,619.4005737304688,6100,0.0,0
2018-05-18,619.4006239629425,623.9550403156112,613.0244410692063,617.578857421875,9700,0.0,0
2018-05-21,608.469992501395,613.9352918352399,608.469992501395,612.113525390625,11700,0.0,0
2018-05-22,612.1135308320951,621.222363136144,608.4699979104754,613.0244140625,6100,0.0,0
2018-05-23,609.3807983398438,610.2916814464803,601.1828503801149,609.3807983398438,18600,0.0,0
2018-05-24,604.8264824659304,613.9353150331884,604.8264824659304,605.7373657226562,3700,0.0,0
2018-05-25,610.2917315756184,610.2917315756184,598.4502502166886,607.55908203125,12700,0.0,0
2018-05-28,607.5590875134496,613.9352698411769,604.8264379444236,608.469970703125,4600,0.0,0
2018-05-29,605.737332935941,608.4699825582085,598.4502672765614,600.2720336914062,12100,0.0,0
2018-05-30,597.5393627474767,597.5393627474767,586.6087646484375,586.6087646484375,7100,0.0,0
2018-05-31,589.3414141731973,592.0740636979572,586.6087646484375,586.6087646484375,5700,0.0,0
2018-06-01,586.6087257469094,586.6087257469094,578.4107777162849,580.2325439453125,8900,0.0,0
2018-06-04,580.2326280381944,580.2326280381944,573.8564453125,573.8564453125,10200,0.0,0
2018-06-05,565.6584417527721,580.2325722971269,564.74755859375,564.74755859375,23400,0.0,0
2018-06-06,564.7476226908706,565.6585059532752,544.7081909179688,544.7081909179688,25200,0.0,0
2018-06-07,553.8168889003294,561.1039532279653,547.4407076136481,552.906005859375,12800,0.0,0
2018-06-08,563.8367296006944,573.8564453125,558.3714301215277,573.8564453125,26700,0.0,0
2018-06-11,592.0740124451977,592.0740124451977,556.5495716984859,558.371337890625,35100,0.0,0
2018-06-12,561.1040314261272,573.856395776721,560.1931482582277,565.658447265625,7500,0.0,0
2018-06-13,566.5693304335246,568.3910967693237,562.9257977619263,565.658447265625,5700,0.0,0
2018-06-14,568.3910912298387,568.3910912298387,563.8366754347278,564.74755859375,9600,0.0,0
2018-06-15,560.1931717146689,560.1931717146689,549.2625732421875,549.2625732421875,31400,0.0,0
2018-06-18,549.2625907833836,549.2625907833836,541.9755249023438,541.9755249023438,8400,0.0,0
2018-06-19,546.5299189998414,546.5299189998414,537.4210870165107,538.3319702148438,7800,0.0,0
2018-06-20,538.3319876983276,540.1537541541595,526.4905057354202,531.044921875,17800,0.0,0
2018-06-21,528.3122226834713,530.1339889685867,519.2033912578942,522.846923828125,10900,0.0,0
2018-06-22,516.470796754847,521.9360961914062,511.91638055771426,521.9360961914062,23300,0.0,0
2018-06-25,530.1339889685867,530.1339889685867,521.9360406855674,522.846923828125,7000,0.0,0
2018-06-26,526.4905502845501,536.5102666394464,524.668783674569,528.3123168945312,10900,0.0,0
2018-06-27,525.5796171103146,533.7775660773733,521.9360842360663,530.134033203125,1100,0.0,0
2018-06-28,523.7578327545492,525.5795991293476,507.36193538136325,511.9163513183594,124000,0.0,0
2018-06-29,510.0945849435609,519.203416817553,506.4510521939641,511.9163513183594,15100,0.0,0
2018-07-02,508.2728161708915,511.91634890329925,497.34221797366797,506.4510498046875,26700,0.0,0
2018-07-03,499.1639713450739,505.54015346079564,487.32249027301924,489.1442565917969,29000,0.0,0
2018-07-04,489.1442925548908,496.4313583657644,487.3225261021724,490.05517578125,13800,0.0,0
2018-07-05,490.0551880113569,490.0551880113569,475.4810560258891,481.85723876953125,19900,0.0,0
2018-07-06,489.1442371715199,489.1442371715199,450.88714599609375,480.9462890625,37900,0.0,0
2018-07-09,480.9463555204395,481.85723876953125,471.8375230295221,481.85723876953125,11000,0.0,0
2018-07-10,485.5006907547485,500.074820308362,474.57009358953843,483.6789245605469,7800,0.0,0
2018-07-11,480.94638429134795,480.94638429134795,475.4810844698554,476.3919677734375,14400,0.0,0
2018-07-12,476.3919018411357,476.3919018411357,462.728654178388,465.4613037109375,28000,0.0,0
2018-07-13,467.2830640679358,474.57012939453125,464.55041457046246,474.57012939453125,26900,0.0,0
2018-07-16,474.57012939453125,474.57012939453125,474.57012939453125,474.57012939453125,0,0.0,0
2018-07-17,481.8572234811134,481.8572234811134,469.10485839843744,469.1048583984375,50100,0.0,0
2018-07-18,469.10481971079906,480.94630059670277,461.81775455024297,462.7286376953125,22100,0.0,0
2018-07-19,465.46128713052104,466.3721702755906,461.81775455024297,462.7286376953125,15700,0.0,0
2018-07-20,459.9960524329608,462.72870224939425,457.2634026165274,458.1742858886719,16600,0.0,0
2018-07-23,549.2625732421875,549.2625732421875,549.2625732421875,549.2625732421875,24400,0.0,0
2018-07-24,594.806731005651,640.3508911132814,588.4305485905828,640.3508911132812,420300,0.0,0
2018-07-25,664.944698281957,669.4991140236142,597.5393453054298,603.91552734375,380800,0.0,0
2018-07-26,619.4005071221465,628.5093381092369,604.8263775428019,618.4896240234375,92100,0.0,0
2018-07-27,619.4005408653846,621.2223071620475,593.8958127121041,603.91552734375,64800,0.0,0
2018-07-30,692.27125655308,695.00390625,683.1624242300131,695.00390625,200100,0.0,0
2018-07-31,681.340708984375,698.6474916992188,665.8556928710938,683.1624755859375,310300,0.0,0
2018-08-01,674.9645117821632,715.9542594612419,673.1427452186485,701.380126953125,228200,0.0,0
2018-08-02,694.0929627206162,707.7562100182662,674.9644165039064,674.9644165039062,79100,0.0,0
2018-08-03,675.875214092548,678.6078632061298,649.4596059945912,651.2813720703125,69100,0.0,0
2018-08-06,645.8161625465896,646.7270457095608,629.4202656131077,635.7964477539062,46200,0.0,0
2018-08-07,633.0638146502486,644.9052960753611,628.5093987175129,638.5291137695312,44100,0.0,0
2018-08-08,637.6182250976564,663.1229541015625,635.7964587402345,637.6182250976562,55200,0.0,0
2018-08-09,637.6182140798487,641.2617467317335,631.2420319390502,635.7964477539062,20800,0.0,0
2018-08-10,642.1726805588294,659.4794620206985,631.2420817408068,633.9747314453125,24200,0.0,0
2018-08-13,633.9747507385524,636.7074005262186,616.66796875,616.66796875,38000,0.0,0
2018-08-14,625.7767278821406,632.1529099711871,621.2223121042501,624.8658447265625,15000,0.0,0
2018-08-15,614.846292373498,622.1333595423691,611.2027587890625,611.2027587890625,25900,0.0,0
2018-08-16,614.8461474828991,614.8461474828991,603.9155493054254,607.55908203125,11800,0.0,0
2018-08-17,608.4698980200382,608.4698980200382,595.7175348878816,596.62841796875,56900,0.0,0
2018-08-20,596.6284962673276,610.2917442734496,589.3414306640625,589.3414306640625,31600,0.0,0
2018-08-21,589.3414251841259,591.1631915680026,583.8761260324957,588.4305419921875,14000,0.0,0
2018-08-22,582.965293141593,617.578857421875,582.0544098710592,617.578857421875,53000,0.0,0
2018-08-23,613.0243976649954,613.0243976649954,605.7373320166745,610.291748046875,9100,0.0,0
2018-08-24,619.4005737304686,623.954989713781,612.113508157169,619.4005737304688,13100,0.0,0
2018-08-27,622.1332062122433,626.6876220703125,613.0243744961051,626.6876220703125,54100,0.0,0
2018-08-28,628.5094289793833,630.3311954401931,610.2917643712852,613.0244140625,20000,0.0,0
2018-08-29,617.5788344334512,623.9550170898438,613.0244182503137,623.9550170898438,15500,0.0,0
2018-08-30,623.954972555471,633.974687443223,623.954972555471,626.6876220703125,21400,0.0,0
2018-08-31,620.3113733776928,620.3113733776928,614.8460749338365,615.7569580078125,13500,0.0,0
2018-09-03,618.489696901236,618.489696901236,608.4699816347949,610.291748046875,30600,0.0,0
2018-09-04,611.2026421683174,612.113525390625,609.3808757237025,612.113525390625,56400,0.0,0
2018-09-05,610.2917370824756,610.2917370824756,608.4699707031249,608.469970703125,11700,0.0,0
2018-09-06,608.4699319213313,610.2916981845689,601.1828668683812,602.09375,15100,0.0,0
2018-09-07,604.8264219884844,604.8264219884844,590.2522913381595,595.7175903320312,31100,0.0,0
2018-09-10,595.7175903320312,598.4502398289673,591.1631745038047,595.7175903320312,21500,0.0,0
2018-09-11,595.7176240941593,595.7176240941593,588.4305583560044,591.1632080078125,9800,0.0,0
2018-09-12,590.2523069096183,610.2917370824756,586.6087741509168,608.469970703125,69100,0.0,0
2018-09-13,612.1136421851713,613.0245255812803,597.5395078474291,611.2027587890625,19700,0.0,0
2018-09-14,611.2025811347571,622.1331787109376,603.9155160839701,622.1331787109375,32400,0.0,0
2018-09-17,622.1331787109376,622.1331787109376,622.1331787109376,622.1331787109375,0,0.0,0
2018-09-18,623.0440672071718,646.7270288261578,623.0440672071718,633.0637817382812,52100,0.0,0
2018-09-19,636.707404459163,642.1727040682545,627.5985717773438,627.5985717773438,34200,0.0,0
2018-09-20,633.0638523425087,651.2815171581204,626.6876696570445,644.9053344726562,57800,0.0,0
2018-09-21,647.6380148841595,660.390380859375,640.3509486126078,660.390380859375,42400,0.0,0
2018-09-24,660.390380859375,660.390380859375,660.390380859375,660.390380859375,0,0.0,0
2018-09-25,655.8359200613838,664.9447522844587,646.7270878383091,663.1229858398438,28700,0.0,0
2018-09-26,672.3458691272108,674.1904394128821,665.8898731273609,671.423583984375,20600,9.0,0
2018-09-27,672.3458839126781,680.6464503807358,655.7447509765626,655.7447509765625,57900,0.0,0
2018-09-28,661.2783577127659,671.4234929078015,645.5995124113475,650.2109375,55600,0.0,0
2018-10-01,652.9778666178386,664.0452880859375,652.9778666178386,664.0452880859375,16600,0.0,0
2018-10-02,664.0452382262324,666.8120933855084,654.8223876953125,654.8223876953125,14400,0.0,0
2018-10-03,654.8224756273172,654.8224756273172,643.7550535040386,652.9779052734375,17600,0.0,0
2018-10-04,653.9001806503275,659.4338916290327,645.5996141822698,655.7447509765625,15200,0.0,0
2018-10-05,648.3664696716223,667.7344580970904,641.9104735297997,655.7447509765625,50300,0.0,0
2018-10-08,655.7447509765626,655.7447509765626,655.7447509765626,655.7447509765625,0,0.0,0
2018-10-09,654.8224927205462,654.8224927205462,646.5219259114125,653.9002075195312,9700,0.0,0
2018-10-10,648.3664696716223,663.1230322815028,648.3664696716223,655.7447509765625,15700,0.0,0
2018-10-11,614.2418368647997,641.9103880749258,613.3195518244622,621.6201171875,76100,0.0,0
2018-10-12,621.620266856318,636.3768310546876,617.0088405443275,636.3768310546875,43000,0.0,0
2018-10-15,630.8429406521589,634.5320806559727,623.4646606445312,623.4646606445312,38100,0.0,0
2018-10-16,624.3870045481863,662.2006931545018,620.6978641963506,659.433837890625,108900,0.0,0
2018-10-17,659.4339087839876,668.6567606550923,651.1333420999933,656.6670532226562,57700,0.0,0
2018-10-18,650.2110424908725,656.6670386574485,640.0659056576816,649.2887573242188,58100,0.0,0
2018-10-19,641.9104174704219,686.1801014338992,632.6875666446974,672.3458251953125,121700,0.0,0
2018-10-22,671.4235235916941,705.548070807206,662.2006729929071,700.9366455078125,167700,0.0,0
2018-10-23,709.2372723845397,709.2372723845397,673.2681519385097,677.8795776367188,81400,0.0,0
2018-10-24,677.8794757007847,680.646330703645,622.5423756435778,623.4646606445312,482300,0.0,0
2018-10-25,599.4853269591812,605.9413227879724,562.5939222232315,594.8739013671875,158900,0.0,0
2018-10-26,589.3401451504106,600.4075657166156,534.92532736657,536.7698974609375,112000,0.0,0
2018-10-29,540.4591064453125,558.9048097369614,479.5882855828712,540.4591064453125,290600,0.0,0
2018-10-30,540.4591484695185,540.4591484695185,493.42260141841706,506.3345947265625,197600,0.0,0
2018-10-31,510.02367792977606,520.1688143804588,501.72311174285386,508.1791076660156,123500,0.0,0
2018-11-01,512.7904929701602,513.7127780294591,504.48992743647057,510.9459228515625,57600,0.0,0
2018-11-02,513.7128440654383,525.702551377558,511.8682737097276,521.0911254882812,107200,0.0,0
2018-11-05,517.4018614773923,539.5367004710776,517.4018614773923,534.0029907226562,100900,0.0,0
2018-11-06,539.5367757451068,540.4590608318506,510.0236529693061,518.32421875,114400,0.0,0
2018-11-07,519.2464253634693,524.780135047627,515.5572855740307,517.40185546875,34700,0.0,0
2018-11-08,526.6247922000953,534.0030730014976,519.2465113986929,522.0133666992188,42300,0.0,0
2018-11-09,521.09110838978,529.3916747181128,512.7905420614472,520.1688232421875,54600,0.0,0
2018-11-12,516.4796656444272,521.0910912305382,512.7905251755384,519.2465209960938,46800,0.0,0
2018-11-13,510.0236377922637,518.3242033259532,502.6453573178729,510.9459228515625,106900,0.0,0
2018-11-14,513.7127248018874,515.5572947293626,507.2567300557236,514.635009765625,39500,0.0,0
2018-11-15,514.6351208894149,514.6351208894149,504.4899840976881,509.1014099121094,36700,0.0,0
2018-11-16,508.1790790557862,510.0236492156983,500.80079841613775,501.72308349609375,30600,0.0,0
2018-11-19,501.723072258574,511.8682079108614,498.95621708067745,510.9459228515625,21000,0.0,0
2018-11-20,505.412253679548,525.702526637486,501.72311314174107,516.4796752929688,59900,0.0,0
2018-11-21,511.86815487441197,516.4795796931004,510.02358494693664,514.635009765625,20900,0.0,0
2018-11-22,519.2464345843134,528.4692842216903,512.7904398381496,514.635009765625,54200,0.0,0
2018-11-23,514.635009765625,514.635009765625,514.635009765625,514.635009765625,0,0.0,0
2018-11-26,521.0911060339932,530.3139574682233,514.6351100300323,526.6248168945312,26500,0.0,0
2018-11-27,526.6247806549072,540.459056854248,524.7802104949951,531.2362060546875,45400,0.0,0
2018-11-28,534.0030806692023,535.8476508960389,524.7802295350192,525.7025146484375,35900,0.0,0
2018-11-29,527.5471732985806,532.158599638603,522.0134616905535,523.8580322265625,31000,0.0,0
2018-11-30,523.8579810218473,526.6248365554134,514.6351292432937,521.0911254882812,30100,0.0,0
2018-12-03,528.4693871813772,529.3916723248003,522.0133911774163,526.6248168945312,21000,0.0,0
2018-12-04,529.3916603915662,544.1482223537005,523.8579496557659,535.84765625,77900,0.0,0
2018-12-05,526.6248339673023,528.4694043139477,519.24655258072,527.547119140625,32900,0.0,0
2018-12-06,527.5470793968024,527.5470793968024,502.6453815931071,515.557373046875,49300,0.0,0
2018-12-07,519.2465380945949,520.1688232421875,510.0236866186696,520.1688232421875,27300,0.0,0
2018-12-10,511.86824819353654,514.6351035891773,504.4899671384946,508.1791076660156,20200,0.0,0
2018-12-11,508.17906163674036,510.0236317334255,498.0339261049724,500.80078125,25500,0.0,0
2018-12-12,502.64545378137814,507.25687996285865,501.723168545082,506.3345947265625,10400,0.0,0
2018-12-13,507.25684782045073,522.935695843992,500.8008515754632,521.0911254882812,44800,0.0,0
2018-12-14,514.635078403025,522.9356441837189,507.25679770907476,518.32421875,32900,0.0,0
2018-12-17,536.769964798637,536.769964798637,506.33455442345655,509.1014099121094,75300,0.0,0
2018-12-18,500.8008557421695,509.1014224119292,496.1894298145252,499.8785705566406,28700,0.0,0
2018-12-19,500.80090673604144,512.7906153687643,488.81119810331853,502.6454772949219,33100,0.0,0
2018-12-20,502.6453845684345,502.6453845684345,474.9768312894381,479.5882568359375,43400,0.0,0
2018-12-21,474.97679182320593,474.97679182320593,387.3597137198961,446.3859558105469,439900,0.0,0
2018-12-24,446.38595581054693,446.38595581054693,446.38595581054693,446.3859558105469,0,0.0,0
2018-12-25,429.7848718964469,432.5517272949219,410.41688410712203,432.5517272949219,86700,0.0,0
2018-12-26,435.31857516381046,445.46371144940775,422.4065835275958,428.8625793457031,35500,0.0,0
2018-12-27,474.97684401539175,474.97684401539175,447.3082899950777,455.6088562011719,31400,0.0,0
2018-12-28,453.7642406448426,462.9870910644532,452.8419556028815,462.9870910644531,17200,0.0,0
2018-12-31,462.9870910644532,462.9870910644532,462.9870910644532,462.9870910644531,0,0.0,0
2019-01-04,463.90941788080175,470.36541375588246,453.76428150567483,468.5208435058594,25500,0.0,0
2019-01-07,479.58821302183304,483.277353122001,471.2876477964552,480.510498046875,14500,0.0,0
2019-01-08,480.5105823981693,481.43286758511397,470.365445341778,476.8214416503906,21700,0.0,0
2019-01-09,483.2774379590033,483.2774379590033,474.9768712765013,476.8214416503906,17500,0.0,0
2019-01-10,476.8213666938691,476.8213666938691,462.0648060224921,462.9870910644531,22500,0.0,0
2019-01-11,465.75394619033636,468.52080131621955,455.6088107287647,462.9870910644531,41600,0.0,0
2019-01-15,472.2099743150685,472.2099743150685,462.9871232542273,471.2876892089844,28300,0.0,0
2019-01-16,474.9768712765013,484.1997231459479,470.365445341778,476.8214416503906,22400,0.0,0
2019-01-17,476.8213919936813,482.3551025390625,474.9768218118876,482.3551025390625,13900,0.0,0
2019-01-18,484.1996459960937,486.9665011160714,480.51050583612346,484.19964599609375,11300,0.0,0
2019-01-21,487.88877824721095,489.7333482972949,480.51049804687506,480.510498046875,13200,0.0,0
2019-01-22,482.35512564774876,482.35512564774876,475.8991297021766,478.6659851074219,9800,0.0,0
2019-01-23,474.97683341043034,479.58825897752195,472.20997807017545,473.13226318359375,23000,0.0,0
2019-01-24,475.8991088867188,477.7436790762022,473.1322536024937,475.89910888671875,5200,0.0,0
2019-01-25,487.888807296753,503.5676536560059,482.35509681701666,501.72308349609375,67300,0.0,0
2019-01-28,520.1687103108288,522.0132802055481,502.64529631099595,517.40185546875,77600,0.0,0
2019-01-29,516.4796970607517,527.547119140625,507.25684532752405,527.547119140625,52600,0.0,0
2019-01-30,523.8579563685826,541.3813739231654,516.4796752929688,516.4796752929688,102700,0.0,0
2019-01-31,461.14254528604766,501.72308927121986,454.686549652043,497.1116638183594,135600,0.0,0
2019-02-01,490.655613131291,505.4121729247133,477.7436233120465,492.50018310546875,52400,0.0,0
2019-02-04,501.7230370364972,501.7230370364972,493.4224720855257,494.3447570800781,11800,0.0,0
2019-02-05,495.2671053621404,502.6453862613902,486.04425423807817,487.8888244628906,30600,0.0,0
2019-02-06,491.57797699856616,495.2671175388931,478.6659851074218,478.6659851074219,13900,0.0,0
2019-02-07,479.58827024250354,481.43284051266704,469.4431337566044,478.6659851074219,33700,0.0,0
2019-02-08,477.74369475597473,477.74369475597473,464.83170300581327,468.5208435058594,18700,0.0,0
2019-02-12,468.5208376165022,477.7436887506853,468.5208376165022,473.13226318359375,9200,0.0,0
2019-02-13,474.97680664062506,480.5105170092537,471.2876663948726,474.976806640625,11300,0.0,0
2019-02-14,481.4328174481657,482.3551025390625,474.9768218118876,482.3551025390625,15100,0.0,0
2019-02-15,476.8213919936813,484.19967272085626,474.0545367209907,482.3551025390625,17600,0.0,0
2019-02-18,487.88881308444377,487.88881308444377,479.5882472663719,482.3551025390625,12800,0.0,0
2019-02-19,482.35510058133104,489.7333812785598,481.4328154941774,488.81109619140625,22100,0.0,0
2019-02-20,488.8110961914062,491.577951452867,487.8888111042526,488.81109619140625,17200,0.0,0
2019-02-21,488.811123009884,488.811123009884,482.3551270456025,486.966552734375,21100,0.0,0
2019-02-22,486.96647318293543,498.0338930280021,486.0441881958465,492.50018310546875,28900,0.0,0
2019-02-25,501.72308729681777,507.25679781847384,494.34480660127633,503.5676574707031,51100,0.0,0
2019-02-26,503.56763639502765,507.2567765883978,493.4225008632597,500.80078125,26500,0.0,0
2019-02-27,498.03389705828766,502.6453220310496,494.3447570800781,494.3447570800781,18800,0.0,0
2019-02-28,494.3448009455316,503.5676517094407,493.4225158691407,493.4225158691406,34100,0.0,0
2019-03-01,493.42254045274524,499.87853630913634,490.6556850857205,498.0339660644531,21200,0.0,0
2019-03-04,499.8785705566407,502.64542611322724,498.03400018558295,499.8785705566406,16900,0.0,0
2019-03-05,496.18937492725786,499.8785152612895,494.344804760242,495.26708984375,8800,0.0,0
2019-03-06,496.1894298145252,499.8785705566407,492.5002890724098,499.8785705566406,7700,0.0,0
2019-03-07,499.8784630021799,500.8007479892688,491.5778981183799,492.50018310546875,13600,0.0,0
2019-03-08,491.5779183473789,491.5779183473789,480.51049804687506,480.510498046875,18000,0.0,0
2019-03-11,481.4328154941774,493.4225216271742,481.4328154941774,488.81109619140625,5700,0.0,0
2019-03-12,488.81113038027195,493.4225561385764,482.3551343186457,490.65570068359375,17700,0.0,0
2019-03-13,490.6556224068679,493.4224774204405,485.1219123797228,489.73333740234375,5300,0.0,0
2019-03-14,495.26711291801644,495.26711291801644,486.96654677972566,491.5779724121094,10700,0.0,0
2019-03-15,498.03394706294216,498.03394706294216,488.8110961914062,488.81109619140625,17000,0.0,0
2019-03-18,487.88880541079516,494.3448009455316,486.0442352580133,493.4225158691406,9200,0.0,0
2019-03-19,488.8111095752968,488.8111095752968,484.19968401326577,487.8888244628906,3300,0.0,0
2019-03-20,487.8888244628906,492.50025002492174,487.8888244628906,487.8888244628906,1400,0.0,0
2019-03-22,488.81113038027195,491.5779858352546,484.19970462196744,490.65570068359375,8600,0.0,0
2019-03-25,493.4224774204405,495.26704742948885,486.96648238877117,489.73333740234375,13200,0.0,0
2019-03-26,498.0339682974467,498.0339682974467,485.12197652677213,491.5779724121094,10800,0.0,0
2019-03-27,487.8538968635328,492.5089912992535,486.92287797638863,491.5779724121094,5800,5.0,0
2019-03-28,484.1298026818918,485.9918403845145,483.1987838305805,485.0608215332031,3200,0.0,0
2019-03-29,481.3367537717139,484.12981037000236,480.40573490561775,483.19879150390625,30100,0.0,0
2019-04-01,485.0607725899174,493.43994140624994,483.19873507517684,493.43994140625,6900,0.0,0
2019-04-02,490.64697265625006,494.3710483500356,488.78493480935725,490.64697265625,1500,0.0,0
2019-04-03,490.64697265625006,490.64697265625006,490.64697265625006,490.64697265625,0,0.0,0
2019-04-04,492.5090105031428,492.5090105031428,487.85391588591085,490.64697265625,6900,0.0,0
2019-04-05,493.43996044368055,495.3019980302605,490.64690406381067,492.5089416503906,13100,0.0,0
2019-04-08,500.8881649728549,501.81918386685646,493.4400138208422,494.37103271484375,9900,0.0,0
2019-04-09,493.44001018639767,494.3710290735418,488.78491575067693,491.5779724121094,8800,0.0,0
2019-04-10,485.9918132391502,486.9228320384589,472.02653124951945,472.9575500488281,58500,0.0,0
2019-04-11,476.6816747572816,482.26778813334346,475.75065586127124,479.4747314453125,5800,0.0,0
2019-04-12,493.44005003762896,507.4053344726562,484.12986041427746,507.40533447265625,84800,0.0,0
2019-04-15,502.7502600826434,507.4053550834086,490.64701308065384,499.02618408203125,41800,0.0,0
2019-04-16,489.7159118652343,493.4399872406354,483.19877995828256,489.7159118652344,23000,0.0,0
2019-04-17,489.7159118652343,493.4399872406354,486.9228553336836,489.7159118652344,11400,0.0,0
2019-04-18,489.71591210458797,489.71591210458797,469.23349752987133,474.8196105957031,73900,0.0,0
2019-04-19,476.681675295858,480.40575088410685,470.1645430164224,472.0265808105469,50500,0.0,0
2019-04-22,472.9575729070925,475.7506294400084,472.9575729070925,474.8196105957031,13500,0.0,0
2019-04-23,472.9575500488282,472.9575500488282,471.0955124502107,472.9575500488281,60800,0.0,0
2019-04-24,472.02655778851425,477.6126708984375,472.02655778851425,477.6126708984375,13800,0.0,0
2019-04-25,481.33679640293116,483.19883430004114,476.6817016601562,476.68170166015625,6900,0.0,0
2019-04-26,477.6126936532919,488.7849204054157,475.75065586127124,479.4747314453125,46300,0.0,0
2019-05-07,478.5436939697265,478.5436939697265,465.50942993164057,465.5094299316406,30700,0.0,0
2019-05-08,464.57839198238224,465.50941080399025,458.9922790527344,458.9922790527344,16600,0.0,0
2019-05-09,458.9923142115275,460.8543519973755,445.95804971059164,446.8890686035156,43400,0.0,0
2019-05-10,450.6131441752116,450.6131441752116,445.95804971059164,446.8890686035156,13000,0.0,0
2019-05-13,450.61314049806737,450.61314049806737,428.26868725022933,444.09600830078125,55900,0.0,0
2019-05-14,430.1307142208784,437.578865116478,424.5446010491787,435.7168273925781,19900,0.0,0
2019-05-15,450.6131291837774,450.6131291837774,435.7168273925781,435.7168273925781,24800,0.0,0
2019-05-16,435.71685011843414,439.44092576047206,434.7858312079247,437.5788879394531,7900,0.0,0
2019-05-17,437.578842227469,443.1649551069686,435.7168046009691,441.30291748046875,8200,0.0,0
2019-05-20,443.1650014025099,445.95805813403837,436.6478690289436,437.5788879394531,4200,0.0,0
2019-05-21,437.57888793945307,440.3719446709815,434.7858312079247,437.5788879394531,5000,0.0,0
2019-05-22,440.3719446709815,442.23398249200045,431.9927744763962,437.5788879394531,10000,0.0,0
2019-05-23,437.5788914880087,440.37194824218744,434.7858347338299,440.3719482421875,1200,0.0,0
2019-05-24,440.3719446709815,440.3719446709815,437.57888793945307,437.5788879394531,5300,0.0,0
2019-05-27,436.6478271484375,441.30292125449756,435.71680832722546,436.6478271484375,7000,0.0,0
2019-05-28,436.6478499556297,440.3719254349954,434.7858122159468,438.5098876953125,1700,0.0,0
2019-05-29,435.71680447165033,438.5098609105712,432.9237480327295,433.8547668457031,5400,0.0,0
2019-05-30,434.7858305735568,445.02703857421875,434.7858305735568,445.02703857421875,5500,0.0,0
2019-05-31,444.0959702015919,448.7510642288623,438.5098573688675,445.9580078125,7800,0.0,0
2019-06-03,437.578865116478,442.2339594262278,433.8547896686782,435.7168273925781,5700,0.0,0
2019-06-04,438.509883978428,438.509883978428,435.7168273925781,435.7168273925781,3200,0.0,0
2019-06-05,437.578842227469,445.02699273346843,435.7168046009691,441.30291748046875,5700,0.0,0
2019-06-06,440.3719254349954,441.3029443048368,438.5098876953125,438.5098876953125,4600,0.0,0
2019-06-07,440.37193635304766,446.8890686035156,440.37193635304766,446.8890686035156,4700,0.0,0
2019-06-10,446.88906495676105,448.7511027274142,442.2339705301281,444.09600830078125,2800,0.0,0
2019-06-11,442.23393259068376,445.95800781250006,442.23393259068376,445.9580078125,7000,0.0,0
2019-06-12,445.95805685412245,454.33722702465917,445.95805685412245,452.4751892089844,6900,0.0,0
2019-06-13,452.4751892089843,452.4751892089843,449.6821324854721,452.4751892089844,3000,0.0,0
2019-06-14,458.0612943095545,461.7853698730468,450.6131431825699,461.7853698730469,8400,0.0,0
2019-06-17,464.578403550121,464.578403550121,458.99229048138204,459.9233093261719,10400,0.0,0
2019-06-18,462.7163543391663,462.7163543391663,454.33718494469446,458.9922790527344,4100,0.0,0
2019-06-19,459.9232978743424,459.9232978743424,456.1992225879104,458.9922790527344,1900,0.0,0
2019-06-20,458.0612953186035,458.0612953186035,446.8890686035156,446.8890686035156,6200,0.0,0
2019-06-21,447.8200838420876,450.61314049806737,444.0960083007813,444.09600830078125,3800,0.0,0
2019-06-24,446.8890268063398,454.33717725311215,443.1649515829537,453.4061584472656,5400,0.0,0
2019-06-25,454.3371925748901,454.3371925748901,449.68209838867193,449.6820983886719,4900,0.0,0
2019-06-26,451.5441477799616,451.5441477799616,443.1649780273437,443.16497802734375,2900,0.0,0
2019-06-27,446.889079960369,447.82009887695307,440.37194754428026,447.8200988769531,3800,0.0,0
2019-06-28,447.8200454234082,450.61310183977037,445.026989007046,445.9580078125,2000,0.0,0
2019-07-01,449.6821211667405,451.5441589355469,447.8200833979341,451.5441589355469,3800,0.0,0
2019-07-02,451.54414752298146,453.40618524472575,449.68210980123723,450.6131286621094,2100,0.0,0
2019-07-03,450.6131286621094,454.3372041055979,449.68210980123723,450.6131286621094,3800,0.0,0
2019-07-04,451.54412847987055,458.9922790527344,451.54412847987055,458.9922790527344,5000,0.0,0
2019-07-05,463.6473845827627,471.0955353391123,460.8543280491316,467.3714599609375,27500,0.0,0
2019-07-08,471.0955471462674,474.8196226177794,460.8543395996094,460.8543395996094,8500,0.0,0
2019-07-09,461.7853925467495,471.0955819126114,460.85437361016335,463.6474304199219,11600,0.0,0
2019-07-10,465.5094109256047,474.8195991441168,463.6473732819023,473.8885803222656,10700,0.0,0
2019-07-11,475.75063319512975,478.5436897500914,468.30248238189876,477.6126708984375,13400,0.0,0
2019-07-12,481.33673854266254,487.8538703991396,476.68164435946466,486.9228515625,25200,0.0,0
2019-07-16,477.612667128619,486.9228555716721,474.8196105957031,474.8196105957031,44000,0.0,0
2019-07-17,475.7506294400084,481.3367425058403,471.0955352184819,474.8196105957031,9500,0.0,0
2019-07-18,474.8196375017335,474.8196375017335,472.0265808105469,472.0265808105469,3000,0.0,0
2019-07-19,472.0265999895782,476.6816946640316,471.0955810546875,471.0955810546875,7000,0.0,0
2019-07-22,469.2335014116646,471.0955391156791,469.2335014116646,470.1645202636719,2800,0.0,0
2019-07-23,472.02653124951945,475.7506064467543,470.164493650902,472.9575500488281,10500,0.0,0
2019-07-24,473.88861806925064,479.47473144531256,473.88861806925064,479.4747314453125,7100,0.0,0
2019-07-25,484.1298066368399,484.1298066368399,479.4747123422549,480.4057312011719,7200,0.0,0
2019-07-26,481.33678933848506,482.26780827337575,471.0955810546875,471.0955810546875,11000,0.0,0
2019-07-29,480.405723661535,482.2677613501456,474.8196105957031,474.8196105957031,9800,0.0,0
2019-07-30,437.578842227469,445.9580115467184,431.06171053471945,441.30291748046875,60400,0.0,0
2019-07-31,443.1649780273437,445.9580346115497,443.1649780273437,443.16497802734375,4900,0.0,0
2019-08-01,443.1649780273437,443.1649780273437,439.44090258173577,443.16497802734375,6300,0.0,0
2019-08-02,440.3719024332856,440.3719024332856,434.78578950601343,436.6478271484375,15300,0.0,0
2019-08-05,443.1649627685547,443.1649627685547,424.5445861816406,424.5445861816406,13900,0.0,0
2019-08-06,418.02750766330297,420.8205645073785,409.6483371310764,418.9585266113281,14900,0.0,0
2019-08-07,422.68259095189836,422.68259095189836,418.0274963378907,418.0274963378906,6500,0.0,0
2019-08-08,418.9585152606922,418.9585152606922,416.1654584922876,418.0274963378906,6000,0.0,0
2019-08-09,418.958507461717,419.8895263671875,418.0274885562465,419.8895263671875,3600,0.0,0
2019-08-13,418.958507461717,421.75156417812843,418.0274885562465,419.8895263671875,5300,0.0,0
2019-08-14,423.61360841156335,432.9237976074219,420.82055165280576,432.9237976074219,8700,0.0,0
2019-08-15,429.19966873336625,429.19966873336625,423.6135559082031,423.6135559082031,14000,0.0,0
2019-08-16,423.6136013853784,428.26869590609687,423.6136013853784,427.3376770019531,2000,0.0,0
2019-08-19,428.2686501290834,431.9927253475972,427.33763132445495,431.06170654296875,3200,0.0,0
2019-08-20,431.9927253475972,431.9927253475972,431.06170654296875,431.06170654296875,2100,0.0,0
2019-08-21,423.6136008023705,434.78582763671875,423.6136008023705,434.78582763671875,4100,0.0,0
2019-08-22,436.64786544244345,437.5788843453058,432.92378983099405,434.78582763671875,3100,0.0,0
2019-08-23,434.78578565867673,436.64782328462394,430.1306915938087,433.8547668457031,5200,0.0,0
2019-08-26,426.4066508379467,428.26868861453164,419.8895186198995,421.7515563964844,4100,0.0,0
2019-08-27,422.6825485229492,428.26866149902344,422.6825485229492,424.5445861816406,2100,0.0,0
2019-08-28,422.6825485229492,425.4756050109863,422.6825485229492,424.5445861816406,1100,0.0,0
2019-08-29,422.68257121123605,426.4066467285157,422.68257121123605,426.4066467285156,600,0.0,0
2019-08-30,426.4066616570278,430.1307373046875,426.4066616570278,430.1307373046875,1800,0.0,0
2019-09-02,432.9237968977107,443.16500499636624,431.06175906159154,440.3719482421875,9900,0.0,0
2019-09-03,442.2339594262278,442.2339594262278,434.7858085306282,435.7168273925781,6500,0.0,0
2019-09-04,435.7168273925781,435.7168273925781,435.7168273925781,435.7168273925781,400,0.0,0
2019-09-05,438.509883978428,441.30294056427783,435.7168273925781,435.7168273925781,5000,0.0,0
2019-09-06,435.71680832722546,439.44088361207355,435.71680832722546,436.6478271484375,900,0.0,0
2019-09-09,437.57888793945307,437.57888793945307,437.57888793945307,437.5788879394531,200,0.0,0
2019-09-10,441.3029593698602,442.23397827148443,438.5099026649877,442.2339782714844,2200,0.0,0
2019-09-11,439.4409215666119,442.23397827148443,439.4409215666119,442.2339782714844,3900,0.0,0
2019-09-12,444.0960083007813,444.0960083007813,441.3029516448015,444.09600830078125,9000,0.0,0
2019-09-13,442.23398184676546,445.9580574833698,442.23398184676546,445.02703857421875,45900,0.0,0
2019-09-17,446.88907277960527,447.8200916812295,442.23397827148443,442.2339782714844,21300,0.0,0
2019-09-18,442.23398607830666,442.23398607830666,440.37194824218744,440.3719482421875,2200,0.0,0
2019-09-19,439.4409215666119,443.1649971731086,437.57888376336354,442.2339782714844,13200,0.0,0
2019-09-20,441.30291748046875,444.0959739202185,440.3718986672188,441.30291748046875,7400,0.0,0
2019-09-24,442.2339591659417,444.0959968887457,441.30294030453973,443.16497802734375,5900,0.0,0
2019-09-25,445.02699273346843,445.02699273346843,441.30291748046875,441.30291748046875,6900,0.0,0
2019-09-26,444.0959739202185,445.9580115467184,441.30291748046875,441.30291748046875,7700,0.0,0
2019-09-27,446.00768642949754,446.9486309156357,442.2439084849448,445.0667419433594,2100,5.0,0
2019-09-30,446.00762939453125,446.9485737603425,442.24385193128626,446.00762939453125,5700,0.0,0
2019-10-01,446.0076783781599,446.9486228473121,442.2439005015509,443.1848449707031,8400,0.0,0
2019-10-02,446.0076783781599,446.9486228473121,442.2439005015509,443.1848449707031,3800,0.0,0
2019-10-03,442.2439005015509,445.0667339090076,442.2439005015509,443.1848449707031,3000,0.0,0
2019-10-04,446.0077051040974,446.0077051040974,442.2439270019531,442.2439270019531,11300,0.0,0
2019-10-07,445.06676057856134,445.06676057856134,433.7754262721285,442.2439270019531,11600,0.0,0
2019-10-08,445.06668502872003,446.00762939453125,445.06668502872003,446.00762939453125,1900,0.0,0
2019-10-09,446.00766395970396,449.7714417146382,443.1848306435033,446.9486083984375,14200,0.0,0
2019-10-10,446.00766395970396,446.9486083984375,442.24388620476975,446.9486083984375,17700,0.0,0
2019-10-11,462.00374165519344,502.4643544681737,448.8305188788743,459.180908203125,261100,0.0,0
2019-10-15,468.59036652406377,475.17697810171126,463.8856439686013,469.53131103515625,47000,0.0,0
2019-10-16,473.2950744628906,474.2360189449242,464.82657412458843,473.2950744628906,16600,0.0,0
2019-10-17,470.4721984863281,470.4721984863281,466.7084208984375,470.4721984863281,2300,0.0,0
2019-10-18,469.53125816238617,472.3540913777913,468.5903137572511,471.41314697265625,9000,0.0,0
2019-10-21,470.4722147139292,475.17693686106844,470.4722147139292,474.2359924316406,11500,0.0,0
2019-10-23,476.117919921875,482.7045314622962,474.23603091032606,476.117919921875,10400,0.0,0
2019-10-24,476.1178853554301,482.70449641765936,473.2950520430461,475.17694091796875,13800,0.0,0
2019-10-25,482.704535489957,482.704535489957,474.23603486732617,477.0588684082031,12800,0.0,0
2019-10-28,486.4683027863502,487.4092472791671,479.8816913366317,481.7635803222656,8300,0.0,0
2019-10-29,481.76357632093936,486.4682987459485,477.999798380932,480.8226318359375,7500,0.0,0
2019-10-30,481.76356189320387,488.3501730909625,477.05883960909057,484.5863952636719,10300,0.0,0
2019-10-31,458.23992530076566,473.29503578292633,456.3580364904956,471.41314697265625,55100,0.0,0
2019-11-01,465.767480541846,472.3540913777913,465.767480541846,471.41314697265625,6300,0.0,0
2019-11-05,471.4131880114155,473.295076985513,464.8265766020744,466.7084655761719,12300,0.0,0
2019-11-06,466.7084208984375,473.29503167724613,466.7084208984375,470.4721984863281,8500,0.0,0
2019-11-07,467.6493652954102,472.35408728027346,467.6493652954102,470.4721984863281,8900,0.0,0
2019-11-08,474.2360149246763,475.17695939873323,470.4722370284487,472.3541259765625,5000,0.0,0
2019-11-11,474.2359964805074,477.9997742303527,474.2359964805074,475.17694091796875,20600,0.0,0
2019-11-12,472.35408728027346,472.35408728027346,469.53125408935546,470.4721984863281,7000,0.0,0
2019-11-13,471.41314697265625,474.2359801880614,468.5903137572511,471.41314697265625,6500,0.0,0
2019-11-14,477.99975585937494,480.82258906326894,473.29503385288507,477.999755859375,9000,0.0,0
2019-11-15,476.1179038727901,476.1179038727901,471.4131815025056,472.3541259765625,10500,0.0,0
2019-11-18,470.4722555462488,472.35414456843375,469.5313110351563,469.53131103515625,6400,0.0,0
2019-11-19,470.4722555462488,473.2950890795263,468.59036652406377,469.53131103515625,3100,0.0,0
2019-11-20,470.4721984863281,472.35408728027346,468.59030969238285,470.4721984863281,6700,0.0,0
2019-11-21,470.4722025675212,472.3540913777913,470.4722025675212,471.41314697265625,2400,0.0,0
2019-11-22,471.41318549882345,473.2950744628906,470.4722410167899,473.2950744628906,4600,0.0,0
2019-11-25,477.0588297928914,477.0588297928914,473.2950520430461,475.17694091796875,3900,0.0,0
2019-11-26,477.0588671238963,477.0588671238963,469.5313110351563,469.53131103515625,3700,0.0,0
2019-11-27,470.4722555462488,471.41320005734127,469.5313110351563,469.53131103515625,4800,0.0,0
2019-11-28,470.4721984863281,472.35408728027346,469.53125408935546,470.4721984863281,1600,0.0,0
2019-11-29,470.4722187306621,475.17694091796875,469.5312742932008,475.17694091796875,6500,0.0,0
2019-12-02,477.0588134034665,477.0588134034665,471.41314697265625,471.41314697265625,5100,0.0,0
2019-12-03,471.4131428833008,472.35408728027346,470.4721984863281,470.4721984863281,9700,0.0,0
2019-12-04,469.53125408935546,471.4131428833008,467.6493652954102,470.4721984863281,4000,0.0,0
2019-12-05,471.4131428833008,473.29503167724613,467.6493652954102,470.4721984863281,25600,0.0,0
2019-12-06,474.2360149246763,474.2360149246763,470.4722370284487,472.3541259765625,12800,0.0,0
2019-12-09,473.2950704506194,474.2360149246763,472.3541259765625,472.3541259765625,4300,0.0,0
2019-12-10,472.3541076055848,476.1178853554301,470.4722187306621,475.17694091796875,9300,0.0,0
2019-12-11,475.17694091796875,475.17694091796875,472.3541076055848,475.17694091796875,6200,0.0,0
2019-12-12,476.11790790899136,476.11790790899136,470.4722410167899,473.2950744628906,8400,0.0,0
2019-12-13,477.9997599363795,482.70448198299744,475.1769267084088,478.9407043457031,33800,0.0,0
2019-12-16,470.4722555462488,472.35414456843375,467.6494220129713,469.53131103515625,47500,0.0,0
2019-12-17,469.53125408935546,472.35408728027346,469.53125408935546,470.4721984863281,9000,0.0,0
2019-12-18,470.4722025675212,473.29503578292633,470.4722025675212,471.41314697265625,4900,0.0,0
2019-12-19,471.41314697265625,473.29503578292633,471.41314697265625,471.41314697265625,1900,0.0,0
2019-12-20,471.41314697265625,472.3540913777913,470.4722025675212,471.41314697265625,5400,0.0,0
2019-12-23,470.4721984863281,472.35408728027346,470.4721984863281,470.4721984863281,8500,0.0,0
2019-12-24,471.4131428833008,471.4131428833008,469.53125408935546,470.4721984863281,2800,0.0,0
2019-12-25,470.4721984863281,470.4721984863281,469.53125408935546,470.4721984863281,11600,0.0,0
2019-12-26,472.3541259765625,473.2950704506194,470.4722370284487,472.3541259765625,3900,0.0,0
2019-12-27,472.3541076055848,476.1178853554301,472.3541076055848,475.17694091796875,2000,0.0,0
2019-12-30,472.3541259765625,475.17695939873323,471.4131815025056,472.3541259765625,2500,0.0,0
2020-01-06,470.4722555462488,471.41320005734127,469.5313110351563,469.53131103515625,2900,0.0,0
2020-01-07,471.41314697265625,473.29503578292633,470.4722025675212,471.41314697265625,2000,0.0,0
2020-01-08,471.4131815025056,472.3541259765625,469.5312925543918,472.3541259765625,3800,0.0,0
2020-01-09,473.2950744628906,475.1769634269578,471.41318549882345,473.2950744628906,4100,0.0,0
2020-01-10,472.35408728027346,475.1769204711914,470.4721984863281,470.4721984863281,11300,0.0,0
2020-01-14,477.0588134034665,477.0588134034665,471.41314697265625,471.41314697265625,17700,0.0,0
2020-01-15,476.11786899833146,476.11786899833146,471.41314697265625,471.41314697265625,13300,0.0,0
2020-01-16,473.29503578292633,475.1769245931964,468.5903137572511,471.41314697265625,10200,0.0,0
2020-01-17,472.3540913777913,475.1769245931964,468.5903137572511,471.41314697265625,11900,0.0,0
2020-01-20,474.2360149246763,474.2360149246763,469.5312925543918,472.3541259765625,6000,0.0,0
2020-01-21,471.4131428833008,472.35408728027346,470.4721984863281,470.4721984863281,6300,0.0,0
2020-01-22,470.4721984863281,471.4131428833008,469.53125408935546,470.4721984863281,7200,0.0,0
2020-01-23,470.4722025675212,471.41314697265625,470.4722025675212,471.41314697265625,2400,0.0,0
2020-01-24,472.35408728027346,472.35408728027346,470.4721984863281,470.4721984863281,7100,0.0,0
2020-01-27,470.4721984863281,471.4131428833008,468.59030969238285,470.4721984863281,4400,0.0,0
2020-01-28,470.4722025675212,471.41314697265625,468.5903137572511,471.41314697265625,6400,0.0,0
2020-01-29,470.4721984863281,470.4721984863281,469.53125408935546,470.4721984863281,3300,0.0,0
2020-01-30,471.41314697265625,471.41314697265625,468.5903137572511,471.41314697265625,7700,0.0,0
2020-01-31,461.06275451660156,470.4721984863281,458.2399213256836,470.4721984863281,19200,0.0,0
2020-02-03,466.7084412866709,466.7084412866709,451.65333027742344,461.0627746582031,3400,0.0,0
2020-02-04,462.00374165519344,462.94468613921623,452.59429681496545,459.180908203125,4100,0.0,0
2020-02-05,460.1218119963671,463.8855895996094,460.1218119963671,463.8855895996094,6100,0.0,0
2020-02-06,463.88563211502566,466.7084655761718,460.1218541668307,466.7084655761719,6900,0.0,0
2020-02-07,463.88562813190504,465.76751708984375,463.88562813190504,465.76751708984375,2900,0.0,0
2020-02-10,466.70846156881316,466.70846156881316,462.9446836529356,465.76751708984375,4300,0.0,0
2020-02-12,464.8265726108744,465.76751708984375,463.88562813190504,465.76751708984375,1000,0.0,0
2020-02-13,464.8265726108744,467.6494060477825,463.88562813190504,465.76751708984375,4700,0.0,0
2020-02-14,466.70846156881316,466.70846156881316,463.88562813190504,465.76751708984375,7300,0.0,0
2020-02-17,465.7674784012305,469.5312560044728,462.9446451987988,463.8855895996094,15000,0.0,0
2020-02-18,461.0627746582031,463.885607972437,458.23994134396924,461.0627746582031,1900,0.0,0
2020-02-19,458.23995569802116,460.12184463312593,457.29901123046875,457.29901123046875,1600,0.0,0
2020-02-20,458.2399453592398,462.9446675908542,458.2399453592398,462.00372314453125,2000,0.0,0
2020-02-21,446.9486080870336,461.0627746582031,443.18483033472177,461.0627746582031,12600,0.0,0
2020-02-25,451.65336944772014,451.65336944772014,440.36203521152714,448.8305358886719,10400,0.0,0
2020-02-26,454.47616616273535,454.47616616273535,440.36199951171875,440.36199951171875,4700,0.0,0
2020-02-27,444.12579187853584,444.12579187853584,419.6612355462436,436.5982360839844,12700,0.0,0
2020-02-28,422.4840412363235,423.4249856488766,391.4328756220726,401.78326416015625,15200,0.0,0
2020-03-02,394.2557252003597,397.0785585550162,373.5549472662119,391.4328918457031,61300,0.0,0
2020-03-03,391.4329171145577,396.13763967603074,382.0234719916116,382.96441650390625,15500,0.0,0
2020-03-04,375.43681261016104,385.7872009277344,375.43681261016104,385.7872009277344,5700,0.0,0
2020-03-05,388.61006316379525,388.61006316379525,378.2596740722656,378.2596740722656,3600,0.0,0
2020-03-06,384.84624588012696,384.84624588012696,376.37774658203125,376.37774658203125,1900,0.0,0
2020-03-09,376.37776257520056,376.37776257520056,348.14943038206053,351.9132080078125,14500,0.0,0
2020-03-10,337.7990789224338,342.50380147010003,310.5116881459698,332.1534118652344,60200,0.0,0
2020-03-11,332.15337513768395,338.7399859761083,323.68487548828125,323.68487548828125,20200,0.0,0
2020-03-12,318.03922544370545,318.03922544370545,308.62978090395086,313.3345031738281,17400,0.0,0
2020-03-13,253.11409543793778,281.34243321912044,248.40937247440735,272.8739318847656,159600,0.0,0
2020-03-16,286.98806608566133,286.98806608566133,271.9329544221512,279.46051025390625,29300,0.0,0
2020-03-17,279.4604919433594,285.1061584472656,278.51954752604166,282.2833251953125,16600,0.0,0
2020-03-18,289.81087252583364,305.80692717823354,285.1061505692454,294.5155944824219,5500,0.0,0
2020-03-19,297.3384276563748,312.393537917457,294.5155944824219,294.5155944824219,8600,0.0,0
2020-03-23,306.74789317921045,306.74789317921045,285.1061706542969,285.1061706542969,10100,0.0,0
2020-03-24,289.8108805338542,297.3384358723958,289.8108805338542,296.3974914550781,11000,0.0,0
2020-03-25,314.27545817305406,314.27545817305406,296.3975129476408,308.6297912597656,11700,0.0,0
2020-03-26,314.2754187086608,314.2754187086608,301.10219756518404,306.74786376953125,8800,0.0,0
2020-03-27,307.68883701540386,311.45261483822225,298.27939245835785,299.2203369140625,13100,0.0,0
2020-03-30,295.39641808516143,295.39641808516143,287.74861438069127,288.70458984375,10900,5.0,0
2020-03-31,292.528510065362,298.26436320389854,288.7046079730044,289.66058349609375,9000,0.0,0
2020-04-01,297.30842047569735,297.30842047569735,282.0128104190698,284.8807373046875,13400,0.0,0
2020-04-02,284.8807135113215,284.8807135113215,275.3209580243644,282.0127868652344,14100,0.0,0
2020-04-03,282.012762827416,283.9247137618392,279.14483642578125,279.14483642578125,3200,0.0,0
2020-04-06,277.2329091217559,282.9687624139301,275.3209580243644,282.0127868652344,10100,0.0,0
2020-04-07,288.70461365746667,291.5725402832031,285.83668703173026,291.5725402832031,5100,0.0,0
2020-04-08,292.52852712094204,296.3524294362485,287.748649226809,295.3964538574219,10300,0.0,0
2020-04-09,298.26434326171875,299.22031872089093,293.4844659658579,298.26434326171875,9400,0.0,0
2020-04-10,301.13231176062476,306.86816531797,299.220360574843,302.0882873535156,10800,0.0,0
2020-04-13,302.08827711471906,302.08827711471906,293.4844970703125,293.4844970703125,6200,0.0,0
2020-04-14,300.17633056640625,300.17633056640625,294.4404771160928,300.17633056640625,11000,0.0,0
2020-04-15,304.00018999653474,304.00018999653474,296.3523864746094,296.3523864746094,18100,0.0,0
2020-04-16,304.00018349546974,304.00018349546974,297.3083555568902,299.2203063964844,6100,0.0,0
2020-04-17,304.956171475924,304.956171475924,297.30836780254657,298.26434326171875,13000,0.0,0
2020-04-20,303.04420807567266,303.04420807567266,298.2643309766873,299.2203063964844,3800,0.0,0
2020-04-21,301.13232421875,304.00025111607147,298.2643973214286,301.13232421875,11700,0.0,0
2020-04-22,301.13230387369794,309.736083984375,300.1763283058449,309.736083984375,13900,0.0,0
2020-04-23,317.38387582632214,317.38387582632214,303.0442428823618,310.6920471191406,6600,0.0,0
2020-04-24,317.38387582632214,317.38387582632214,310.6920471191406,310.6920471191406,10100,0.0,0
2020-04-27,316.4278869628907,316.4278869628907,309.73605853769357,316.4278869628906,12400,0.0,0
2020-04-28,339.3713057008508,392.90593420577375,339.3713057008508,348.9310607910156,494800,0.0,0
2020-04-30,345.10716925726996,347.9750958715963,322.1637563426592,326.9436340332031,89800,0.0,0
2020-05-01,329.8115548526539,329.8115548526539,319.29582411822145,325.03167724609375,22900,0.0,0
2020-05-07,332.6794882754544,334.5914393574972,318.3398551601331,322.16375732421875,30000,0.0,0
2020-05-08,324.07570172478165,327.8996038100298,323.1197262034696,325.03167724609375,10900,0.0,0
2020-05-11,329.81158189370603,341.28328909000885,329.81158189370603,339.371337890625,24200,0.0,0
2020-05-12,342.23925329137734,343.1952288592303,333.6354731807002,335.54742431640625,20500,0.0,0
2020-05-13,335.54741863261665,335.54741863261665,330.76754087431726,333.6354675292969,7200,0.0,0
2020-05-14,337.4593893299932,337.4593893299932,325.9876820439878,329.81158447265625,17200,0.0,0
2020-05-15,330.7675557334042,336.5034093010355,323.1197509765625,323.1197509765625,30700,0.0,0
2020-05-18,325.9876777603781,334.59145811182503,322.16377538195724,323.1197509765625,26800,0.0,0
2020-05-19,325.03168295698555,330.7675361856382,325.03168295698555,326.9436340332031,24600,0.0,0
2020-05-20,327.8995784352767,331.7234802246094,327.8995784352767,331.7234802246094,6800,0.0,0
2020-05-21,332.6794738769531,332.6794738769531,328.8555718783674,332.6794738769531,6700,0.0,0
2020-05-22,332.6794738769531,333.6354493765995,329.81154737801387,332.6794738769531,7000,0.0,0
2020-05-25,335.5474478511487,338.4153747558594,332.67952094643806,338.4153747558594,18100,0.0,0
2020-05-26,339.3713015807587,339.3713015807587,336.5033750885269,337.4593505859375,14400,0.0,0
2020-05-27,339.37131217830085,348.93106745092905,334.59143454198676,346.0631408691406,44300,0.0,0
2020-05-28,346.06313426396616,350.84301180904856,345.1071587549497,348.9310607910156,27400,0.0,0
2020-05-29,351.79901123046875,351.79901123046875,347.9751089344854,351.79901123046875,11100,0.0,0
2020-06-01,348.93106652865293,352.75496862759707,343.19521338023674,350.843017578125,21500,0.0,0
2020-06-02,348.9310845084812,357.5348646744438,348.9310845084812,351.79901123046875,18800,0.0,0
2020-06-03,353.710956677713,355.62290779488984,349.8870544433594,349.8870544433594,7000,0.0,0
2020-06-04,353.7109623784604,358.4908402484396,346.0631577864937,351.79901123046875,16200,0.0,0
2020-06-05,355.6228952018052,359.4467973007493,350.843017578125,350.843017578125,12100,0.0,0
2020-06-08,356.57886319986983,358.49081420898443,352.7549611816407,358.4908142089844,10500,0.0,0
2020-06-09,361.35877027009667,363.2707214355469,358.49084352192125,363.2707214355469,15600,0.0,0
2020-06-10,362.3147446669541,369.0065737241274,362.3147446669541,368.05059814453125,21600,0.0,0
2020-06-11,368.0505993491725,368.0505993491725,353.7109656082957,363.2707214355469,16800,0.0,0
2020-06-12,353.71093023390995,361.3587341308594,352.75495474679127,361.3587341308594,17400,0.0,0
2020-06-15,379.52226027076506,426.3650581379376,365.1826282706102,373.7864074707031,149100,0.0,0
2020-06-16,373.7864132946684,387.17007003667703,373.7864132946684,375.6983642578125,20900,0.0,0
2020-06-17,376.65432147590485,381.434198651995,372.8304197350327,374.74237060546875,8000,0.0,0
2020-06-18,382.3902120320533,382.3902120320533,367.0946035507712,371.8744812011719,11700,0.0,0
2020-06-19,382.3902092357674,386.21411132812506,372.83045400487316,386.214111328125,14000,0.0,0
2020-06-22,391.94999099078046,392.90596657856287,378.56633276182697,379.5223083496094,20100,0.0,0
2020-06-23,382.39019775390625,383.34617324829105,379.52227127075196,382.39019775390625,7800,0.0,0
2020-06-24,384.3021545410157,384.3021545410157,379.5222769969732,384.3021545410156,4500,0.0,0
2020-06-25,380.47827148437494,383.3461981538552,370.9185159194409,380.478271484375,23000,0.0,0
2020-06-26,382.39024205861364,382.39024205861364,370.9185347968552,376.6543884277344,8500,0.0,0
2020-06-29,375.6983642578125,375.6983642578125,369.0065358868082,375.6983642578125,4000,0.0,0
2020-06-30,377.61033438165265,382.3902120320533,371.8744812011718,371.8744812011719,12900,0.0,0
2020-07-01,371.8744680670243,380.4782475338706,371.8744680670243,377.6103210449219,4900,0.0,0
2020-07-02,380.4782416656727,380.4782416656727,373.7864132946684,375.6983642578125,6600,0.0,0
2020-07-03,371.8744812011718,372.83045673125196,370.91850567109174,371.8744812011719,7700,0.0,0
2020-07-06,371.87449147593435,380.47827148437494,371.87449147593435,380.478271484375,11500,0.0,0
2020-07-07,386.2141248233354,386.2141248233354,376.65436925840135,380.478271484375,15700,0.0,0
2020-07-08,382.390186670796,382.390186670796,369.96250560399517,373.7864074707031,13300,0.0,0
2020-07-09,376.6543714385671,376.6543714385671,368.0505913803258,370.91851806640625,14400,0.0,0
2020-07-10,372.83043200402614,374.7423829373801,369.0065301373182,373.7864074707031,8500,0.0,0
2020-07-13,373.78646161229483,378.5663396380275,372.8304860071483,376.6543884277344,8000,0.0,0
2020-07-14,381.43426513671875,381.43426513671875,375.69841152564027,381.43426513671875,20200,0.0,0
2020-07-15,383.34621634041156,383.34621634041156,379.5223139330259,381.43426513671875,45900,0.0,0
2020-07-16,383.34621634041156,384.302191942258,379.5223139330259,381.43426513671875,2800,0.0,0
2020-07-17,385.25813004982416,385.25813004982416,381.4342280145902,384.3021545410156,4100,0.0,0
2020-07-20,385.25812423706054,387.1700752258301,381.4342222595215,382.39019775390625,7400,0.0,0
2020-07-21,383.3461847588568,386.21411132812506,382.3902092357674,386.214111328125,4000,0.0,0
2020-07-22,387.17011060410107,389.0820617675781,384.30218385888554,389.0820617675781,21400,0.0,0
2020-07-27,390.99395751953125,390.99395751953125,390.0379820732732,390.99395751953125,8900,0.0,0
2020-07-28,391.9499928939746,396.7298708560962,391.9499928939746,395.7738952636719,17600,0.0,0
2020-07-29,396.7298640335778,403.42169306546947,396.7298640335778,398.6418151855469,34800,0.0,0
2020-07-30,368.0505981445312,377.61035394049304,366.1386469853388,368.05059814453125,29000,0.0,0
2020-07-31,367.0945849236641,391.9499474445372,366.1386094420921,375.6983642578125,17300,0.0,0
2020-08-03,368.05061617045817,377.61037243462596,365.18268929120785,369.006591796875,7500,0.0,0
2020-08-04,369.006555557251,374.7424087524414,367.0946044921875,367.0946044921875,4300,0.0,0
2020-08-05,366.13864025627214,373.78644475248666,366.13864025627214,370.91851806640625,6900,0.0,0
2020-08-06,370.9184999293443,372.8304509599079,369.9625244140625,369.9625244140625,4300,0.0,0
2020-08-07,374.74240779141223,374.74240779141223,370.91850567109174,371.8744812011719,1800,0.0,0
2020-08-11,369.96251707439177,378.5662965412381,369.00654157807554,377.6103210449219,6600,0.0,0
2020-08-12,395.77387928548586,395.77387928548586,381.4342459780407,385.2581481933594,5700,0.0,0
2020-08-13,391.9499702641529,393.8619213386122,382.3902148918565,388.1260681152344,7400,0.0,0
2020-08-14,393.8619317112198,396.72985839843744,388.1260783367846,396.7298583984375,13100,0.0,0
2020-08-17,396.72987644489,401.5097544743465,395.77390083899866,397.68585205078125,24300,0.0,0
2020-08-18,420.6292323439334,421.5852078719878,402.4656973108999,407.2455749511719,41700,0.0,0
2020-08-19,414.89337420406656,414.89337420406656,396.72983938868117,400.5537414550781,16600,0.0,0
2020-08-20,415.8493308473432,415.8493308473432,398.6417723295221,399.5977478027344,4500,0.0,0
2020-08-21,399.5977839878627,405.3336373465402,398.64180842808315,401.5097351074219,4800,0.0,0
2020-08-24,401.509698096742,405.3335999833776,401.509698096742,404.37762451171875,2800,0.0,0
2020-08-25,405.3336006420081,405.3336006420081,398.6417723295221,399.5977478027344,7500,0.0,0
2020-08-26,404.3776251687958,404.3776251687958,397.6857968563098,399.5977478027344,3500,0.0,0
2020-08-27,397.6858149052804,401.50971697167734,397.6858149052804,400.5537414550781,3300,0.0,0
2020-08-28,401.50969226683117,403.4216431823875,399.59774135127486,402.4656677246094,5300,0.0,0
2020-08-31,402.465717489485,402.465717489485,397.6858396095623,398.6418151855469,4200,0.0,0
2020-09-01,399.59776423527643,419.6732499982927,399.59776423527643,410.1134948730469,17000,0.0,0
2020-09-02,412.9814089752907,415.849335426508,406.289580589117,411.0694580078125,25500,0.0,0
2020-09-03,411.06947706338946,411.06947706338946,396.72984414257354,407.2455749511719,13500,0.0,0
2020-09-04,412.9814717371324,426.36513054342834,400.5537885598576,406.2896423339844,52900,0.0,0
2020-09-07,398.6418220409449,407.2456023727638,390.99401730155023,395.7738952636719,36900,0.0,0
2020-09-08,396.72983447324884,401.5097119970229,390.03800593996516,393.8619079589844,16700,0.0,0
2020-09-09,388.1260311807572,397.6857856433374,387.17005573449916,390.99395751953125,8800,0.0,0
2020-09-10,395.7738347508214,397.6857856433374,388.1260311807572,390.99395751953125,9200,0.0,0
2020-09-11,390.99401730155023,398.6418220409449,389.0820661167016,395.7738952636719,4400,0.0,0
2020-09-14,402.46572441064217,402.46572441064217,390.03804170912593,395.7738952636719,17000,0.0,0
2020-09-15,397.68579751815986,397.68579751815986,391.9499446693402,394.81787109375,20500,0.0,0
2020-09-16,392.90594482421875,396.7298469636272,390.9939937545145,392.90594482421875,3600,0.0,0
2020-09-17,401.50972463788776,401.50972463788776,392.90594482421875,392.90594482421875,8700,0.0,0
2020-09-18,399.59779076153137,399.59779076153137,395.7738884575933,398.6418151855469,3600,0.0,0
2020-09-23,397.6858464485205,400.5537732257935,387.17011493185294,395.7738952636719,8000,0.0,0
2020-09-24,400.5537788684552,400.5537788684552,393.86194962721606,397.68585205078125,4200,0.0,0
2020-09-25,402.46572441064217,402.46572441064217,389.0820661167016,395.7738952636719,11500,0.0,0
2020-09-28,393.8619021532012,393.8619021532012,384.3021472465701,391.949951171875,9400,0.0,0
2020-09-29,394.8390478935523,394.8390478935523,389.0609154853539,391.9499816894531,3800,3.0,0
2020-09-30,393.8760258255192,393.8760258255192,390.023937553387,391.9499816894531,3600,0.0,0
2020-10-02,395.8020485563231,395.8020485563231,389.06089444465823,390.9869384765625,7400,0.0,0
2020-10-05,390.98695029464426,395.80206051994776,390.98695029464426,392.9129943847656,2300,0.0,0
2020-10-06,391.9499537770341,394.8390197753906,391.9499537770341,394.8390197753906,1600,0.0,0
2020-10-07,394.8390197753906,397.7280857737472,393.87599777593846,394.8390197753906,4500,0.0,0
2020-10-08,392.9129943847657,396.76508256500847,391.94997233970497,392.9129943847656,6400,0.0,0
2020-10-09,392.9129757764863,396.765063774295,392.9129757764863,394.8390197753906,6500,0.0,0
2020-10-12,394.83904093721486,396.7650850393476,392.9129968350821,395.80206298828125,10700,0.0,0
2020-10-13,395.80205365523557,397.72809771195205,392.91298757016085,396.76507568359375,4800,0.0,0
2020-10-14,399.65413751351804,403.50622558593744,395.8020494410986,403.5062255859375,30900,0.0,0
2020-10-15,399.6541082480135,402.54317409077015,393.8759765625,393.8759765625,24100,0.0,0
2020-10-16,392.91299189814816,393.8760139371142,389.0609037422839,390.02392578125,8800,0.0,0
2020-10-19,389.06089444465823,393.8760045244189,389.06089444465823,390.9869384765625,5500,0.0,0
2020-10-20,390.02391646061034,394.839026540371,390.02391646061034,390.9869384765625,3300,0.0,0
2020-10-21,389.0608825683594,392.91297051458076,388.097860581804,389.0608825683594,5300,0.0,0
2020-10-22,388.09785792476816,389.06087990473037,382.319726044995,386.17181396484375,7600,0.0,0
2020-10-23,389.0609037422839,391.9499698591821,386.1718376253858,390.02392578125,7800,0.0,0
2020-10-26,394.83902130126955,394.83902130126955,381.356713256836,385.20880126953125,8000,0.0,0
2020-10-27,383.2827899639423,385.20883413461536,375.57861328125,375.57861328125,8200,0.0,0
2020-10-28,376.5416210620435,379.43068720829956,370.7634887695313,370.76348876953125,6000,0.0,0
2020-10-29,371.72651326287655,381.3567338137283,370.7634912077914,373.6525573730469,7500,0.0,0
2020-10-30,371.7264895439148,382.31973147392273,369.8004455566406,369.8004455566406,6700,0.0,0
2020-11-02,370.76344712490055,373.652512946653,357.2811399567223,359.2071838378906,20000,0.0,0
2020-11-04,365.9483374219798,365.9483374219798,357.2811399567223,359.2071838378906,5300,0.0,0
2020-11-05,360.1702057784748,365.9483374219798,359.2071838378906,359.2071838378906,3400,0.0,0
2020-11-06,361.13323591142426,368.837411610868,359.2071919865634,367.8743896484375,9900,0.0,0
2020-11-09,368.83743286132807,371.72649891507217,366.9113888254987,368.8374328613281,5300,0.0,0
2020-11-10,369.8004599132391,375.5785920993834,368.837437882215,374.6155700683594,12300,0.0,0
2020-11-11,381.35673871500234,381.35673871500234,378.467672512616,379.4306945800781,5600,0.0,0
2020-11-12,376.5416210620435,379.43068720829956,366.91140057452316,370.76348876953125,15800,0.0,0
2020-11-13,378.4676434993744,378.4676434993744,364.9853355884552,369.8004455566406,17900,0.0,0
2020-11-16,365.948373598285,370.7634837772098,364.98535156250006,364.9853515625,50300,0.0,0
2020-11-17,365.94835230913105,365.94835230913105,362.0962643900876,364.0223083496094,7100,0.0,0
2020-11-18,364.0223083496093,364.0223083496093,361.1332424103267,364.0223083496094,1600,0.0,0
2020-11-19,362.0962829589844,365.9483710755693,362.0962829589844,362.0962829589844,1800,0.0,0
2020-11-20,362.0962710457052,364.02231504062917,358.24418305585726,360.17022705078125,14400,0.0,0
2020-11-24,364.02230179871566,367.87438964843756,362.09625787385477,367.8743896484375,6600,0.0,0
2020-11-25,372.6895398718166,372.6895398718166,365.94838540385086,366.9114074707031,9500,0.0,0
2020-11-26,370.7634837772098,370.7634837772098,364.98535156250006,364.9853515625,3900,0.0,0
2020-11-27,364.98535647701914,370.7634887695313,364.0223344282671,370.76348876953125,9900,0.0,0
2020-11-30,380.39371664754026,413.13646694125254,375.5786063102296,379.4306945800781,166600,0.0,0
2020-12-01,376.5416283776917,380.39371664754026,371.7265180403811,379.4306945800781,18300,0.0,0
2020-12-02,376.5416141304075,376.5416141304075,370.7634819442631,374.6155700683594,12700,0.0,0
2020-12-03,379.4306945800781,385.2088269848509,376.5416283776917,379.4306945800781,29000,0.0,0
2020-12-04,385.2088131121735,391.9499673416366,383.28276904661266,387.1348571777344,62600,0.0,0
2020-12-07,387.13485717773443,389.0609012432953,381.3567249810518,387.1348571777344,45900,0.0,0
2020-12-08,381.3567040650328,386.17181396484375,381.3567040650328,386.17181396484375,13800,0.0,0
2020-12-09,385.20877903422985,393.8759765625,385.20877903422985,393.8759765625,32900,0.0,0
2020-12-10,391.9499537770341,396.765063774295,390.0239097781298,394.8390197753906,31800,0.0,0
2020-12-11,396.765092250279,404.4692687988281,386.171849496024,404.4692687988281,34700,0.0,0
2020-12-14,406.3953270048254,409.2843933105469,403.50626069910385,409.2843933105469,29800,0.0,0
2020-12-15,401.58019529467947,408.32134965214414,393.8760188861485,395.80206298828125,43700,0.0,0
2020-12-16,392.91300375748614,399.6541582337175,391.94998168945307,391.9499816894531,13200,0.0,0
2020-12-17,392.9129757764863,394.8390197753906,389.0608877786776,394.8390197753906,17800,0.0,0
2020-12-18,394.8390478935523,394.8390478935523,386.17184928125477,391.9499816894531,14900,0.0,0
2020-12-21,391.9499604925146,392.9129825084667,390.02391646061034,390.9869384765625,6500,0.0,0
2020-12-22,392.91298757016085,396.7650756835938,391.9499655418026,396.76507568359375,27000,0.0,0
2020-12-23,392.9129968350821,395.8020629882812,390.023930681883,395.80206298828125,14300,0.0,0
2020-12-24,395.80205365523557,396.7650756835938,393.8760095985191,396.76507568359375,3600,0.0,0
2020-12-25,394.83904093721486,396.7650850393476,394.83904093721486,395.80206298828125,9700,0.0,0
2020-12-28,394.8390478935523,395.8020699615853,389.0609154853539,391.9499816894531,17100,0.0,0
2020-12-29,392.9129757764863,394.8390197753906,391.9499537770341,394.8390197753906,4900,0.0,0
2020-12-30,393.87601642982634,394.83903847488705,390.98695029464426,392.9129943847656,10500,0.0,0
2021-01-04,394.83904093721486,395.8020629882812,389.0609086308166,395.80206298828125,20100,0.0,0
2021-01-05,395.80204177484285,395.80204177484285,394.8390197753906,394.8390197753906,3000,0.0,0
2021-01-06,394.83904093721486,396.7650850393476,394.83904093721486,395.80206298828125,7800,0.0,0
2021-01-07,395.80204177484285,398.69110777319935,393.87599777593846,394.8390197753906,22500,0.0,0
2021-01-08,394.8390197753906,395.80204177484285,393.87599777593846,394.8390197753906,7500,0.0,0
2021-01-12,394.8390197753906,396.765063774295,391.9499537770341,394.8390197753906,9800,0.0,0
2021-01-13,395.80204177484285,396.765063774295,394.8390197753906,394.8390197753906,6500,0.0,0
2021-01-14,395.80206051994776,395.80206051994776,390.98695029464426,392.9129943847656,16400,0.0,0
2021-01-15,392.91295461491444,394.83899851008556,392.91295461491444,393.8759765625,14000,0.0,0
2021-01-18,391.9499698591821,392.91299189814816,390.02392578125,390.02392578125,6000,0.0,0
2021-01-19,390.0239232760757,390.0239232760757,385.2088131121735,387.1348571777344,5900,0.0,0
2021-01-20,386.171851477635,386.171851477635,382.31976318359375,382.31976318359375,9200,0.0,0
2021-01-21,382.3197206907634,384.24576462371436,380.3936767578125,380.3936767578125,18100,0.0,0
2021-01-22,379.430654791337,384.24576462371436,379.430654791337,380.3936767578125,11200,0.0,0
2021-01-25,379.430654791337,383.2827426572389,379.430654791337,380.3936767578125,10000,0.0,0
2021-01-26,380.3936979505751,382.3197419908312,380.3936979505751,381.3567199707031,5000,0.0,0
2021-01-27,379.4306969630628,384.2458073306144,379.4306969630628,382.31976318359375,13400,0.0,0
2021-01-28,380.3936767578125,384.24576462371436,378.46763282486154,380.3936767578125,14700,0.0,0
2021-01-29,373.6525573730469,375.57860148321726,373.6525573730469,373.6525573730469,16900,0.0,0
2021-02-01,373.65253353118896,375.57857751846313,369.8004455566406,369.8004455566406,19700,0.0,0
2021-02-02,370.7634768971575,372.68952093298685,364.0223227717546,368.8374328613281,13900,0.0,0
2021-02-03,369.80047367125985,371.7265178049643,365.94838540385086,366.9114074707031,11300,0.0,0
2021-02-04,367.874415851191,377.50463616143156,367.874415851191,374.6155700683594,19900,0.0,0
2021-02-05,372.68952093298685,376.54160900464564,366.9113888254987,368.8374328613281,26900,0.0,0
2021-02-08,368.8374516044076,375.57860607237325,361.1332750695897,366.9114074707031,50000,0.0,0
2021-02-09,366.9114168669048,371.72652732447574,362.0963064093339,365.9483947753906,30700,0.0,0
2021-02-10,364.0223056640625,365.948349609375,355.3551079101563,361.13323974609375,54600,0.0,0
2021-02-12,364.0223083496093,379.43066002578325,361.1332424103267,364.0223083496094,58700,0.0,0
2021-02-15,362.09629713644193,371.7265178049643,362.09629713644193,366.9114074707031,39000,0.0,0
2021-02-16,367.8744365985577,377.5046574519231,367.8744365985577,375.57861328125,45400,0.0,0
2021-02-17,373.65253353118896,375.57857751846313,369.8004455566406,369.8004455566406,52800,0.0,0
2021-02-18,368.83744626545774,372.68953447710743,345.7249169955596,348.6139831542969,97300,0.0,0
2021-02-19,353.42909142278853,368.8374441823652,353.42909142278853,358.24420166015625,39000,0.0,0
2021-02-22,362.09630408653845,365.9483924278846,360.17025991586536,363.059326171875,10300,0.0,0
2021-02-24,363.05930498813063,363.05930498813063,361.1332609298381,362.0962829589844,21000,0.0,0
2021-02-25,366.91139563406995,366.91139563406995,362.09628545514516,364.9853515625,12100,0.0,0
2021-02-26,364.9853703425481,366.91141451322113,363.059326171875,363.059326171875,12700,0.0,0
2021-03-01,367.8744176698549,367.8744176698549,364.02232952671505,364.9853515625,11000,0.0,0
2021-03-02,369.80046672077924,370.7634887695313,364.98535647701914,370.76348876953125,20600,0.0,0
2021-03-03,367.8744226232752,370.7634887695313,367.8744226232752,370.76348876953125,6400,0.0,0
2021-03-04,370.7634675502777,371.7264895439148,365.9483575820923,369.8004455566406,6100,0.0,0
2021-03-05,369.80043357329845,370.76345553572895,366.91136768600705,367.8743896484375,7300,0.0,0
2021-03-08,372.68952600631127,378.4676581924556,371.7265039752872,374.6155700683594,24300,0.0,0
2021-03-09,376.54160733987356,378.4676513671875,372.6895192852457,378.4676513671875,10600,0.0,0
2021-03-10,379.43067338084444,380.39369539450144,376.54160733987356,378.4676513671875,11200,0.0,0
2021-03-11,379.4306969630628,382.31976318359375,379.4306969630628,382.31976318359375,15100,0.0,0
2021-03-12,383.28276904661266,387.13485717773443,381.3567249810518,387.1348571777344,28500,0.0,0
2021-03-15,385.2088131121735,389.0609012432953,385.2088131121735,387.1348571777344,18200,0.0,0
2021-03-16,387.13484527587894,389.0608892822266,385.20880126953125,385.20880126953125,12300,0.0,0
2021-03-17,388.09786727905276,388.09786727905276,382.3197352600098,385.20880126953125,12100,0.0,0
2021-03-18,387.13483594480596,389.06087990473037,380.39368208507057,386.17181396484375,16000,0.0,0
2021-03-19,384.2457935474537,390.02392578125,384.2457935474537,390.02392578125,18700,0.0,0
2021-03-22,386.1718376253858,390.9869478202161,386.1718376253858,390.02392578125,28100,0.0,0
2021-03-23,389.0609037422839,390.9869478202161,388.0978817033179,390.02392578125,13400,0.0,0
2021-03-24,387.13483594480596,390.9869238646548,383.2827480249572,386.17181396484375,21900,0.0,0
2021-03-25,390.0239018846926,390.0239018846926,385.20879198488154,386.17181396484375,16300,0.0,0
2021-03-26,390.02390455491474,390.9869265414701,387.1348385952487,389.0608825683594,16100,0.0,0
2021-03-29,390.9869666466346,392.9130108173077,388.097900390625,388.097900390625,13700,0.0,0
2021-03-30,391.0158975615756,391.0158975615756,382.2618103027344,382.2618103027344,15500,4.0,0
2021-03-31,383.2344769827927,386.15250599535204,383.2344769827927,384.2071533203125,3700,0.0,0
2021-04-01,384.20717219716494,385.1798485824742,375.45308472938143,377.3984375,10000,0.0,0
2021-04-02,382.26184035081127,382.26184035081127,379.34381103515625,379.34381103515625,7600,0.0,0
2021-04-05,383.234476206254,384.2071525418029,380.3164471996074,381.28912353515625,3600,0.0,0
2021-04-06,381.2891339406409,382.2618103027344,380.31645757854744,382.2618103027344,3600,0.0,0
2021-04-07,381.2891130764466,384.20714200305207,379.34376045870965,380.3164367675781,7500,0.0,0
2021-04-08,384.20716302692136,384.20716302692136,379.343781216454,382.2618103027344,6000,0.0,0
2021-04-09,381.2891639122596,383.234516789363,379.34381103515625,379.34381103515625,8100,0.0,0
2021-04-12,381.28914490514796,393.93393797598196,379.34379212501966,386.15252685546875,20800,0.0,0
2021-04-13,388.0978691794656,388.0978691794656,385.1798400878906,385.1798400878906,7200,0.0,0
2021-04-14,387.1251734924316,389.0705261230468,385.1798208618164,389.0705261230469,9200,0.0,0
2021-04-15,389.0705664553235,389.0705664553235,385.1798607907703,387.1252136230469,15100,0.0,0
2021-04-16,387.12519281560725,387.12519281560725,385.1798400878906,385.1798400878906,2400,0.0,0
2021-04-19,389.07057683270676,390.0432532747885,386.1525475064615,388.097900390625,11100,0.0,0
2021-04-20,389.0705455433239,389.0705455433239,385.1798400878906,385.1798400878906,7800,0.0,0
2021-04-21,385.17983938901483,387.12519211320176,381.2891339406409,382.2618103027344,4800,0.0,0
2021-04-22,383.23449707031244,387.12520262432577,383.23449707031244,383.2344970703125,4200,0.0,0
2021-04-23,385.17983938901483,385.17983938901483,379.343781216454,382.2618103027344,10500,0.0,0
2021-04-26,385.17983938901483,385.17983938901483,378.3711048543605,382.2618103027344,8500,0.0,0
2021-04-27,381.28914490514796,386.15252685546875,379.34379212501966,386.15252685546875,5700,0.0,0
2021-04-28,386.1525475064615,388.097900390625,385.1798710643797,388.097900390625,8000,0.0,0
2021-04-30,385.17983192972616,392.96124267578125,382.2618028999555,392.96124267578125,18200,0.0,0
2021-05-06,392.9612509987571,392.9612509987571,385.1798400878906,385.1798400878906,7000,0.0,0
2021-05-07,418.2508470564324,447.4311387115323,380.3164679048025,383.2344970703125,602400,0.0,0
2021-05-10,386.15249717712396,391.9885550689697,385.1798208618164,389.0705261230469,94900,0.0,0
2021-05-11,389.0705754206731,391.9886047363281,379.34381103515625,379.34381103515625,98500,0.0,0
2021-05-12,381.2891639122596,383.234516789363,373.50775240384615,379.34381103515625,36300,0.0,0
2021-05-13,375.45307366053265,381.2891318003337,370.5896918773651,373.5077209472656,32100,0.0,0
2021-05-14,377.39844785557915,378.37112426757807,373.50774220758353,378.3711242675781,21200,0.0,0
2021-05-17,380.3164860282358,380.3164860282358,370.58972167968756,370.5897216796875,46600,0.0,0
2021-05-18,372.5350341796875,374.48038683858925,371.5623578502366,372.5350341796875,8500,0.0,0
2021-05-19,371.5623474121094,374.4803763184872,368.6443185057316,371.5623474121094,26600,0.0,0
2021-05-20,373.50772165697674,376.4257507324219,371.5623689400133,376.4257507324219,6900,0.0,0
2021-05-21,378.3711237141505,378.3711237141505,372.53506525069315,375.4530944824219,10100,0.0,0
2021-05-24,375.4530950315813,378.37112426757807,373.50774220758353,378.3711242675781,17900,0.0,0
2021-05-25,379.34378963321836,379.34378963321836,373.5077313311689,374.48040771484375,14000,0.0,0
2021-05-26,375.4530950315813,378.37112426757807,372.5350657955846,378.3711242675781,11000,0.0,0
2021-05-27,376.42575001716614,377.3984263737996,372.53504459063214,373.5077209472656,11600,0.0,0
2021-05-28,373.5077416612694,377.3984473035743,373.5077416612694,375.4530944824219,11000,0.0,0
2021-05-31,375.4530757680801,382.2618103027344,374.48039940598665,382.2618103027344,14700,0.0,0
2021-06-01,383.23449581185565,384.20717219716494,376.4257611146907,377.3984375,19000,0.0,0
2021-06-02,377.39844785557915,381.2891535035748,377.39844785557915,378.3711242675781,9000,0.0,0
2021-06-03,378.3711138853093,381.28914304123714,376.4257611146907,377.3984375,9300,0.0,0
2021-06-04,376.4257611146907,378.3711138853093,375.45308472938143,377.3984375,8300,0.0,0
2021-06-07,377.39844785557915,380.3164770915759,375.4530950315813,378.3711242675781,27700,0.0,0
2021-06-08,377.39844785557915,379.343800679577,376.42577144358023,378.3711242675781,21400,0.0,0
2021-06-09,380.31646665592785,381.28914304123714,376.4257611146907,377.3984375,23100,0.0,0
2021-06-10,377.3984473035743,379.3438001247267,374.48041807184563,375.4530944824219,23500,0.0,0
2021-06-11,375.4530743739402,376.4257507324219,373.50772165697674,376.4257507324219,14300,0.0,0
2021-06-14,377.3984375,377.3984375,372.53505557345363,377.3984375,36700,0.0,0
2021-06-15,374.48040771484375,377.3984368658685,372.53505494749396,374.48040771484375,41000,0.0,0
2021-06-16,374.48041807184563,375.4530944824218,371.56238884011697,375.4530944824219,29000,0.0,0
2021-06-17,373.50771050913835,374.48038683858925,369.61700519133484,372.5350341796875,33200,0.0,0
2021-06-18,373.50774054276314,373.50774054276314,364.75365287379213,369.6170349121094,37500,0.0,0
2021-06-21,366.69898429361973,366.69898429361973,362.8082788899739,364.7536315917969,17900,0.0,0
2021-06-22,365.7263079427083,367.6716606445312,362.8082788899739,364.7536315917969,27400,0.0,0
2021-06-23,364.7536315917968,366.69898429361973,361.83560253906245,364.7536315917969,19600,0.0,0
2021-06-24,364.753661617156,366.69901447911417,360.86295589323964,361.83563232421875,26300,0.0,0
2021-06-25,364.7536211472782,366.698973793397,361.83559217809994,363.78094482421875,43000,0.0,0
2021-06-28,365.726318359375,367.6716711166057,362.8082892235289,365.726318359375,28600,0.0,0
2021-06-29,365.7262869418147,366.6989632368727,362.8082580566406,362.8082580566406,21300,0.0,0
2021-06-30,363.7809747659935,365.72632757222874,360.8629455566406,360.8629455566406,48000,0.0,0
2021-07-01,360.86293516416805,363.78096428948476,359.8902587890625,359.8902587890625,36700,0.0,0
2021-07-02,360.8629455566406,361.83562195975827,358.91759275040533,360.8629455566406,19800,0.0,0
2021-07-05,361.83562195975827,361.83562195975827,358.91759275040533,360.8629455566406,22300,0.0,0
2021-07-06,359.8902794622606,362.8083087551978,359.8902794622606,361.83563232421875,22100,0.0,0
2021-07-07,362.80829836287586,362.80829836287586,358.91759275040533,360.8629455566406,29500,0.0,0
2021-07-08,360.86293449713685,360.86293449713685,355.99955263059866,356.97222900390625,28100,0.0,0
2021-07-09,356.9722393699314,357.9449157714844,351.13618096061373,357.9449157714844,38900,0.0,0
2021-07-12,360.8629054665246,362.8082580566406,356.97220028629255,362.8082580566406,23200,0.0,0
2021-07-13,362.8082892235289,366.69899473799035,359.8902600876828,365.726318359375,47800,0.0,0
2021-07-14,365.72632928145555,369.6170349121093,364.75365287379213,369.6170349121094,45300,0.0,0
2021-07-15,374.4804064265027,374.4804064265027,366.6989953838741,368.64434814453125,79200,0.0,0
2021-07-16,367.6716711166057,368.64434749522104,364.7536419807596,365.726318359375,12400,0.0,0
2021-07-19,368.6443264395158,368.6443264395158,355.0268579166841,363.78094482421875,46100,0.0,0
2021-07-20,360.8629455566406,362.80829836287586,357.94491634728774,360.8629455566406,16600,0.0,0
2021-07-21,364.7536315917968,364.7536315917968,359.89024983723954,364.7536315917969,19300,0.0,0
2021-07-26,367.6716613769531,373.50771949404765,363.7809559655568,367.6716613769531,36400,0.0,0
2021-07-27,372.53506356398685,372.53506356398685,363.78097590843623,366.6990051269531,32600,0.0,0
2021-07-28,363.78095524088536,366.69898429361973,363.78095524088536,364.7536315917969,7700,0.0,0
2021-07-29,366.6989864508311,373.5077209472656,360.8629283110301,373.5077209472656,48800,0.0,0
2021-07-30,363.7809851861769,364.753661617156,358.9176030312815,361.83563232421875,69300,0.0,0
2021-08-02,361.83562137769616,362.8082977792491,355.9995629683784,357.9449157714844,47700,0.0,0
2021-08-03,358.91758175052155,359.8902581238292,355.026876257291,356.97222900390625,25500,0.0,0
2021-08-04,357.94492510330576,358.9176015302169,351.1361901149277,353.08154296875,27800,0.0,0
2021-08-05,353.08154296875,355.0268958225723,351.1361901149277,353.08154296875,22300,0.0,0
2021-08-06,351.13615900675455,352.1088353474935,349.1908063252767,350.1634826660156,20900,0.0,0
2021-08-10,353.0815325995177,353.0815325995177,349.19082700613455,352.1088562011719,43900,0.0,0
2021-08-11,352.1088353474935,352.1088353474935,349.1908063252767,350.1634826660156,29700,0.0,0
2021-08-12,350.16350281271764,351.13617920941965,347.24547362261166,349.1908264160156,37800,0.0,0
2021-08-13,350.16350281271764,351.13617920941965,347.24547362261166,349.1908264160156,42200,0.0,0
2021-08-16,348.2181292194612,349.19080555806306,343.35474752645194,347.2454528808594,65500,0.0,0
2021-08-17,347.2454528808593,347.2454528808593,342.3820711878501,347.2454528808594,28000,0.0,0
2021-08-18,346.2727765422575,348.2181292194612,343.35474752645194,347.2454528808594,28900,0.0,0
2021-08-19,347.24548288119036,348.2181593038268,343.3547771906448,344.32745361328125,13900,0.0,0
2021-08-20,344.3274432390337,344.3274432390337,341.4094140590419,343.3547668457031,18200,0.0,0
2021-08-23,343.3547771906448,345.3001300359176,342.38210076800846,344.32745361328125,13600,0.0,0
2021-08-24,343.3547482808431,350.1634826660156,343.3547482808431,350.1634826660156,15900,0.0,0
2021-08-25,351.13616943359375,351.13616943359375,347.2454639551052,351.13616943359375,18000,0.0,0
2021-08-26,350.16350281271764,350.16350281271764,343.3547680358037,349.1908264160156,27700,0.0,0
2021-08-27,348.2181396484375,349.1908160161706,343.3547578097722,348.2181396484375,19200,0.0,0
2021-08-30,348.2181292194612,348.2181292194612,343.35474752645194,347.2454528808594,30000,0.0,0
2021-08-31,345.3001208292077,349.1908264160157,345.3001208292077,349.1908264160156,11800,0.0,0
2021-09-01,347.24545364379884,350.1634826660156,347.24545364379884,350.1634826660156,15800,0.0,0
2021-09-02,350.1635034044803,352.1088562011719,349.19082700613455,352.1088562011719,14400,0.0,0
2021-09-03,352.10886654183884,353.08154296875,351.1361901149277,353.08154296875,19600,0.0,0
2021-09-06,354.05419921875006,355.02687559023013,353.08152284727,354.05419921875,17600,0.0,0
2021-09-07,354.05420899786344,355.0268853962092,352.1088562011719,352.1088562011719,12300,0.0,0
2021-09-08,353.08150283604454,355.02685546875006,353.08150283604454,355.02685546875,6600,0.0,0
2021-09-09,352.1088368566961,355.9995422363281,352.1088368566961,355.9995422363281,10300,0.0,0
2021-09-10,355.9995422363281,356.9722185812361,354.0541895465121,355.9995422363281,17600,0.0,0
2021-09-13,356.9722290039063,356.9722290039063,354.05419988398336,356.97222900390625,16000,0.0,0
2021-09-14,356.9722393699314,357.9449157714844,355.0268865668255,357.9449157714844,25700,0.0,0
2021-09-15,357.9449053772139,357.9449053772139,355.99955263059866,356.97222900390625,23700,0.0,0
2021-09-16,356.9722081014555,356.9722081014555,353.08150283604454,355.02685546875,35500,0.0,0
2021-09-17,355.026876257291,356.9722290039063,355.026876257291,356.97222900390625,10100,0.0,0
2021-09-21,352.10884647578985,355.9995519617102,350.1634937328297,354.05419921875,22000,0.0,0
2021-09-22,354.05420899786344,354.05420899786344,349.19082700613455,352.1088562011719,35900,0.0,0
2021-09-24,355.0268658914201,357.9448949261441,353.0815132016041,355.9995422363281,21600,0.0,0
2021-09-27,355.99955263059866,358.91758175052155,355.99955263059866,356.97222900390625,36300,0.0,0
2021-09-28,357.9449053772139,357.9449053772139,355.99955263059866,356.97222900390625,16200,0.0,0
2021-09-29,359.9305623934414,359.9305623934414,356.97222900390625,356.97222900390625,14700,5.0,0
2021-09-30,357.9583435058594,359.9305657841286,355.9861212275902,357.9583435058594,10100,0.0,0
2021-10-01,355.98610427259734,356.9722153647652,353.02777099609375,353.02777099609375,18700,0.0,0
2021-10-04,354.0138786593739,354.99998974199053,352.0416564941406,352.0416564941406,8200,0.0,0
2021-10-05,351.0555657855535,353.02778806524765,349.0833435058594,349.0833435058594,15100,0.0,0
2021-10-06,354.0138888888889,355.0,349.0833333333333,355.0,12400,0.0,0
2021-10-07,355.0,355.0,351.05555555555554,355.0,3200,0.0,0
2021-10-08,355.98611111111114,355.98611111111114,355.0,355.0,6700,0.0,0
2021-10-11,355.0000100884556,357.9583435058594,355.0000100884556,357.9583435058594,7100,0.0,0
2021-10-12,357.95831642570073,358.9444274902344,355.98609429663355,358.9444274902344,1900,0.0,0
2021-10-13,377.68056255659326,379.6527848153744,365.84722900390625,365.84722900390625,192100,0.0,0
2021-10-14,364.86111111111114,366.8333333333333,360.9166666666667,363.875,32900,0.0,0
2021-10-15,363.8749899902344,370.777767578125,361.9027678222656,369.7916564941406,36400,0.0,0
2021-10-18,367.81945440337415,377.6805657814807,367.81945440337415,375.7083435058594,50900,0.0,0
2021-10-19,375.7083299065142,375.7083299065142,370.77777439593,371.7638854980469,27100,0.0,0
2021-10-20,371.76389226183727,374.722225622011,369.7916700217214,373.7361145019531,11800,0.0,0
2021-10-21,372.7499828185217,372.7499828185217,367.8194274902344,367.8194274902344,8900,0.0,0
2021-10-22,366.83331642457694,368.80553855589187,365.84720535891944,367.8194274902344,12100,0.0,0
2021-10-25,367.81943432617186,369.7916564941406,364.86110107421877,369.7916564941406,8200,0.0,0
2021-10-26,395.4305625464432,397.4027848035327,378.6666733611825,383.59722900390625,283400,0.0,0
2021-10-27,380.638895618272,383.59722900390625,378.6666733611825,383.59722900390625,26000,0.0,0
2021-10-28,377.6805419921875,378.66665306788514,375.7083198407923,377.6805419921875,16000,0.0,0
2021-10-29,374.7222119140625,374.7222119140625,369.7916564941406,369.7916564941406,42300,0.0,0
2021-11-01,369.79167352146857,371.76389578024975,362.8888956157345,365.84722900390625,104500,0.0,0
2021-11-02,363.87500674512506,369.79167352146857,361.90278448634393,365.84722900390625,90300,0.0,0
2021-11-04,369.79165306703294,372.7499862915692,366.8333198424967,368.8055419921875,65200,0.0,0
2021-11-05,366.8333333333333,368.80555555555554,363.875,363.875,45000,0.0,0
2021-11-08,363.875,367.81944444444446,360.9166666666667,363.875,36800,0.0,0
2021-11-09,361.9027880623978,363.875010340667,357.9583435058594,357.9583435058594,51300,0.0,0
2021-11-10,357.95832662556415,361.90277099609375,355.9861044402993,361.90277099609375,58300,0.0,0
2021-11-11,360.9166599034614,363.8749931813586,358.9444377181965,361.90277099609375,11100,0.0,0
2021-11-12,365.8472323674028,366.83334350585943,361.90278781357637,366.8333435058594,16900,0.0,0
2021-11-15,369.7916599030191,375.7083264614674,369.7916599030191,370.77777099609375,90300,0.0,0
2021-11-16,374.72222222222223,375.7083333333333,371.7638888888889,372.75,20300,0.0,0
2021-11-17,372.7499897460938,372.7499897460938,369.7916564941406,369.7916564941406,6500,0.0,0
2021-11-18,368.80556578277265,369.7916769212292,365.8472323674028,366.8333435058594,21400,0.0,0
2021-11-19,366.8333401332968,368.805562392078,365.84722900390625,365.84722900390625,6900,0.0,0
2021-11-22,365.84720535891944,367.8194274902344,364.861094293262,367.8194274902344,12800,0.0,0
2021-11-24,367.8194375518882,368.8055486445206,361.90277099609375,361.90277099609375,11000,0.0,0
2021-11-25,365.84720535891944,367.8194274902344,360.9166500306321,367.8194274902344,30800,0.0,0
2021-11-26,368.8055451606792,368.8055451606792,354.99998999423667,360.9166564941406,38800,0.0,0
2021-11-29,364.86110761637144,365.8472187180373,351.05555219304927,354.0138854980469,33400,0.0,0
2021-11-30,355.98611111111114,362.8888888888889,354.0138888888889,355.0,13400,0.0,0
2021-12-01,354.0138755484803,361.9027641400899,353.02776447452914,359.9305419921875,9100,0.0,0
2021-12-02,357.95832662556415,361.90277099609375,354.0138822550345,361.90277099609375,16000,0.0,0
2021-12-03,360.9166599034614,363.8749931813586,359.93054881082895,361.90277099609375,11600,0.0,0
2021-12-06,361.9027675774579,362.8888786607752,357.95832324418865,360.9166564941406,12200,0.0,0
2021-12-07,368.8055419921875,368.8055419921875,364.86109769280586,368.8055419921875,28500,0.0,0
2021-12-08,366.83334350585943,370.77778805968586,365.8472323674028,366.8333435058594,19100,0.0,0
2021-12-09,366.8333401332968,368.805562392078,365.84722900390625,365.84722900390625,11800,0.0,0
2021-12-10,364.86110082740987,368.8055451606792,360.91665649414057,360.9166564941406,23300,0.0,0
2021-12-13,364.861094293262,369.7916496215493,364.861094293262,367.8194274902344,25500,0.0,0
2021-12-14,367.81943432617186,369.7916564941406,365.84721215820315,369.7916564941406,25000,0.0,0
2021-12-15,371.763892343882,371.763892343882,364.8611145019532,364.8611145019531,67900,0.0,0
2021-12-16,366.8333266237949,370.7777709960938,364.86110443764545,370.77777099609375,14600,0.0,0
2021-12-17,368.80554880994436,370.7777709960938,366.8333266237949,370.77777099609375,17600,0.0,0
2021-12-20,372.75,373.73611111111114,365.84722222222223,372.75,51000,0.0,0
2021-12-21,371.76387521672376,372.7499862915692,367.8194309173421,368.8055419921875,23800,0.0,0
2021-12-22,370.77777439593,372.7499966001637,369.7916632938132,371.7638854980469,17700,0.0,0
2021-12-23,372.75000674599096,375.7083401328639,369.791673359118,374.72222900390625,21400,0.0,0
2021-12-24,373.7361008300781,374.7222119140625,369.7916564941406,369.7916564941406,21200,0.0,0
2021-12-27,373.7361145019531,378.66667010224273,370.77778114177937,373.7361145019531,19500,0.0,0
2021-12-28,374.7222323680487,375.7083435058594,371.76389895461676,375.7083435058594,10700,0.0,0
2021-12-29,374.722225622011,376.6944478621269,372.75000338189517,373.7361145019531,11500,0.0,0
2021-12-30,373.7361178749486,374.72222900390625,372.75000674599096,374.72222900390625,4400,0.0,0
2022-01-04,376.69443091648986,379.6527641435827,375.7083198407923,377.6805419921875,21400,0.0,0
2022-01-05,377.6805419921875,377.6805419921875,374.72220876509465,377.6805419921875,5400,0.0,0
2022-01-06,377.6805623907792,377.6805623907792,374.72222900390625,374.72222900390625,8500,0.0,0
2022-01-07,373.73611111111114,373.73611111111114,367.81944444444446,372.75,15600,0.0,0
2022-01-11,372.75000674599096,374.72222900390625,368.8055622301604,374.72222900390625,20900,0.0,0
2022-01-12,375.7083198407923,377.6805419921875,371.7638755380018,377.6805419921875,8900,0.0,0
2022-01-13,376.69444444444446,378.6666666666667,369.7916666666667,372.75,16700,0.0,0
2022-01-14,375.70831642350606,376.69442749023443,371.7638721565926,376.6944274902344,13400,0.0,0
2022-01-17,377.6805419921875,377.6805419921875,374.72220876509465,377.6805419921875,20100,0.0,0
2022-01-18,375.708336742069,375.708336742069,373.7361145019531,373.7361145019531,5200,0.0,0
2022-01-19,372.75,373.73611111111114,368.80555555555554,372.75,13500,0.0,0
2022-01-20,370.77777439593,372.7499966001637,368.8055521916964,371.7638854980469,2700,0.0,0
2022-01-21,371.7638786621094,372.7499897460938,367.81943432617186,369.7916564941406,7000,0.0,0
2022-01-24,369.7916666666667,372.75,369.7916666666667,372.75,3400,0.0,0
2022-01-25,372.75,372.75,367.81944444444446,372.75,7700,0.0,0
2022-01-26,372.75000338189517,374.722225622011,370.77778114177937,373.7361145019531,4200,0.0,0
2022-01-27,372.7499828185217,373.7360938841792,366.83331642457694,367.8194274902344,11200,0.0,0
2022-01-28,368.8055622301604,374.72222900390625,366.8333399722451,374.72222900390625,18100,0.0,0
2022-01-31,359.93054199218756,372.7499859535531,358.9444309182363,359.9305419921875,32600,0.0,0
2022-02-01,362.8888786607752,362.8888786607752,358.944434327506,360.9166564941406,8100,0.0,0
2022-02-02,360.9166599034614,363.8749931813586,360.9166599034614,361.90277099609375,4900,0.0,0
2022-02-03,360.91666329425317,363.87499659994376,359.9305521923563,362.8888854980469,6300,0.0,0
2022-02-04,360.9166500306321,367.8194274902344,360.9166500306321,367.8194274902344,7000,0.0,0
2022-02-07,367.819454644316,367.819454644316,363.8750100904896,366.8333435058594,2200,0.0,0
2022-02-08,366.83334350585943,366.83334350585943,364.86112122894616,366.8333435058594,6100,0.0,0
2022-02-09,366.83331642457694,368.80553855589187,366.83331642457694,367.8194274902344,2700,0.0,0
2022-02-10,369.7916564941406,369.7916564941406,367.81943432617186,369.7916564941406,5100,0.0,0
2022-02-14,369.7916666666667,369.7916666666667,361.90277777777777,363.875,22100,0.0,0
2022-02-15,359.93054881082895,365.8472153666234,359.93054881082895,361.90277099609375,19500,0.0,0
2022-02-16,362.8888922614021,364.8611145019532,362.8888922614021,364.8611145019531,1100,0.0,0
2022-02-17,365.84722562222873,365.84722562222873,361.9027811411265,364.8611145019531,4900,0.0,0
2022-02-18,363.87500338167763,364.8611145019532,361.9027811411265,364.8611145019531,2200,0.0,0
2022-02-21,364.86110770184064,364.86110770184064,362.8888854980469,362.8888854980469,3200,0.0,0
2022-02-22,362.8888717483688,362.8888717483688,358.9444274902344,358.9444274902344,12500,0.0,0
2022-02-24,358.9444478634652,358.9444478634652,353.02778114044105,355.9861145019531,17300,0.0,0
2022-02-25,360.91665973343663,360.91665973343663,353.02777099609375,353.02777099609375,12100,0.0,0
2022-02-28,355.986101077554,360.91665649414057,355.986101077554,360.9166564941406,5000,0.0,0
2022-03-01,360.91666329425317,362.8888854980469,360.91666329425317,362.8888854980469,2800,0.0,0
2022-03-02,358.9444478634652,358.9444478634652,355.9861145019531,355.9861145019531,7300,0.0,0
2022-03-03,357.95832662556415,361.90277099609375,357.95832662556415,361.90277099609375,900,0.0,0
2022-03-04,360.91666320970796,360.91666320970796,346.1249966847199,354.0138854980469,22100,0.0,0
2022-03-07,352.0416735251969,353.0277846555196,346.1250067432609,348.09722900390625,10200,0.0,0
2022-03-08,347.1111180505087,352.04167370463523,337.2500067422556,339.22222900390625,26400,0.0,0
2022-03-09,339.22222900390625,340.20834013473154,335.277784480605,339.22222900390625,12000,0.0,0
2022-03-10,342.18054541226087,344.1527675760203,340.2083232485015,343.1666564941406,10500,0.0,0
2022-03-11,343.1666701069379,343.1666701069379,333.3055588969684,338.2361145019531,22200,0.0,0
2022-03-14,341.19444109235485,345.1388854980468,339.2222188895089,345.1388854980469,18100,0.0,0
2022-03-15,344.15278113972056,347.1111145019531,343.1666700189764,347.1111145019531,21800,0.0,0
2022-03-16,346.1250067432609,348.09722900390625,345.1388956129382,348.09722900390625,2200,0.0,0
2022-03-17,350.06942749023443,351.0555385535872,347.1110943001761,350.0694274902344,8300,0.0,0
2022-03-18,350.06945464570646,351.0555657855535,347.11112122616527,349.0833435058594,2400,0.0,0
2022-03-22,350.06945464570646,350.06945464570646,349.0833435058594,349.0833435058594,6800,0.0,0
2022-03-23,349.083319846164,352.0416530651993,349.083319846164,351.0555419921875,6400,0.0,0
2022-03-24,350.06944444444446,355.0,350.06944444444446,355.0,5300,0.0,0
2022-03-25,354.99999318042944,354.99999318042944,352.0416599039259,353.02777099609375,8700,0.0,0
2022-03-28,352.0416564941406,355.98610082460715,348.09721216367404,352.0416564941406,17800,0.0,0
2022-03-29,353.02777777777777,355.98611111111114,353.02777777777777,355.0,8400,0.0,0
2022-03-30,357.0,357.0,350.0,350.0,13700,5.0,0
2022-03-31,349.0,355.0,349.0,355.0,6900,0.0,0
2022-04-01,355.0,355.0,352.0,355.0,5300,0.0,0
2022-04-04,355.0,364.0,355.0,362.0,13500,0.0,0
2022-04-05,362.0,362.0,362.0,362.0,4100,0.0,0
2022-04-06,362.0,365.0,357.0,357.0,2600,0.0,0
2022-04-07,357.0,358.0,355.0,357.0,8000,0.0,0
2022-04-08,357.0,357.0,354.0,354.0,3800,0.0,0
2022-04-11,357.0,357.0,355.0,357.0,5900,0.0,0
2022-04-12,357.0,357.0,355.0,357.0,4500,0.0,0
2022-04-13,357.0,358.0,348.0,355.0,11800,0.0,0
2022-04-14,355.0,363.0,355.0,363.0,7400,0.0,0
2022-04-15,353.0,357.0,353.0,357.0,18400,0.0,0
2022-04-18,357.0,357.0,357.0,357.0,2900,0.0,0
2022-04-19,357.0,357.0,356.0,357.0,3400,0.0,0
2022-04-20,358.0,360.0,358.0,360.0,5000,0.0,0
2022-04-21,360.0,360.0,358.0,358.0,3100,0.0,0
2022-04-22,358.0,371.0,357.0,369.0,12400,0.0,0
2022-04-25,371.0,371.0,363.0,364.0,6100,0.0,0
2022-04-26,356.0,358.0,356.0,357.0,6900,0.0,0
2022-04-27,357.0,357.0,357.0,357.0,1500,0.0,0
2022-04-28,355.0,360.0,354.0,360.0,1900,0.0,0
2022-05-02,360.0,366.0,360.0,366.0,7200,0.0,0
2022-05-06,360.0,364.0,360.0,364.0,2800,0.0,0
2022-05-09,361.0,362.0,356.0,361.0,5200,0.0,0
2022-05-10,361.0,361.0,356.0,359.0,1600,0.0,0
2022-05-11,361.0,364.0,360.0,361.0,5400,0.0,0
2022-05-12,362.0,363.0,359.0,362.0,3600,0.0,0
2022-05-13,364.0,367.0,360.0,367.0,5000,0.0,0
2022-05-16,368.0,368.0,361.0,362.0,12900,0.0,0
2022-05-17,362.0,362.0,352.0,356.0,8400,0.0,0
2022-05-18,354.0,363.0,354.0,363.0,9100,0.0,0
2022-05-19,363.0,365.0,359.0,365.0,7700,0.0,0
2022-05-20,365.0,365.0,357.0,362.0,9000,0.0,0
2022-05-23,363.0,368.0,363.0,367.0,5400,0.0,0
2022-05-24,364.0,368.0,361.0,364.0,7600,0.0,0
2022-05-25,367.0,367.0,358.0,363.0,11700,0.0,0
2022-05-26,366.0,366.0,358.0,364.0,10300,0.0,0
2022-05-27,366.0,367.0,362.0,364.0,6000,0.0,0
2022-05-30,366.0,366.0,365.0,365.0,900,0.0,0
2022-05-31,366.0,366.0,356.0,362.0,17500,0.0,0
2022-06-01,361.0,365.0,360.0,363.0,10700,0.0,0
2022-06-02,363.0,363.0,363.0,363.0,500,0.0,0
2022-06-03,363.0,364.0,362.0,363.0,1100,0.0,0
2022-06-06,364.0,366.0,361.0,362.0,4900,0.0,0
2022-06-07,363.0,366.0,363.0,363.0,1500,0.0,0
2022-06-08,363.0,364.0,360.0,363.0,21200,0.0,0
2022-06-09,366.0,366.0,364.0,366.0,4200,0.0,0
2022-06-10,364.0,366.0,363.0,366.0,1700,0.0,0
2022-06-13,362.0,364.0,362.0,363.0,3300,0.0,0
2022-06-14,366.0,368.0,364.0,368.0,21700,0.0,0
2022-06-15,368.0,368.0,365.0,365.0,14000,0.0,0
2022-06-16,368.0,368.0,363.0,363.0,6500,0.0,0
2022-06-17,361.0,362.0,360.0,362.0,23300,0.0,0
2022-06-20,363.0,364.0,359.0,359.0,3800,0.0,0
2022-06-21,360.0,363.0,359.0,363.0,5700,0.0,0
2022-06-22,367.0,367.0,364.0,366.0,5500,0.0,0
2022-06-23,363.0,366.0,363.0,366.0,5300,0.0,0
2022-06-24,366.0,366.0,363.0,364.0,6700,0.0,0
2022-06-27,366.0,368.0,365.0,365.0,5000,0.0,0
2022-06-28,368.0,368.0,365.0,368.0,3500,0.0,0
2022-06-29,367.0,368.0,366.0,368.0,4100,0.0,0
2022-06-30,368.0,368.0,367.0,368.0,4800,0.0,0
2022-07-01,368.0,368.0,364.0,367.0,4000,0.0,0
2022-07-04,370.0,370.0,368.0,369.0,9800,0.0,0
2022-07-05,369.0,371.0,369.0,370.0,8400,0.0,0
2022-07-06,370.0,374.0,370.0,374.0,22000,0.0,0
2022-07-07,375.0,380.0,373.0,380.0,30100,0.0,0
2022-07-08,380.0,383.0,378.0,382.0,12400,0.0,0
2022-07-11,384.0,388.0,382.0,383.0,30000,0.0,0
2022-07-12,385.0,385.0,380.0,381.0,18000,0.0,0
2022-07-13,383.0,385.0,380.0,382.0,24800,0.0,0
2022-07-14,383.0,387.0,381.0,387.0,24900,0.0,0
2022-07-15,374.0,380.0,373.0,373.0,54000,0.0,0
2022-07-19,375.0,380.0,374.0,377.0,11000,0.0,0
2022-07-20,382.0,387.0,380.0,380.0,13100,0.0,0
2022-07-21,380.0,382.0,379.0,382.0,16600,0.0,0
2022-07-22,382.0,383.0,380.0,382.0,11900,0.0,0
2022-07-25,384.0,385.0,381.0,385.0,17500,0.0,0
2022-07-26,386.0,386.0,382.0,385.0,12600,0.0,0
2022-07-27,384.0,387.0,380.0,384.0,13400,0.0,0
2022-07-28,385.0,385.0,382.0,383.0,10000,0.0,0
2022-07-29,379.0,379.0,367.0,369.0,20900,0.0,0
2022-08-01,370.0,371.0,369.0,371.0,27500,0.0,0
2022-08-02,367.0,368.0,364.0,365.0,10500,0.0,0
2022-08-03,364.0,364.0,364.0,364.0,5800,0.0,0
2022-08-04,364.0,364.0,361.0,362.0,8900,0.0,0
2022-08-05,362.0,366.0,362.0,365.0,5800,0.0,0
2022-08-08,361.0,367.0,361.0,364.0,11800,0.0,0
2022-08-09,367.0,369.0,365.0,366.0,3900,0.0,0
2022-08-10,370.0,370.0,366.0,367.0,4700,0.0,0
2022-08-12,369.0,385.0,367.0,372.0,27800,0.0,0
2022-08-15,372.0,373.0,368.0,371.0,18500,0.0,0
2022-08-16,373.0,380.0,363.0,371.0,19600,0.0,0
2022-08-17,373.0,373.0,368.0,370.0,2500,0.0,0
2022-08-18,371.0,372.0,368.0,368.0,1500,0.0,0
2022-08-19,368.0,368.0,365.0,365.0,4700,0.0,0
2022-08-22,365.0,365.0,362.0,363.0,10600,0.0,0
2022-08-23,363.0,364.0,361.0,363.0,7300,0.0,0
2022-08-24,364.0,373.0,364.0,368.0,7900,0.0,0
2022-08-25,370.0,370.0,366.0,369.0,5300,0.0,0
2022-08-26,373.0,373.0,366.0,368.0,2800,0.0,0
2022-08-29,362.0,364.0,362.0,363.0,9100,0.0,0
2022-08-30,362.0,366.0,362.0,366.0,5300,0.0,0
2022-08-31,362.0,363.0,362.0,363.0,4700,0.0,0
2022-09-01,362.0,365.0,362.0,362.0,8300,0.0,0
2022-09-02,364.0,364.0,362.0,362.0,3900,0.0,0
2022-09-05,365.0,368.0,359.0,366.0,15700,0.0,0
2022-09-06,362.0,363.0,358.0,359.0,10200,0.0,0
2022-09-07,360.0,360.0,357.0,357.0,5300,0.0,0
2022-09-08,357.0,362.0,357.0,359.0,12700,0.0,0
2022-09-09,359.0,362.0,359.0,361.0,4300,0.0,0
2022-09-12,362.0,364.0,358.0,360.0,31700,0.0,0
2022-09-13,360.0,362.0,356.0,356.0,13900,0.0,0
2022-09-14,357.0,362.0,357.0,362.0,13900,0.0,0
2022-09-15,356.0,362.0,355.0,358.0,25600,0.0,0
2022-09-16,358.0,360.0,355.0,355.0,9500,0.0,0
